deviceId,timestamp,accel_x,accel_y,accel_z,speed,latitude,longitude,acceleration_magnitude,speed_change,time_diff,acceleration_change,gps_distance,gps_speed,speed_gps_difference,speed_gps_ratio
zRYzhAEAHAABAAAKCRtcAAsANAB0gBAQ,2020-08-17 11:31:11.000,0.0,7.0,7.0,0.0,,,9.899494936611665,0.0,,0.0,0.0,0.0,0.0,0.0
zRYzhAEAHAABAAAKCRtcAAsANAB0gBAQ,2020-08-17 11:44:55.000,0.0,6.5,7.0,0.0,13.049841,80.24347,9.5524865872714,0.0,824.0,-0.3470083493402658,0.0,0.0,0.0,0.0
zRYzhAEAHAABAAAKCRtcAAsANAB0gBAQ,2020-08-17 11:45:55.000,0.0,7.0,7.0,0.0,13.049841,80.24347,9.899494936611665,0.0,60.0,0.3470083493402658,0.0,0.0,0.0,0.0
zRYzhAEAHAABAAAKCRtcAAsANAB0gBAQ,2020-08-17 11:46:57.000,0.0,6.5,7.0,0.0,13.049841,80.24347,9.5524865872714,0.0,62.0,-0.3470083493402658,0.0,0.0,0.0,0.0
zRYzhAEAHAABAAAKCRtcAAsANAB0gBAQ,2020-08-17 11:47:57.000,0.0,6.5,7.0,0.0,13.049841,80.24347,9.5524865872714,0.0,60.0,0.0,0.0,0.0,0.0,0.0
zRYzhAEAHAABAAAKCRtcAAsANAB0gBAQ,2020-08-17 11:48:59.000,0.0,6.5,7.0,0.0,13.049841,80.24347,9.5524865872714,0.0,62.0,0.0,0.0,0.0,0.0,0.0
zRYzhAEAHAABAAAKCRtcAAsANAB0gBAQ,2020-08-17 11:50:00.000,0.0,6.5,7.0,0.0,13.049841,80.24347,9.5524865872714,0.0,61.0,0.0,0.0,0.0,0.0,0.0
zRYzhAEAHAABAAAKCRtcAAsANAB0gBAQ,2020-08-17 11:51:00.000,0.0,7.0,7.0,0.0,13.05003,80.24352,9.899494936611665,0.0,60.0,0.3470083493402658,21.702542470544195,1.3021525482326517,1.3021525482326517,0.0
zRYzhAEAHAABAAAKCRtcAAsANAB0gBAQ,2020-08-17 11:52:01.000,0.0,7.0,7.0,0.0,13.05003,80.24352,9.899494936611665,0.0,61.0,0.0,0.0,0.0,0.0,0.0
zRYzhAEAHAABAAAKCRtcAAsANAB0gBAQ,2020-08-17 11:53:01.000,0.0,7.0,7.0,0.0,13.05003,80.24352,9.899494936611665,0.0,60.0,0.0,0.0,0.0,0.0,0.0
zRYzhAEAHAABAAAKCRtcAAsANAB0gBAQ,2020-08-17 11:54:01.000,0.0,7.0,7.0,0.0,13.05003,80.24352,9.899494936611665,0.0,60.0,0.0,0.0,0.0,0.0,0.0
zRYzhAEAHAABAAAKCRtcAAsANAB0gBAQ,2020-08-17 12:02:37.000,0.5,-1.0,9.5,0.0,,,9.565563234854496,0.0,516.0,-0.33393170175716946,0.0,0.0,0.0,0.0
zRYzhAEAHAABAAAKCRtcAAsANAB0gBAQ,2020-08-17 12:02:37.764,0.5,-1.0,9.5,0.0,,,9.565563234854496,0.0,0.764,0.0,0.0,0.0,0.0,0.0
zRYzhAEAHAABAAAKCRtcAAsANAB0gBAQ,2020-08-17 12:02:38.066,0.5,-1.0,9.5,0.0,,,9.565563234854496,0.0,0.302,0.0,0.0,0.0,0.0,0.0
zRYzhAEAHAABAAAKCRtcAAsANAB0gBAQ,2020-08-17 12:03:32.000,0.5,-1.0,9.5,0.0,,,9.565563234854496,0.0,53.934,0.0,0.0,0.0,0.0,0.0
zRYzhAEAHAABAAAKCRtcAAsANAB0gBAQ,2020-08-17 12:04:32.000,1.0,-0.5,8.5,0.0,,,8.573214099741124,0.0,60.0,-0.992349135113372,0.0,0.0,0.0,0.0
zRYzhAEAHAABAAAKCRtcAAsANAB0gBAQ,2020-08-17 12:05:32.000,0.5,-2.5,10.0,0.0,,,10.319883720275147,0.0,60.0,1.746669620534023,0.0,0.0,0.0,0.0
zRYzhAEAHAABAAAKCRtcAAsANAB0gBAQ,2020-08-17 12:06:28.000,1.0,-2.0,9.0,0.0,,,9.273618495495704,0.0,56.0,-1.046265224779443,0.0,0.0,0.0,0.0
zRYzhAEAHAABAAAKCRtcAAsANAB0gBAQ,2020-08-17 12:06:32.000,1.0,-2.0,9.0,0.0,,,9.273618495495704,0.0,4.0,0.0,0.0,0.0,0.0,0.0
zRYzhAEAHAABAAAKCRtcAAsANAB0gBAQ,2020-08-17 12:07:32.000,1.0,-0.5,11.0,0.0,,,11.05667219374799,0.0,60.0,1.7830536982522869,0.0,0.0,0.0,0.0
zRYzhAEAHAABAAAKCRtcAAsANAB0gBAQ,2020-08-17 12:08:32.000,0.5,0.0,11.0,0.0,,,11.01135777277262,0.0,60.0,-0.045314420975371306,0.0,0.0,0.0,0.0
zRYzhAEAHAABAAAKCRtcAAsANAB0gBAQ,2020-08-17 12:09:33.000,1.0,-0.5,9.5,0.0,13.049661,80.24322,9.565563234854496,0.0,61.0,-1.4457945379181236,0.0,0.0,0.0,0.0
zRYzhAEAHAABAAAKCRtcAAsANAB0gBAQ,2020-08-17 12:10:33.000,1.0,-1.5,10.5,0.0,13.049782,80.24351,10.653637876331258,0.0,60.0,1.0880746414767621,34.17381006207095,2.050428603724257,2.050428603724257,0.0
zRYzhAEAHAABAAAKCRtcAAsANAB0gBAQ,2020-08-17 12:10:34.000,1.0,-1.5,9.0,0.0,13.049782,80.24351,9.17877987534291,0.0,1.0,-1.4748580009883483,0.0,0.0,0.0,0.0
zRYzhAEAHAABAAAKCRtcAAsANAB0gBAQ,2020-08-17 12:11:32.000,0.5,-2.0,11.0,0.0,13.049866,80.24335,11.191514642799696,0.0,58.0,2.012734767456786,19.688344517359454,1.2220351769395523,1.2220351769395523,0.0
zRYzhAEAHAABAAAKCRtcAAsANAB0gBAQ,2020-08-17 12:11:34.000,0.5,-2.0,11.0,0.0,13.049866,80.24335,11.191514642799696,0.0,2.0,0.0,0.0,0.0,0.0,0.0
zRYzhAEAHAABAAAKCRtcAAsANAB0gBAQ,2020-08-17 12:12:34.000,0.5,0.0,9.0,0.0,13.049866,80.24335,9.013878188659973,0.0,60.0,-2.177636454139723,0.0,0.0,0.0,0.0
zRYzhAEAHAABAAAKCRtcAAsANAB0gBAQ,2020-08-17 12:13:34.000,1.0,-0.5,9.5,0.0,13.049677,80.24332,9.565563234854496,0.0,60.0,0.5516850461945229,21.265608626105873,1.2759365175663524,1.2759365175663524,0.0
zRYzhAEAHAABAAAKCRtcAAsANAB0gBAQ,2020-08-17 12:14:34.000,0.5,-1.0,10.0,0.0,13.049886,80.24341,10.062305898749054,0.0,60.0,0.49674266389455823,25.201791136023072,1.5121074681613844,1.5121074681613844,0.0
zRYzhAEAHAABAAAKCRtcAAsANAB0gBAQ,2020-08-17 12:15:32.000,1.0,-1.0,9.0,0.0,13.049891,80.24336,9.1104335791443,0.0,58.0,-0.9518723196047549,5.444620279515301,0.3379419483837084,0.3379419483837084,0.0
zRYzhAEAHAABAAAKCRtcAAsANAB0gBAQ,2020-08-17 12:15:34.000,1.0,-1.0,9.0,0.0,13.049891,80.24336,9.1104335791443,0.0,2.0,0.0,0.0,0.0,0.0,0.0
zRYzhAEAHAABAAAKCRtcAAsANAB0gBAQ,2020-08-17 12:15:37.000,0.5,-0.5,9.0,0.0,13.049891,80.24336,9.027735042633894,0.0,3.0,-0.08269853651040471,0.0,0.0,0.0,0.0
zRYzhAEAHAABAAAKCRtcAAsANAB0gBAQ,2020-08-17 12:23:38.103,1.5,-9.0,0.5,0.0,,,9.137833441248533,0.0,481.103,0.11009839861463888,0.0,0.0,0.0,0.0
zRYzhAEAHAABAAAKCRtcAAsANAB0gBAQ,2020-08-17 12:23:38.405,1.5,-9.0,0.5,0.0,,,9.137833441248533,0.0,0.302,0.0,0.0,0.0,0.0,0.0
zRYzhAEAHAABAAAKCRtcAAsANAB0gBAQ,2020-08-17 12:24:29.000,1.5,-9.5,0.5,0.0,,,9.630680142129112,0.0,50.595,0.4928467008805786,0.0,0.0,0.0,0.0
zRYzhAEAHAABAAAKCRtcAAsANAB0gBAQ,2020-08-17 12:25:29.000,4.0,-9.0,1.0,0.0,,,9.899494936611665,0.0,60.0,0.2688147944825534,0.0,0.0,0.0,0.0
zRYzhAEAHAABAAAKCRtcAAsANAB0gBAQ,2020-08-17 12:26:29.000,4.0,-8.5,1.0,0.0,,,9.447221813845593,0.0,60.0,-0.4522731227660728,0.0,0.0,0.0,0.0
zRYzhAEAHAABAAAKCRtcAAsANAB0gBAQ,2020-08-17 12:27:25.000,4.0,-8.5,1.5,0.0,,,9.513148795220223,0.0,56.0,0.0659269813746306,0.0,0.0,0.0,0.0
zRYzhAEAHAABAAAKCRtcAAsANAB0gBAQ,2020-08-17 12:27:29.000,4.0,-8.5,1.5,0.0,,,9.513148795220223,0.0,4.0,0.0,0.0,0.0,0.0,0.0
zRYzhAEAHAABAAAKCRtcAAsANAB0gBAQ,2020-08-17 12:28:29.000,4.0,-8.5,1.5,0.0,,,9.513148795220223,0.0,60.0,0.0,0.0,0.0,0.0,0.0
zRYzhAEAHAABAAAKCRtcAAsANAB0gBAQ,2020-08-17 12:28:32.000,4.5,-8.5,1.5,0.0,,,9.733961166965893,0.0,3.0,0.22081237174566937,0.0,0.0,0.0,0.0
zRYzhAEAHAABAAAKCRtcAAsANAB0gBAQ,2020-08-17 12:29:29.000,4.5,-8.0,1.5,0.0,,,9.300537618869138,0.0,57.0,-0.433423548096755,0.0,0.0,0.0,0.0
zRYzhAEAHAABAAAKCRtcAAsANAB0gBAQ,2020-08-17 12:30:29.000,5.5,-8.0,1.5,0.0,,,9.82344135219425,0.0,60.0,0.5229037333251121,0.0,0.0,0.0,0.0
zRYzhAEAHAABAAAKCRtcAAsANAB0gBAQ,2020-08-17 12:31:29.000,5.5,-8.0,1.5,0.0,,,9.82344135219425,0.0,60.0,0.0,0.0,0.0,0.0,0.0
zRYzhAEAHAABAAAKCRtcAAsANAB0gBAQ,2020-08-17 12:32:29.000,5.5,-8.0,1.5,0.0,,,9.82344135219425,0.0,60.0,0.0,0.0,0.0,0.0,0.0
zRYzhAEAHAABAAAKCRtcAAsANAB0gBAQ,2020-08-17 12:33:30.000,7.0,-7.0,0.5,0.0,,,9.912113800799505,0.0,61.0,0.08867244860525503,0.0,0.0,0.0,0.0
zRYzhAEAHAABAAAKCRtcAAsANAB0gBAQ,2020-08-17 12:33:32.000,6.5,-7.0,0.5,0.0,,,9.565563234854496,0.0,2.0,-0.34655056594500877,0.0,0.0,0.0,0.0
zRYzhAEAHAABAAAKCRtcAAsAtwB1gBAQ,2020-08-17 10:38:20.000,0.1,-9.400001,4.0,0.0,,,10.216164583639058,0.0,,0.0,25.841654944943237,18.37141996819203,18.37141996819203,0.0
zRYzhAEAHAABAAAKCRtcAAsAtwB1gBAQ,2020-08-17 10:38:25.000,0.3,-8.8,3.75,0.0,,,9.570397065952907,0.0,5.0,-0.645767517686151,25.841654944943237,18.37141996819203,18.37141996819203,0.0
zRYzhAEAHAABAAAKCRtcAAsAtwB1gBAQ,2020-08-17 10:38:32.000,1.0,-8.400001,3.5,7.0,,,9.154781089682102,7.0,7.0,-0.4156159762708054,25.841654944943237,18.37141996819203,11.37141996819203,0.36135709263926113
zRYzhAEAHAABAAAKCRtcAAsAtwB1gBAQ,2020-08-17 10:38:42.000,0.6,-7.4000006,5.0,8.0,,,8.95097809627531,1.0,10.0,-0.2038029934067911,25.841654944943237,18.37141996819203,10.37141996819203,0.41297953444486984
zRYzhAEAHAABAAAKCRtcAAsAtwB1gBAQ,2020-08-17 10:38:47.000,0.09999999,-8.8,5.0,4.0,,,10.12175874035733,-4.0,5.0,1.1707806440820203,25.841654944943237,18.37141996819203,14.37141996819203,0.20648976722243492
zRYzhAEAHAABAAAKCRtcAAsAtwB1gBAQ,2020-08-17 10:38:52.000,-0.5,-8.8,3.25,7.0,,,9.394280174659473,3.0,5.0,-0.727478565697858,25.841654944943237,18.37141996819203,11.37141996819203,0.36135709263926113
zRYzhAEAHAABAAAKCRtcAAsAtwB1gBAQ,2020-08-17 10:38:57.000,-1.3000001,-10.400001,6.25,9.0,,,12.202971812636502,2.0,5.0,2.808691637977029,25.841654944943237,18.37141996819203,9.37141996819203,0.4646019762504786
zRYzhAEAHAABAAAKCRtcAAsAtwB1gBAQ,2020-08-17 10:39:02.000,0.70000005,-9.2,3.5,9.0,,,9.868130525585887,0.0,5.0,-2.334841287050615,25.841654944943237,18.37141996819203,9.37141996819203,0.4646019762504786
zRYzhAEAHAABAAAKCRtcAAsAtwB1gBAQ,2020-08-17 10:39:08.000,3.1000001,-8.599999,3.0,25.0,13.328913,74.742645,9.621329607699812,16.0,6.0,-0.24680091788607506,25.841654944943237,18.37141996819203,6.628580031807971,1.2905610451402183
zRYzhAEAHAABAAAKCRtcAAsAtwB1gBAQ,2020-08-17 10:39:37.000,1.3,-7.2000003,4.75,34.0,13.328809,74.7425,8.72310176026854,9.0,29.0,-0.8982278474312722,19.490396189786672,2.4194974580424837,31.580502541957514,9.942981510348467
zRYzhAEAHAABAAAKCRtcAAsAtwB1gBAQ,2020-08-17 10:39:45.000,-2.7,-13.2,8.75,38.0,13.328234,74.74219,16.065257545399014,4.0,8.0,7.342155785130474,72.20119315928083,32.49053692167637,5.509463078323627,1.1346488737660376
zRYzhAEAHAABAAAKCRtcAAsAtwB1gBAQ,2020-08-17 10:39:50.000,-4.6,-7.8,7.75,36.0,13.327765,74.74179,11.918997441060217,-2.0,5.0,-4.146260104338797,67.77039283227971,48.794682839241396,12.794682839241396,0.7229687578535935
zRYzhAEAHAABAAAKCRtcAAsAtwB1gBAQ,2020-08-17 10:39:55.000,2.8,-4.3999996,0.75,37.0,13.327501,74.74152,5.269012856313805,1.0,5.0,-6.649984584746412,41.415022379957,29.818816113569046,7.181183886430954,1.2005652606398944
zRYzhAEAHAABAAAKCRtcAAsAtwB1gBAQ,2020-08-17 10:40:00.000,-1.2999998,-12.6,2.75,27.0,13.327031,74.741264,12.961963565756541,-10.0,5.0,7.692950709442736,59.1483504012501,42.58681228890007,15.58681228890007,0.6194534213936056
zRYzhAEAHAABAAAKCRtcAAsAtwB1gBAQ,2020-08-17 10:40:05.000,-0.10000009,-8.799999,5.5,23.0,13.326749,74.74117,10.377860204203996,-4.0,5.0,-2.584103361552545,32.965219888296325,23.734958319573355,0.7349583195733551,0.9298580455581184
zRYzhAEAHAABAAAKCRtcAAsAtwB1gBAQ,2020-08-17 10:40:15.000,0.79999995,-8.4,0.75,20.0,13.326284,74.741,8.471274987863397,-3.0,10.0,-1.9065852163405985,54.88002308221777,19.756808309598398,0.24319169040160205,0.963539273557369
zRYzhAEAHAABAAAKCRtcAAsAtwB1gBAQ,2020-08-17 10:40:25.000,0.20000018,-8.8,3.5,19.0,13.326047,74.74113,9.472592046108607,-1.0,10.0,1.0013170582452098,29.872169763705624,10.753981114934025,8.246018885065975,1.616473585775933
zRYzhAEAHAABAAAKCRtcAAsAtwB1gBAQ,2020-08-17 10:40:30.000,1.6999999,-8.8,3.75,26.0,13.326264,74.741325,9.715580253386825,7.0,5.0,0.24298820727821813,32.05304962497967,23.078195729985364,2.9218042700146363,1.079815127826266
zRYzhAEAHAABAAAKCRtcAAsAtwB1gBAQ,2020-08-17 10:40:32.000,1.6999999,-8.8,3.75,26.0,13.326264,74.741325,9.715580253386825,0.0,2.0,0.0,0.0,0.0,26.0,26.0
zRYzhAEAHAABAAAKCRtcAAsAtwB1gBAQ,2020-08-17 10:40:37.000,0.8000002,-7.7999997,3.25,27.0,13.326613,74.74162,8.487785084461088,1.0,5.0,-1.2277951689257378,50.24760682235832,36.17827691209799,9.178276912097992,0.7262305368222718
zRYzhAEAHAABAAAKCRtcAAsAtwB1gBAQ,2020-08-17 10:40:42.000,0.6999999,-10.0,3.25,23.0,13.326783,74.74174,10.538144991410965,-4.0,5.0,2.0503599069498772,22.93283241743063,16.511639340550055,6.4883606594499454,1.313412157064077
zRYzhAEAHAABAAAKCRtcAAsAtwB1gBAQ,2020-08-17 11:00:08.000,0.7,-8.6,3.25,0.0,13.327329,74.74165,9.220222340052326,-23.0,1166.0,-1.3179226513586393,61.48844284642726,18.37141996819203,18.37141996819203,0.0
zRYzhAEAHAABAAAKCRtcAAsAtwB1gBAQ,2020-08-17 11:00:13.000,0.7,-8.6,3.5,0.0,13.327329,74.74165,9.311283477587823,0.0,5.0,0.0910611375354975,0.0,0.0,0.0,0.0
zRYzhAEAHAABAAAKCRtcAAsAtwB1gBAQ,2020-08-17 11:01:04.000,1.1,-8.600001,3.25,0.0,13.327169,74.74186,9.259185558136364,0.0,51.0,-0.05209791945145881,28.858607854633103,2.037078201503513,2.037078201503513,0.0
zRYzhAEAHAABAAAKCRtcAAsAtwB1gBAQ,2020-08-17 11:01:08.000,1.1,-8.600001,3.25,0.0,13.327169,74.74186,9.259185558136364,0.0,4.0,0.0,0.0,0.0,0.0,0.0
zRYzhAEAHAABAAAKCRtcAAsAtwB1gBAQ,2020-08-17 11:01:10.000,1.1,-8.6,3.25,0.0,13.327169,74.74186,9.25918462932887,0.0,2.0,-9.288074949154179e-07,0.0,0.0,0.0,0.0
zRYzhAEAHAABAAAKCRtcAAsAtwB1gBAQ,2020-08-17 11:02:03.000,0.6,-8.400001,3.75,0.0,13.327169,74.74186,9.218596248887408,0.0,53.0,-0.04058838044146107,0.0,0.0,0.0,0.0
zRYzhAEAHAABAAAKCRtcAAsAtwB1gBAQ,2020-08-17 11:02:08.000,0.39999995,-8.400001,3.75,0.0,13.327169,74.74186,9.20774221837259,0.0,5.0,-0.010854030514817481,0.0,0.0,0.0,0.0
zRYzhAEAHAABAAAKCRtcAAsAtwB1gBAQ,2020-08-17 11:03:03.000,0.8999999,-8.800001,3.25,0.0,13.327169,74.74186,9.424039336717616,0.0,55.0,0.2162971183450253,0.0,0.0,0.0,0.0
zRYzhAEAHAABAAAKCRtcAAsAtwB1gBAQ,2020-08-17 11:03:08.000,0.8999999,-8.800001,3.25,0.0,13.327169,74.74186,9.424039336717616,0.0,5.0,0.0,0.0,0.0,0.0,0.0
zRYzhAEAHAABAAAKCRtcAAsAtwB1gBAQ,2020-08-17 11:03:10.000,0.8,-8.800001,3.25,0.0,13.327169,74.74186,9.415015539020688,0.0,2.0,-0.009023797696928071,0.0,0.0,0.0,0.0
zRYzhAEAHAABAAAKCRtcAAsAtwB1gBAQ,2020-08-17 11:04:08.000,0.6999999,-8.6,3.75,0.0,13.327169,74.74186,9.408108197719667,0.0,58.0,-0.006907341301021219,0.0,0.0,0.0,0.0
zRYzhAEAHAABAAAKCRtcAAsAtwB1gBAQ,2020-08-17 11:05:06.000,1.0999999,-8.8,3.25,0.0,13.327169,74.74186,9.445236883212619,0.0,58.0,0.03712868549295223,0.0,0.0,0.0,0.0
zRYzhAEAHAABAAAKCRtcAAsAtwB1gBAQ,2020-08-17 11:05:08.000,1.0999999,-8.8,3.25,0.0,13.327169,74.74186,9.445236883212619,0.0,2.0,0.0,0.0,0.0,0.0,0.0
zRYzhAEAHAABAAAKCRtcAAsAtwB1gBAQ,2020-08-17 11:05:11.000,0.7,-8.8,3.75,0.0,13.327169,74.74186,9.59127207413073,0.0,3.0,0.146035190918111,0.0,0.0,0.0,0.0
zRYzhAEAHAABAAAKCRtcAAsAtwB1gBAQ,2020-08-17 11:05:26.000,0.9,-8.400002,3.75,18.0,13.327169,74.74186,9.242972119399907,18.0,15.0,-0.3482999547308232,0.0,0.0,18.0,18.0
zRYzhAEAHAABAAAKCRtcAAsAtwB1gBAQ,2020-08-17 11:05:31.000,0.89999986,-7.8,4.25,18.0,13.327169,74.74186,8.928185691841318,0.0,5.0,-0.3147864275585892,0.0,0.0,18.0,18.0
zRYzhAEAHAABAAAKCRtcAAsAtwB1gBAQ,2020-08-17 11:05:42.000,1.4,-6.6000004,3.75,32.0,13.327602,74.742294,7.718970480575772,14.0,11.0,-1.2092152112655459,67.25558826179105,22.01091979476798,9.989080205232021,1.390644106598289
zRYzhAEAHAABAAAKCRtcAAsAtwB1gBAQ,2020-08-17 11:05:47.000,0.29999983,-9.000002,3.0,41.0,13.328092,74.74277,9.491577102779287,9.0,5.0,1.772606622203515,74.97503682003885,53.98202651042798,12.982026510427978,0.7456982327165382
zRYzhAEAHAABAAAKCRtcAAsAtwB1gBAQ,2020-08-17 11:05:52.000,1.0,-8.6,4.0,41.0,13.32833,74.743,9.53729521405309,0.0,5.0,0.04571811127380343,36.32735113416946,26.155692816602013,14.844307183397987,1.5098123357373552
zRYzhAEAHAABAAAKCRtcAAsAtwB1gBAQ,2020-08-17 11:05:57.000,0.19999984,-9.600002,3.5,38.0,13.328873,74.74351,10.220080153110544,-3.0,5.0,0.6827849390574539,81.79636389049416,58.89338200115581,20.893382001155807,0.6344607489232564
zRYzhAEAHAABAAAKCRtcAAsAtwB1gBAQ,2020-08-17 11:06:02.000,0.9,-9.6,3.5,32.0,13.329114,74.743805,10.25768004960186,-6.0,5.0,0.03759989649131512,41.676690404326955,30.007217091115407,1.9927829088845925,1.0320178010805445
zRYzhAEAHAABAAAKCRtcAAsAtwB1gBAQ,2020-08-17 11:06:07.000,0.89999986,-8.800002,3.5,8.0,13.329361,74.74414,9.513150632046358,-24.0,5.0,-0.7445294175555013,45.47710210854242,32.74351351815054,24.743513518150543,0.237082602429555
zRYzhAEAHAABAAAKCRtcAAsAtwB1gBAQ,2020-08-17 11:06:08.000,0.89999986,-8.800002,3.5,8.0,13.329361,74.74414,9.513150632046358,0.0,1.0,0.0,0.0,0.0,8.0,8.0
zRYzhAEAHAABAAAKCRtcAAsAtwB1gBAQ,2020-08-17 11:06:12.000,1.3,-8.8,3.75,13.0,13.329374,74.74419,9.653626261669757,5.0,4.0,0.1404756296233991,5.5997641972972625,5.039787777567536,7.960212222432464,2.1523935076466576
zRYzhAEAHAABAAAKCRtcAAsAtwB1gBAQ,2020-08-17 11:06:17.000,0.49999985,-9.000002,2.75,17.0,13.329239,74.744,9.424040314536224,4.0,5.0,-0.22958594713353264,25.455189791605502,18.327736649955963,1.3277366499559626,0.8795649644801391
zRYzhAEAHAABAAAKCRtcAAsAtwB1gBAQ,2020-08-17 11:06:22.000,1.0999999,-9.000002,3.25,9.0,13.329159,74.74387,9.631850070469536,-8.0,5.0,0.20780975593331164,16.642780226337386,11.982801762962918,2.982801762962918,0.693224788017254
zRYzhAEAHAABAAAKCRtcAAsAtwB1gBAQ,2020-08-17 11:06:27.000,1.2999998,-8.0,3.25,27.0,13.329003,74.743645,8.732267716922108,18.0,5.0,-0.8995823535474283,29.892675514478086,21.522726370424223,5.477273629575777,1.1987891499430159
zRYzhAEAHAABAAAKCRtcAAsAtwB1gBAQ,2020-08-17 11:06:32.000,-0.40000013,-7.600002,4.5,39.0,13.32886,74.74346,8.841381707855623,12.0,5.0,0.10911399093351548,25.563945418248238,18.406040701138732,20.593959298861268,2.0096835104396904
zRYzhAEAHAABAAAKCRtcAAsAtwB1gBAQ,2020-08-17 11:06:37.000,0.59999985,-9.2,3.5,43.0,13.328372,74.742905,9.861541452531648,4.0,5.0,1.0201597446760253,80.93573693791103,58.27373059529595,15.273730595295952,0.7254478428832442
zRYzhAEAHAABAAAKCRtcAAsAtwB1gBAQ,2020-08-17 11:06:47.000,1.5999999,-8.0,3.25,44.0,13.327495,74.74216,8.781941680516901,1.0,10.0,-1.0795997720147472,126.521025540006,45.54756919440216,1.5475691944021577,0.9452695545977398
zRYzhAEAHAABAAAKCRtcAAsAtwB1gBAQ,2020-08-17 11:06:52.000,0.69999987,-9.600001,4.0,43.0,13.32723,74.74193,10.423531983833552,-1.0,5.0,1.6415903033166508,38.569424461307264,27.76998561214123,15.23001438785877,1.4946131909726628
zRYzhAEAHAABAAAKCRtcAAsAtwB1gBAQ,2020-08-17 11:06:57.000,0.3999999,-9.6,3.5,41.0,13.326627,74.74143,10.225947384961454,-2.0,5.0,-0.19758459887209767,86.1545883196139,62.031303590122,21.031303590122,0.6504704434896909
zRYzhAEAHAABAAAKCRtcAAsAtwB1gBAQ,2020-08-17 11:07:02.000,1.2999998,-8.800001,0.25,27.0,13.326375,74.74125,8.899017759281135,-14.0,5.0,-1.3269296256803198,34.124812172811566,24.569864764424327,2.4301352355756727,1.0559304966510983
zRYzhAEAHAABAAAKCRtcAAsAtwB1gBAQ,2020-08-17 11:07:07.000,0.7999999,-9.0,0.25,7.0,13.326145,74.74103,9.038943513486519,-20.0,5.0,0.13992575420538422,34.938675880841316,25.155846634205748,18.155846634205748,0.26762658834547653
zRYzhAEAHAABAAAKCRtcAAsAtwB1gBAQ,2020-08-17 11:07:08.000,0.7999999,-9.0,0.25,7.0,13.326145,74.74103,9.038943513486519,0.0,1.0,0.0,0.0,0.0,7.0,7.0
zRYzhAEAHAABAAAKCRtcAAsAtwB1gBAQ,2020-08-17 11:07:12.000,-0.2000002,-9.000001,5.0,22.0,13.326145,74.74103,10.297573407361611,15.0,4.0,1.2586298938750922,0.0,0.0,22.0,22.0
zRYzhAEAHAABAAAKCRtcAAsAtwB1gBAQ,2020-08-17 11:07:17.000,1.0999999,-9.000001,4.5,30.0,13.326446,74.74123,10.12225359196266,8.0,5.0,-0.17531981539895014,39.85618581747277,28.696453788580396,1.3035462114196044,1.0102216316325396
zRYzhAEAHAABAAAKCRtcAAsAtwB1gBAQ,2020-08-17 11:07:22.000,1.5999998,-8.2,3.25,29.0,13.326648,74.74142,8.96451333648403,-1.0,5.0,-1.1577402554786307,30.449139984990452,21.92338078919313,7.0766192108068715,1.2650839013096882
zRYzhAEAHAABAAAKCRtcAAsAtwB1gBAQ,2020-08-17 11:07:27.000,-1.1000001,-8.400001,3.75,18.0,13.327043,74.74173,9.264584017644884,-11.0,5.0,0.3000706811608538,55.26498947421008,39.79079242143126,21.790792421431263,0.4412760559793121
zRYzhAEAHAABAAAKCRtcAAsAtwB1gBAQ,2020-08-17 11:07:32.000,0.19999976,-8.4,3.75,5.0,13.32713,74.74181,9.20122273961456,-13.0,5.0,-0.06336127803032454,12.981233842602473,9.34648836667378,4.34648836667378,0.48325575043461966
zRYzhAEAHAABAAAKCRtcAAsAtwB1gBAQ,2020-08-17 11:07:37.000,0.2999999,-9.000001,3.25,1.0,13.327187,74.741875,9.573532155897373,-4.0,5.0,0.372309416282814,9.467582482995038,6.816659387756427,5.816659387756427,0.1279318888534843
zRYzhAEAHAABAAAKCRtcAAsAtwB1gBAQ,2020-08-17 11:07:42.000,0.5999998,-9.000001,3.25,1.0,13.327187,74.741875,9.587623154880516,0.0,5.0,0.01409099898314281,0.0,0.0,1.0,1.0
zRYzhAEAHAABAAAKCRtcAAsAtwB1gBAQ,2020-08-17 11:07:47.000,0.7999999,-9.0,3.5,1.0,13.327187,74.741875,9.689685229149605,0.0,5.0,0.10206207426908875,0.0,0.0,1.0,1.0
zRYzhAEAHAABAAAKCRtcAAsAtwB1gBAQ,2020-08-17 11:08:03.000,0.8999999,-8.800001,3.75,1.0,13.327187,74.741875,9.607940331829763,0.0,16.0,-0.08174489731984202,0.0,0.0,1.0,1.0
zRYzhAEAHAABAAAKCRtcAAsAtwB1gBAQ,2020-08-17 11:08:08.000,0.5999998,-8.800001,3.75,1.0,13.327187,74.741875,9.58449358912619,0.0,5.0,-0.023446742703573165,0.0,0.0,1.0,1.0
zRYzhAEAHAABAAAKCRtcAAsAtwB1gBAQ,2020-08-17 11:08:13.000,0.99999994,-8.800001,3.25,1.0,13.327187,74.741875,9.434114557286286,0.0,5.0,-0.1503790318399041,0.0,0.0,1.0,1.0
zRYzhAEAHAABAAAKCRtcAAsAtwB1gBAQ,2020-08-17 11:09:08.000,0.7999999,-8.800001,3.25,1.0,13.327187,74.741875,9.415015530523624,0.0,55.0,-0.019099026762662064,0.0,0.0,1.0,1.0
zRYzhAEAHAABAAAKCRtcAAsAtwB1gBAQ,2020-08-17 11:09:09.000,0.7999999,-8.800001,3.25,1.0,13.327187,74.741875,9.415015530523624,0.0,1.0,0.0,0.0,0.0,1.0,1.0
zRYzhAEAHAABAAAKCRtcAAsAtwB1gBAQ,2020-08-17 11:09:13.000,0.5999998,-8.4,3.25,1.0,13.327187,74.741875,9.026765741947669,0.0,4.0,-0.3882497885759548,0.0,0.0,1.0,1.0
zRYzhAEAHAABAAAKCRtcAAsAtwB1gBAQ,2020-08-17 11:10:08.000,1.0999998,-8.599999,3.25,1.0,13.327187,74.741875,9.2591836767612,0.0,55.0,0.23241793481353135,0.0,0.0,1.0,1.0
zRYzhAEAHAABAAAKCRtcAAsAtwB1gBAQ,2020-08-17 11:10:09.000,1.0999998,-8.599999,3.25,1.0,13.327187,74.741875,9.2591836767612,0.0,1.0,0.0,0.0,0.0,1.0,1.0
zRYzhAEAHAABAAAKCRtcAAsAtwB1gBAQ,2020-08-17 11:10:13.000,0.79999995,-8.800001,3.25,1.0,13.327187,74.741875,9.415015534772156,0.0,4.0,0.15583185801095567,0.0,0.0,1.0,1.0
zRYzhAEAHAABAAAKCRtcAAsAtwB1gBAQ,2020-08-17 11:10:29.000,0.7999998,-8.4,3.5,3.0,13.327187,74.741875,9.135097135772561,2.0,16.0,-0.2799183989995946,0.0,0.0,3.0,3.0
zRYzhAEAHAABAAAKCRtcAAsAtwB1gBAQ,2020-08-17 11:10:34.000,1.5999999,-8.4,3.5,3.0,13.327187,74.741875,9.239588718119439,0.0,5.0,0.10449158234687772,0.0,0.0,3.0,3.0
zRYzhAEAHAABAAAKCRtcAAsAtwB1gBAQ,2020-08-17 11:10:39.000,-0.50000024,-10.600001,5.25,12.0,13.327187,74.741875,11.839447683063643,9.0,5.0,2.599858964944204,0.0,0.0,12.0,12.0
zRYzhAEAHAABAAAKCRtcAAsAtwB1gBAQ,2020-08-17 11:10:44.000,3.3,-8.599999,-0.25,13.0,13.327331,74.742,9.214796948386926,1.0,5.0,-2.6246507346767167,20.959800743760564,15.091056535507606,2.0910565355076063,0.807902201531225
zRYzhAEAHAABAAAKCRtcAAsAtwB1gBAQ,2020-08-17 11:10:49.000,0.29999977,-8.400002,4.0,13.0,13.327503,74.74212,9.308599973250761,0.0,5.0,0.09380302486383485,23.11646576768034,16.643855352729844,3.643855352729844,0.7368004180553799
zRYzhAEAHAABAAAKCRtcAAsAtwB1gBAQ,2020-08-17 11:10:54.000,0.2999999,-8.4,3.0,10.0,13.327587,74.74216,8.924684865024648,-3.0,5.0,-0.3839151082261125,10.294379612154067,7.4119533207509285,2.5880466792490715,1.188784532996827
zRYzhAEAHAABAAAKCRtcAAsAtwB1gBAQ,2020-08-17 11:11:04.000,0.6999998,-9.200002,3.75,4.0,13.327737,74.74231,9.959544995631278,-6.0,10.0,1.0348601306066296,23.272534074367645,8.378112266772353,4.378112266772353,0.4265250709540367
zRYzhAEAHAABAAAKCRtcAAsAtwB1gBAQ,2020-08-17 11:11:09.000,0.5999999,-8.799999,3.5,1.0,13.327823,74.74238,9.489466912319205,-3.0,5.0,-0.4700780833120728,12.198855343157014,8.78317584707305,7.78317584707305,0.10221629618353247
zRYzhAEAHAABAAAKCRtcAAsAtwB1gBAQ,2020-08-17 11:11:14.000,1.1999998,-8.799999,3.0,1.0,13.327823,74.74238,9.374432351881422,0.0,5.0,-0.11503456043778293,0.0,0.0,1.0,1.0
zRYzhAEAHAABAAAKCRtcAAsAtwB1gBAQ,2020-08-17 11:11:49.000,0.5999999,-7.6000023,9.0,20.0,13.327823,74.74238,11.794915635137256,19.0,35.0,2.420483283255834,0.0,0.0,20.0,20.0
zRYzhAEAHAABAAAKCRtcAAsAtwB1gBAQ,2020-08-17 11:11:54.000,0.3999998,-8.599999,5.25,37.0,13.328037,74.74252,10.083773234261123,17.0,5.0,-1.711142400876133,28.20812336207883,20.309848820696757,16.690151179303243,1.7362863674595619
zRYzhAEAHAABAAAKCRtcAAsAtwB1gBAQ,2020-08-17 11:11:59.000,0.4999999,-8.800002,3.25,35.0,13.328565,74.74301,9.394282042817535,-2.0,5.0,-0.6894911914435884,79.10673585068488,56.95684981249312,21.956849812493118,0.6038975567725807
zRYzhAEAHAABAAAKCRtcAAsAtwB1gBAQ,2020-08-17 11:12:04.000,0.8999998,-7.9999995,3.75,40.0,13.328768,74.74322,8.881018615001338,5.0,5.0,-0.5132634278161969,32.02823343263444,23.060328071496798,16.939671928503202,1.6624877217441696
zRYzhAEAHAABAAAKCRtcAAsAtwB1gBAQ,2020-08-17 11:12:09.000,1.6999999,-7.9999995,3.75,37.0,13.329032,74.743515,8.997360260654247,-3.0,5.0,0.11634164565290916,43.36541008094562,31.223095258280846,5.776904741719154,1.1482447512701797
zRYzhAEAHAABAAAKCRtcAAsAtwB1gBAQ,2020-08-17 11:12:10.000,1.6999999,-7.9999995,3.75,37.0,13.329281,74.74382,8.997360260654247,0.0,1.0,0.0,43.077326647207755,155.07837592994792,118.07837592994792,0.23706038571676688
zRYzhAEAHAABAAAKCRtcAAsAtwB1gBAQ,2020-08-17 11:12:19.000,1.0999998,-8.2,5.25,17.0,13.329466,74.74412,9.79859681587114,-20.0,9.0,0.8012365552168923,38.42927230447762,15.371708921791049,1.6282910782089512,1.0383766338144875
zRYzhAEAHAABAAAKCRtcAAsAtwB1gBAQ,2020-08-17 11:12:24.000,0.39999992,-8.600001,4.75,32.0,13.329226,74.74389,9.8327268413193,15.0,5.0,0.03413002544816024,36.489600014885156,26.272512010717314,5.727487989282686,1.1733425944564593
zRYzhAEAHAABAAAKCRtcAAsAtwB1gBAQ,2020-08-17 11:12:29.000,0.49999976,-9.0,4.5,43.0,13.328875,74.743454,10.074720827893945,11.0,5.0,0.241993986574645,61.227259893009474,44.083627122966824,1.0836271229668242,0.9537830636988529
zRYzhAEAHAABAAAKCRtcAAsAtwB1gBAQ,2020-08-17 11:12:34.000,0.5999999,-7.2000012,2.75,45.0,13.32866,74.74319,7.730622042242231,2.0,5.0,-2.3440987856517133,37.24893991997685,26.81923674238333,18.18076325761667,1.617585716557109
zRYzhAEAHAABAAAKCRtcAAsAtwB1gBAQ,2020-08-17 11:12:39.000,-2.4586916e-07,-7.2000012,2.75,47.0,13.328003,74.742584,7.707302853787536,2.0,5.0,-0.023319188454695272,98.16493329857185,70.67875197497173,23.678751974971732,0.655703380778883
zRYzhAEAHAABAAAKCRtcAAsAtwB1gBAQ,2020-08-17 11:12:44.000,0.4999999,-8.6,4.25,50.0,13.327724,74.742325,9.605857582746061,3.0,5.0,1.8985547289585254,41.80652119730598,30.100695262060306,19.899304737939694,1.607681100975094
zRYzhAEAHAABAAAKCRtcAAsAtwB1gBAQ,2020-08-17 11:12:50.000,1.3999997,-9.800001,2.5,48.0,13.327037,74.74174,10.210289847012234,-2.0,6.0,0.6044322642661726,99.20738629349925,59.524431776099554,11.524431776099554,0.7930681642343759
zRYzhAEAHAABAAAKCRtcAAsAtwB1gBAQ,2020-08-17 11:12:55.000,0.2999999,-7.8,2.75,44.0,13.326726,74.74152,8.276019571025676,-4.0,5.0,-1.9342702759865578,41.98243280092681,30.227351616667306,13.772648383332694,1.4090211856619763
zRYzhAEAHAABAAAKCRtcAAsAtwB1gBAQ,2020-08-17 11:13:00.000,0.7999997,-7.8,1.5,14.0,13.326159,74.74109,7.983107134443336,-30.0,5.0,-0.29291243658234034,78.3561634104307,56.4164376555101,42.4164376555101,0.24383261260473651
zRYzhAEAHAABAAAKCRtcAAsAtwB1gBAQ,2020-08-17 11:13:10.000,0.7999997,-8.600001,3.75,1.0,13.326115,74.741066,9.41607756552595,-13.0,10.0,1.4329704310826132,5.539023968351866,1.9940486286066719,0.9940486286066719,0.33399591123720856
zRYzhAEAHAABAAAKCRtcAAsAtwB1gBAQ,2020-08-17 11:13:12.000,0.49999988,-8.400001,3.25,1.0,13.326115,74.741066,9.020671631314434,0.0,2.0,-0.3954059342115155,0.0,0.0,1.0,1.0
zRYzhAEAHAABAAAKCRtcAAsAtwB1gBAQ,2020-08-17 11:13:17.000,0.2999997,-8.400001,4.0,1.0,13.326115,74.741066,9.308599068603238,0.0,5.0,0.2879274372888041,0.0,0.0,1.0,1.0
zRYzhAEAHAABAAAKCRtcAAsAtwB1gBAQ,2020-08-17 11:13:28.000,1.6999999,-8.800001,3.75,4.0,13.326115,74.741066,9.715581159148485,3.0,11.0,0.40698209054524703,0.0,0.0,4.0,4.0
zRYzhAEAHAABAAAKCRtcAAsAtwB1gBAQ,2020-08-17 11:13:33.000,0.89999974,-8.800001,3.5,3.0,13.326115,74.741066,9.513149695658166,-1.0,5.0,-0.20243146349031882,0.0,0.0,3.0,3.0
zRYzhAEAHAABAAAKCRtcAAsAtwB1gBAQ,2020-08-17 11:13:38.000,0.099999905,-8.6,4.0,8.0,13.326115,74.741066,9.485251708889965,5.0,5.0,-0.027897986768200767,0.0,0.0,8.0,8.0
zRYzhAEAHAABAAAKCRtcAAsAtwB1gBAQ,2020-08-17 11:13:43.000,0.5999997,-9.400002,4.0,4.0,13.326115,74.741066,10.23328086392649,-4.0,5.0,0.7480291550365248,0.0,0.0,4.0,4.0
zRYzhAEAHAABAAAKCRtcAAsAtwB1gBAQ,2020-08-17 11:14:03.000,0.7999997,-8.8,3.5,1.0,13.326378,74.741066,9.504209568396528,-3.0,20.0,-0.7290712955299625,29.244265707503548,5.263967827350639,4.263967827350639,0.1596432209682904
zRYzhAEAHAABAAAKCRtcAAsAtwB1gBAQ,2020-08-17 11:14:10.000,0.7999997,-8.800001,3.5,1.0,13.326378,74.741066,9.504210494302043,0.0,7.0,9.259055158139518e-07,0.0,0.0,1.0,1.0
zRYzhAEAHAABAAAKCRtcAAsAtwB1gBAQ,2020-08-17 11:15:08.000,0.6999997,-8.6,4.0,1.0,13.326378,74.741066,9.51052046840761,0.0,58.0,0.006309974105565885,0.0,0.0,1.0,1.0
zRYzhAEAHAABAAAKCRtcAAsAtwB1gBAQ,2020-08-17 11:15:10.000,0.6999997,-8.6,4.0,1.0,13.326378,74.741066,9.51052046840761,0.0,2.0,0.0,0.0,0.0,1.0,1.0
zRYzhAEAHAABAAAKCRtcAAsAtwB1gBAQ,2020-08-17 11:15:13.000,0.39999998,-8.6,4.0,1.0,13.326378,74.741066,9.493155428201941,0.0,3.0,-0.01736504020566798,0.0,0.0,1.0,1.0
zRYzhAEAHAABAAAKCRtcAAsAtwB1gBAQ,2020-08-17 11:16:09.000,0.69999963,-8.600001,3.25,1.0,13.326378,74.741066,9.220223244694303,0.0,56.0,-0.27293218350763837,0.0,0.0,1.0,1.0
zRYzhAEAHAABAAAKCRtcAAsAtwB1gBAQ,2020-08-17 11:16:10.000,0.69999963,-8.600001,3.25,1.0,13.326378,74.741066,9.220223244694303,0.0,1.0,0.0,0.0,0.0,1.0,1.0
zRYzhAEAHAABAAAKCRtcAAsAtwB1gBAQ,2020-08-17 11:16:14.000,0.49999997,-8.600001,3.25,1.0,13.326378,74.741066,9.207199203340885,0.0,4.0,-0.01302404135341817,0.0,0.0,1.0,1.0
zRYzhAEAHAABAAAKCRtcAAsAtwB1gBAQ,2020-08-17 11:17:10.000,0.7,-8.800001,3.75,1.0,13.326378,74.741066,9.591272991631559,0.0,56.0,0.3840737882906744,0.0,0.0,1.0,1.0
zRYzhAEAHAABAAAKCRtcAAsAtwB1gBAQ,2020-08-17 11:17:14.000,0.8999996,-8.8,3.5,1.0,13.326378,74.741066,9.513148757377873,0.0,4.0,-0.07812423425368564,0.0,0.0,1.0,1.0
zRYzhAEAHAABAAAKCRtcAAsAtwB1gBAQ,2020-08-17 11:18:05.000,0.5999996,-8.800001,3.75,1.0,13.326378,74.741066,9.584493576605974,0.0,51.0,0.07134481922810032,0.0,0.0,1.0,1.0
zRYzhAEAHAABAAAKCRtcAAsAtwB1gBAQ,2020-08-17 11:18:10.000,0.5999996,-8.800001,3.75,1.0,13.326378,74.741066,9.584493576605974,0.0,5.0,0.0,0.0,0.0,1.0,1.0
zRYzhAEAHAABAAAKCRtcAAsAtwB1gBAQ,2020-08-17 11:18:34.000,0.59999996,-9.000001,3.75,2.0,13.326378,74.741066,9.768445011976112,1.0,24.0,0.18395143537013858,0.0,0.0,2.0,2.0
zRYzhAEAHAABAAAKCRtcAAsAtwB1gBAQ,2020-08-17 11:19:04.000,0.8999996,-8.8,3.75,2.0,13.326378,74.741066,9.607939387818814,0.0,30.0,-0.16050562415729885,0.0,0.0,2.0,2.0
zRYzhAEAHAABAAAKCRtcAAsAtwB1gBAQ,2020-08-17 11:19:09.000,1.0,-8.8,3.75,1.0,13.326184,74.741,9.617821998768745,-1.0,5.0,0.009882610949931703,22.723132160358272,16.360655155457955,15.360655155457955,0.05760151279115832
zRYzhAEAHAABAAAKCRtcAAsAtwB1gBAQ,2020-08-17 11:19:10.000,1.0,-8.8,3.75,1.0,13.326184,74.741,9.617821998768745,0.0,1.0,0.0,0.0,0.0,1.0,1.0
zRYzhAEAHAABAAAKCRtcAAsAtwB1gBAQ,2020-08-17 11:19:14.000,1.1999996,-8.6,3.75,1.0,13.326164,74.74098,9.458461769230775,0.0,4.0,-0.15936022953797035,3.103013828063827,2.7927124452574446,1.7927124452574446,0.2636635427635541
zRYzhAEAHAABAAAKCRtcAAsAtwB1gBAQ,2020-08-17 11:19:19.000,0.6,-8.6,3.25,1.0,13.326164,74.74098,9.213169921367998,0.0,5.0,-0.24529184786277725,0.0,0.0,1.0,1.0
zRYzhAEAHAABAAAKCRtcAAsAtwB1gBAQ,2020-08-17 11:19:39.000,1.7,-8.0,4.75,25.0,13.326164,74.74098,9.457933178025737,24.0,20.0,0.24476325665773935,0.0,0.0,25.0,25.0
zRYzhAEAHAABAAAKCRtcAAsAtwB1gBAQ,2020-08-17 11:19:44.000,-0.30000043,-8.0,4.75,25.0,13.326164,74.74098,9.308732473221056,0.0,5.0,-0.14920070480468084,0.0,0.0,25.0,25.0
zRYzhAEAHAABAAAKCRtcAAsAtwB1gBAQ,2020-08-17 11:19:49.000,4.3,6.6,-6.25,39.0,13.32576,74.74092,10.055471147589257,14.0,5.0,0.746738674368201,45.389429444834775,32.68038920028104,6.319610799718959,1.157943863655666
zRYzhAEAHAABAAAKCRtcAAsAtwB1gBAQ,2020-08-17 11:19:54.000,-2.3000004,6.6,6.0,29.0,13.32519,74.74076,9.211406072907662,-10.0,5.0,-0.8440650746815948,65.7029428229223,47.306118832504055,18.306118832504055,0.600338025510892
zRYzhAEAHAABAAAKCRtcAAsAtwB1gBAQ,2020-08-17 11:19:59.000,2.0000002,-6.8,3.0,23.0,13.32495,74.74073,7.696752613927515,-6.0,5.0,-1.5146534589801472,26.883473241871844,19.356100734147727,3.643899265852273,1.1298824023511087
zRYzhAEAHAABAAAKCRtcAAsAtwB1gBAQ,2020-08-17 11:20:04.000,2.9999998,-7.2000003,0.25,23.0,13.324884,74.74044,7.8040055817509595,0.0,5.0,0.1072529678234444,32.2252020067599,23.202145444867128,0.20214544486712782,0.9503289719663228
zRYzhAEAHAABAAAKCRtcAAsAtwB1gBAQ,2020-08-17 11:20:09.000,0.8000002,-8.6,0.25,23.0,13.3249,74.740166,8.640746514046112,0.0,5.0,0.8367409322951529,29.70052598850205,21.384378711721475,1.6156212882785255,1.0275022727325533
zRYzhAEAHAABAAAKCRtcAAsAtwB1gBAQ,2020-08-17 11:20:10.000,0.8000002,-8.6,0.25,23.0,13.3249,74.740166,8.640746514046112,0.0,1.0,0.0,0.0,0.0,23.0,23.0
zRYzhAEAHAABAAAKCRtcAAsAtwB1gBAQ,2020-08-17 11:20:14.000,0.5999997,-9.0,3.25,6.0,13.324929,74.73989,9.587622209912116,-17.0,4.0,0.9468756958660034,30.037185367018292,27.033466830316463,21.033466830316463,0.21402989634915118
zRYzhAEAHAABAAAKCRtcAAsAtwB1gBAQ,2020-08-17 11:20:20.000,0.6000002,-9.6,2.75,8.0,13.324929,74.73989,10.00412416156457,2.0,6.0,0.41650195165245485,0.0,0.0,8.0,8.0
zRYzhAEAHAABAAAKCRtcAAsAtwB1gBAQ,2020-08-17 11:20:25.000,0.2999997,-9.6,3.75,4.0,13.324929,74.73989,10.310795304921928,-4.0,5.0,0.3066711433573577,0.0,0.0,4.0,4.0
zRYzhAEAHAABAAAKCRtcAAsAtwB1gBAQ,2020-08-17 11:20:30.000,1.0000002,-8.8,3.75,6.0,13.324929,74.73989,9.617822019563475,2.0,5.0,-0.6929732853584536,0.0,0.0,6.0,6.0
zRYzhAEAHAABAAAKCRtcAAsAtwB1gBAQ,2020-08-17 11:20:40.000,0.50000024,-9.200001,3.25,3.0,13.324975,74.740166,9.769980483092127,-3.0,10.0,0.15215846352865192,30.298460781172206,10.907445881221994,7.907445881221994,0.2519431983924437
zRYzhAEAHAABAAAKCRtcAAsAtwB1gBAQ,2020-08-17 11:21:05.000,0.50000024,-9.200001,3.25,1.0,13.324975,74.740166,9.769980483092127,-2.0,25.0,0.0,0.0,0.0,1.0,1.0
zRYzhAEAHAABAAAKCRtcAAsAtwB1gBAQ,2020-08-17 11:21:10.000,0.49999973,-9.200001,3.25,1.0,13.324975,74.740166,9.769980456991767,0.0,5.0,-2.6100359207248403e-08,0.0,0.0,1.0,1.0
zRYzhAEAHAABAAAKCRtcAAsAtwB1gBAQ,2020-08-17 11:21:15.000,0.7000002,-9.200001,3.0,1.0,13.324975,74.740166,9.702062599262131,0.0,5.0,-0.06791785772963621,0.0,0.0,1.0,1.0
zRYzhAEAHAABAAAKCRtcAAsAtwB1gBAQ,2020-08-17 11:22:10.000,0.7000003,-9.000001,3.25,1.0,13.324975,74.740166,9.594400367923004,0.0,55.0,-0.10766223133912689,0.0,0.0,1.0,1.0
zRYzhAEAHAABAAAKCRtcAAsAtwB1gBAQ,2020-08-17 11:22:12.000,0.3999997,-8.8,3.25,1.0,13.324975,74.740166,9.389488791196255,0.0,2.0,-0.2049115767267491,0.0,0.0,1.0,1.0
zRYzhAEAHAABAAAKCRtcAAsAtwB1gBAQ,2020-08-17 11:23:10.000,0.6000003,-8.800001,3.25,1.0,13.324975,74.740166,9.400133933088458,0.0,58.0,0.010645141892203114,0.0,0.0,1.0,1.0
zRYzhAEAHAABAAAKCRtcAAsAtwB1gBAQ,2020-08-17 11:23:15.000,0.2999997,-8.800001,3.25,1.0,13.324975,74.740166,9.385761419298975,0.0,5.0,-0.014372513789483676,0.0,0.0,1.0,1.0
zRYzhAEAHAABAAAKCRtcAAsAtwB1gBAQ,2020-08-17 11:24:05.000,0.9000004,-8.6,3.5,19.0,13.324975,74.740166,9.328451142606696,18.0,50.0,-0.05731027669227906,0.0,0.0,19.0,19.0
zRYzhAEAHAABAAAKCRtcAAsAtwB1gBAQ,2020-08-17 11:24:10.000,1.6999997,-7.800001,0.25,19.0,13.324975,74.740166,7.987021633875865,0.0,5.0,-1.3414295087308306,0.0,0.0,19.0,19.0
zRYzhAEAHAABAAAKCRtcAAsAtwB1gBAQ,2020-08-17 11:24:11.000,1.6999997,-7.800001,0.25,19.0,13.324975,74.740166,7.987021633875865,0.0,1.0,0.0,0.0,0.0,19.0,19.0
zRYzhAEAHAABAAAKCRtcAAsAtwB1gBAQ,2020-08-17 11:24:15.000,-2.0999997,-7.8,6.0,24.0,13.325015,74.74054,10.062305836139155,5.0,4.0,2.0752842022632896,40.711014316295454,36.63991288466591,12.639912884665911,0.6376210293987513
zRYzhAEAHAABAAAKCRtcAAsAtwB1gBAQ,2020-08-17 11:24:20.000,0.9999997,-4.2000012,3.25,32.0,13.32528,74.74067,5.403934629508533,8.0,5.0,-4.658371206630622,32.6518139949356,23.509306076353635,8.490693923646365,1.3056265199965544
zRYzhAEAHAABAAAKCRtcAAsAtwB1gBAQ,2020-08-17 11:24:26.000,0.30000037,-8.6,5.25,28.0,13.325798,74.740776,10.080302585835414,-4.0,6.0,4.676367956326881,58.729778624605856,35.237867174763515,7.237867174763515,0.7726724054968537
zRYzhAEAHAABAAAKCRtcAAsAtwB1gBAQ,2020-08-17 11:24:31.000,0.8999997,-8.000001,3.0,28.0,13.326086,74.74091,8.59127554324741,0.0,5.0,-1.4890270425880043,35.1534408411862,25.310477405654066,2.6895225943459344,1.0642148208980373
zRYzhAEAHAABAAAKCRtcAAsAtwB1gBAQ,2020-08-17 11:24:41.000,-0.29999965,-11.400001,5.0,26.0,13.326631,74.7413,12.451908391487672,-2.0,10.0,3.8606328482402628,73.8458283278054,26.584498198009946,0.5844981980099462,0.9425583823698392
zRYzhAEAHAABAAAKCRtcAAsAtwB1gBAQ,2020-08-17 11:24:46.000,-0.6000003,-8.6,5.0,23.0,13.326905,74.74161,9.965942020702311,-3.0,5.0,-2.485966370785361,45.31380709928473,32.625941111485005,9.625941111485005,0.6839957259112759
zRYzhAEAHAABAAAKCRtcAAsAtwB1gBAQ,2020-08-17 11:24:51.000,-0.39999965,-9.400001,3.0,12.0,13.327063,74.74177,9.875222454203303,-11.0,5.0,-0.0907195664990077,24.66517298874476,17.75892455189623,5.758924551896229,0.6396955202203738
zRYzhAEAHAABAAAKCRtcAAsAtwB1gBAQ,2020-08-17 11:24:56.000,0.4999997,-9.400001,3.5,3.0,13.32714,74.741844,10.042908866459014,-9.0,5.0,0.16768641225571024,11.722515666066238,8.440211279567691,5.440211279567691,0.31778949762418696
zRYzhAEAHAABAAAKCRtcAAsAtwB1gBAQ,2020-08-17 11:25:01.000,0.50000036,-8.8,3.75,1.0,13.327186,74.741905,9.578752547174405,-2.0,5.0,-0.46415631928460854,8.35020101355602,6.012144729760335,5.012144729760335,0.14260972049762277
zRYzhAEAHAABAAAKCRtcAAsAtwB1gBAQ,2020-08-17 11:25:06.000,0.89999974,-8.8,3.75,1.0,13.327186,74.741905,9.607939400932963,0.0,5.0,0.02918685375855823,0.0,0.0,1.0,1.0
zRYzhAEAHAABAAAKCRtcAAsAtwB1gBAQ,2020-08-17 11:25:11.000,1.0000004,-8.8,3.75,1.0,13.327186,74.741905,9.617822040358211,0.0,5.0,0.00988263942524803,0.0,0.0,1.0,1.0
zRYzhAEAHAABAAAKCRtcAAsAtwB1gBAQ,2020-08-17 11:25:16.000,0.69999975,-8.8,3.75,1.0,13.327186,74.741905,9.591272055884978,0.0,5.0,-0.026549984473232868,0.0,0.0,1.0,1.0
zRYzhAEAHAABAAAKCRtcAAsAtwB1gBAQ,2020-08-17 11:28:15.000,1.0,-8.6,3.0,0.0,13.327172,74.74183,9.162968951164245,-1.0,179.0,-0.4283031047207331,8.262997356382462,18.37141996819203,18.37141996819203,0.0
zRYzhAEAHAABAAAKCRtcAAsAtwB1gBAQ,2020-08-17 11:28:20.000,0.4,-8.8,4.0,0.0,13.327172,74.74183,9.67470929795826,0.0,5.0,0.5117403467940154,0.0,0.0,0.0,0.0
zRYzhAEAHAABAAAKCRtcAAsAtwB1gBAQ,2020-08-17 11:28:27.000,2.0,-8.8,2.0,13.0,13.327172,74.74183,9.243376006633074,13.0,7.0,-0.4313332913251866,0.0,0.0,13.0,13.0
zRYzhAEAHAABAAAKCRtcAAsAtwB1gBAQ,2020-08-17 11:28:32.000,5.0,-12.2,-4.0,18.0,13.327397,74.742004,13.778243719719867,5.0,5.0,4.534867713086793,31.311244542203518,22.544096070386534,4.544096070386534,0.7645228742776059
zRYzhAEAHAABAAAKCRtcAAsAtwB1gBAQ,2020-08-17 11:28:37.000,1.7,-7.0,3.75,24.0,13.327564,74.74213,8.121114455541186,6.0,5.0,-5.657129264178682,23.036782888560985,16.586483679763912,7.413516320236088,1.3646844040583208
zRYzhAEAHAABAAAKCRtcAAsAtwB1gBAQ,2020-08-17 11:28:42.000,1.5,-7.3999996,3.25,27.0,13.327879,74.7424,8.220249027857985,3.0,5.0,0.09913457231679956,45.610406867953245,32.83949294492634,5.8394929449263415,0.7978842958416194
zRYzhAEAHAABAAAKCRtcAAsAtwB1gBAQ,2020-08-17 11:28:51.000,1.3,-8.4,2.5,5.0,13.329483,74.74407,8.860022573334675,-22.0,9.0,0.6397735454766895,253.8922224292186,101.55688897168744,96.55688897168744,0.04875342895181165
zRYzhAEAHAABAAAKCRtcAAsAtwB1gBAQ,2020-08-17 11:29:21.000,1.0,-7.6000004,4.75,3.0,13.329487,74.74405,9.017899205469096,-2.0,30.0,0.15787663213442116,2.209224048054252,0.26510688576651026,2.73489311423349,2.3713411362727213
zRYzhAEAHAABAAAKCRtcAAsAtwB1gBAQ,2020-08-17 11:29:31.000,0.59999996,-13.200001,3.75,22.0,13.329688,74.7439,13.735447803111517,19.0,10.0,4.717548597642422,27.621372009021098,9.943693923247595,12.056306076752405,2.010290140997601
zRYzhAEAHAABAAAKCRtcAAsAtwB1gBAQ,2020-08-17 11:29:36.000,0.8,-10.6,3.5,13.0,13.329843,74.74383,11.191514642799696,-9.0,5.0,-2.5439331603118216,18.825973259857502,13.554700747097401,0.5547007470974012,0.8931822251716546
zRYzhAEAHAABAAAKCRtcAAsAtwB1gBAQ,2020-08-17 11:29:41.000,-0.50000006,-9.800001,5.0,13.0,13.330106,74.74376,11.013174822003009,0.0,5.0,-0.17833982079668687,30.209132029077345,21.750575060935688,8.750575060935688,0.5714141275629512
zRYzhAEAHAABAAAKCRtcAAsAtwB1gBAQ,2020-08-17 11:29:48.000,-0.7,-8.0,5.75,8.0,13.330197,74.74388,9.876866912133623,-5.0,7.0,-1.1363079098693856,16.461173858509106,8.465746555804683,0.4657465558046834,0.8451525669778426
zRYzhAEAHAABAAAKCRtcAAsAtwB1gBAQ,2020-08-17 11:29:53.000,2.5,-8.400002,2.75,10.0,13.330275,74.74389,9.185452280644867,2.0,5.0,-0.6914146314887564,8.740433379183473,6.2931120330121,3.7068879669878996,1.3711567784418002
zRYzhAEAHAABAAAKCRtcAAsAtwB1gBAQ,2020-08-17 11:29:58.000,0.100000024,-9.4,5.5,6.0,13.330255,74.74406,10.891280916623169,-4.0,5.0,1.7058286359783015,18.52778643334097,13.3400062320055,7.3400062320055,0.4184098600047037
zRYzhAEAHAABAAAKCRtcAAsAtwB1gBAQ,2020-08-17 11:30:03.000,0.79999995,-8.800001,3.0,1.0,13.330226,74.74409,9.331667456569646,-5.0,5.0,-1.559613460053523,4.575446929893587,3.294321789523383,2.294321789523383,0.2328656418900987
zRYzhAEAHAABAAAKCRtcAAsAtwB1gBAQ,2020-08-17 11:30:13.000,0.6,-8.599999,3.5,1.0,13.330226,74.74409,9.304299156841475,0.0,10.0,-0.027368299728170342,0.0,0.0,1.0,1.0
zRYzhAEAHAABAAAKCRtcAAsAtwB1gBAQ,2020-08-17 11:30:16.000,0.6,-8.599999,3.5,1.0,13.330226,74.74409,9.304299156841475,0.0,3.0,0.0,0.0,0.0,1.0,1.0
zRYzhAEAHAABAAAKCRtcAAsAtwB1gBAQ,2020-08-17 11:30:20.000,0.49999994,-8.599999,3.5,1.0,13.330226,74.74409,9.298386028768704,0.0,4.0,-0.005913128072771556,0.0,0.0,1.0,1.0
zRYzhAEAHAABAAAKCRtcAAsAtwB1gBAQ,2020-08-17 14:05:56.000,0.8,-8.2,3.0,0.0,13.330168,74.74411,8.76812408671319,-1.0,9336.0,-0.5302619420555139,6.802672925641511,18.37141996819203,18.37141996819203,0.0
zRYzhAEAHAABAAAKCRtcAAsAtwB1gBAQ,2020-08-17 14:06:01.000,0.5,-8.8,3.75,0.0,13.330168,74.74411,9.578752528382807,0.0,5.0,0.8106284416696177,0.0,0.0,0.0,0.0
zRYzhAEAHAABAAAKCRtcAAsAtwB1gBAQ,2020-08-17 14:06:24.000,1.0,-8.799999,3.0,3.0,13.330222,74.74395,9.35093484096649,3.0,23.0,-0.22781768741631758,18.323603776392495,2.868042330217956,0.13195766978204393,0.7755861347647032
zRYzhAEAHAABAAAKCRtcAAsAtwB1gBAQ,2020-08-17 14:06:57.000,1.0,-8.799999,3.0,3.0,13.330132,74.743904,9.35093484096649,0.0,33.0,0.0,11.176896563183591,1.2192978068927556,1.7807021931072444,1.351778923352476
zRYzhAEAHAABAAAKCRtcAAsAtwB1gBAQ,2020-08-17 14:06:59.000,1.8000001,-8.200001,3.0,10.0,13.330132,74.743904,8.915156575181449,7.0,2.0,-0.4357782657850411,0.0,0.0,10.0,10.0
zRYzhAEAHAABAAAKCRtcAAsAtwB1gBAQ,2020-08-17 14:07:06.000,0.6,-7.5999994,5.5,32.0,13.329879,74.743546,9.400531414765888,22.0,7.0,0.4853748395844395,47.87327172703576,24.620539745332675,7.379460254667325,1.2489978867767404
zRYzhAEAHAABAAAKCRtcAAsAtwB1gBAQ,2020-08-17 14:07:11.000,3.6000001,-6.000001,5.25,36.0,13.329527,74.74309,8.747714714141116,4.0,5.0,-0.652816700624772,62.978661688862836,45.34463641598124,9.344636415981242,0.7767889185033275
zRYzhAEAHAABAAAKCRtcAAsAtwB1gBAQ,2020-08-17 14:07:17.000,2.9,-8.4,0.75,33.0,13.329215,74.742714,8.918099573339603,-3.0,6.0,0.1703848591984869,53.466781879934594,32.08006912796076,0.9199308720392381,0.9975795356517836
zRYzhAEAHAABAAAKCRtcAAsAtwB1gBAQ,2020-08-17 14:07:22.000,1.3000001,-9.000001,1.25,33.0,13.328834,74.74235,9.178917052681161,0.0,5.0,0.26081747934155786,57.84432828269983,41.64791636354388,8.647916363543878,0.773777544457223
zRYzhAEAHAABAAAKCRtcAAsAtwB1gBAQ,2020-08-17 14:07:27.000,2.6000001,-8.599999,6.25,30.0,13.328658,74.74222,10.944518414256564,-3.0,5.0,1.7656013615754027,24.10079250799848,17.352570605758906,12.647429394241094,1.6346483903778697
zRYzhAEAHAABAAAKCRtcAAsAtwB1gBAQ,2020-08-17 14:07:32.000,3.0,-12.000001,2.5,30.0,13.328273,74.742004,12.619430415038588,0.0,5.0,1.6749120007820242,48.77408522281254,35.11734136042503,5.11734136042503,0.830625922894535
zRYzhAEAHAABAAAKCRtcAAsAtwB1gBAQ,2020-08-17 14:07:37.000,-1.1999999,-9.2,5.75,32.0,13.327995,74.74182,10.915241626276535,2.0,5.0,-1.7041887887620533,36.76851416730542,26.473330200459902,5.526669799540098,1.1647659663575958
zRYzhAEAHAABAAAKCRtcAAsAtwB1gBAQ,2020-08-17 14:07:42.000,-1.2,-4.600001,2.75,32.0,13.327556,74.74152,5.492040531532975,0.0,5.0,-5.423201094743559,58.62181200981284,42.20770464706525,10.207704647065249,0.7406086544375947
zRYzhAEAHAABAAAKCRtcAAsAtwB1gBAQ,2020-08-17 14:07:47.000,-0.6999999,-8.0,4.5,31.0,13.327306,74.74136,9.205433170687842,-1.0,5.0,3.7133926391548666,32.74868631119645,23.579054144061445,7.420945855938555,1.2612364909692801
zRYzhAEAHAABAAAKCRtcAAsAtwB1gBAQ,2020-08-17 14:07:52.000,1.0,-8.600001,4.5,33.0,13.326843,74.74112,9.75756205207023,2.0,5.0,0.552128881382389,57.66166677136332,41.51640007538159,8.51640007538159,0.7761710761374667
zRYzhAEAHAABAAAKCRtcAAsAtwB1gBAQ,2020-08-17 14:07:57.000,0.5000001,-8.600001,3.25,23.0,13.326583,74.740974,9.207199210400578,-10.0,5.0,-0.5503628416696529,32.94513374860377,23.720496298994718,0.7204962989947177,0.9304020324598142
zRYzhAEAHAABAAAKCRtcAAsAtwB1gBAQ,2020-08-17 14:08:07.000,0.7,-10.0,2.0,11.0,13.326249,74.74082,10.222035022440492,-12.0,10.0,1.0148358120399141,40.70584602584579,14.654104569304485,3.6541045693044847,0.7026911025987054
zRYzhAEAHAABAAAKCRtcAAsAtwB1gBAQ,2020-08-17 14:08:12.000,0.80000013,-8.200002,5.25,15.0,13.32609,74.74096,9.769469433290839,4.0,5.0,-0.4525655891496534,23.281918075577348,16.76298101441569,1.7629810144156899,0.8444528532585059
zRYzhAEAHAABAAAKCRtcAAsAtwB1gBAQ,2020-08-17 14:08:21.000,0.30000013,-8.800002,4.0,4.0,13.324965,74.739914,9.671092765453343,-11.0,9.0,-0.09837666783749555,168.69478903199732,67.47791561279894,63.47791561279894,0.05841299292194542
zRYzhAEAHAABAAAKCRtcAAsAtwB1gBAQ,2020-08-17 14:08:50.000,1.5999999,-8.2,3.25,9.0,13.324966,74.73989,8.96451335433218,5.0,29.0,-0.7065794111211634,2.599213088027679,0.322660935065505,8.677339064934495,6.804464970120459
zRYzhAEAHAABAAAKCRtcAAsAtwB1gBAQ,2020-08-17 14:08:57.000,0.70000017,-8.2,3.5,1.0,13.324966,74.73989,8.943153819430819,-8.0,7.0,-0.021359534901360888,0.0,0.0,1.0,1.0
zRYzhAEAHAABAAAKCRtcAAsAtwB1gBAQ,2020-08-17 14:08:58.000,0.70000017,-8.2,3.5,1.0,13.324966,74.73989,8.943153819430819,0.0,1.0,0.0,0.0,0.0,1.0,1.0
zRYzhAEAHAABAAAKCRtcAAsAtwB1gBAQ,2020-08-17 14:09:02.000,0.5999999,-8.2,3.5,1.0,13.324966,74.73989,8.935882714091541,0.0,4.0,-0.0072711053392779945,0.0,0.0,1.0,1.0
zRYzhAEAHAABAAAKCRtcAAsAtwB1gBAQ,2020-08-17 14:13:43.000,0.8,-8.8,3.25,0.0,13.325005,74.74004,9.415014604343426,-1.0,281.0,0.4791318902518853,16.79957667248595,18.37141996819203,18.37141996819203,0.0
zRYzhAEAHAABAAAKCRtcAAsAtwB1gBAQ,2020-08-17 14:13:48.000,0.6,-8.8,3.25,0.0,13.325005,74.74004,9.400132977782816,0.0,5.0,-0.014881626560610428,0.0,0.0,0.0,0.0
zRYzhAEAHAABAAAKCRtcAAsAtwB1gBAQ,2020-08-17 14:14:45.000,0.70000005,-8.8,3.25,0.0,13.325005,74.74004,9.40704523588571,0.0,57.0,0.0069122581028935315,0.0,0.0,0.0,0.0
zRYzhAEAHAABAAAKCRtcAAsAtwB1gBAQ,2020-08-17 14:14:48.000,1.0,-8.8,3.0,0.0,13.325005,74.74004,9.350935782048769,0.0,3.0,-0.05610945383694066,0.0,0.0,0.0,0.0
zRYzhAEAHAABAAAKCRtcAAsAtwB1gBAQ,2020-08-17 14:15:40.000,0.90000004,-9.0,3.25,0.0,13.325005,74.74004,9.61106133951917,0.0,52.0,0.2601255574704009,0.0,0.0,0.0,0.0
zRYzhAEAHAABAAAKCRtcAAsAtwB1gBAQ,2020-08-17 14:15:45.000,0.7,-9.0,3.25,0.0,13.325005,74.74004,9.594399407987975,0.0,5.0,-0.01666193153119444,0.0,0.0,0.0,0.0
zRYzhAEAHAABAAAKCRtcAAsAtwB1gBAQ,2020-08-17 14:15:50.000,0.70000005,-9.0,3.25,0.0,13.325005,74.74004,9.594399411635937,0.0,5.0,3.6479619325291424e-09,0.0,0.0,0.0,0.0
zRYzhAEAHAABAAAKCRtcAAsAtwB1gBAQ,2020-08-17 14:16:00.000,1.4000001,-8.6,4.5,12.0,13.325005,74.74004,9.806630424360858,12.0,10.0,0.21223101272492073,0.0,0.0,12.0,12.0
zRYzhAEAHAABAAAKCRtcAAsAtwB1gBAQ,2020-08-17 14:16:05.000,1.1,-8.6,4.5,12.0,13.325005,74.74004,9.768316129200569,0.0,5.0,-0.038314295160288836,0.0,0.0,12.0,12.0
zRYzhAEAHAABAAAKCRtcAAsAtwB1gBAQ,2020-08-17 14:16:10.000,0.7000001,-11.0,1.0,20.0,13.325024,74.74033,11.067520053742845,8.0,5.0,1.299203924542276,31.449442371921254,22.643598507783302,2.6435985077833024,0.8458949255721858
zRYzhAEAHAABAAAKCRtcAAsAtwB1gBAQ,2020-08-17 14:16:15.000,-1.2,-9.8,1.0,25.0,13.325047,74.740555,9.923708984044223,5.0,5.0,-1.1438110696986215,24.47927096644284,17.625075095838845,7.374924904161155,1.3422764671475296
zRYzhAEAHAABAAAKCRtcAAsAtwB1gBAQ,2020-08-17 14:16:20.000,-2.7,-11.2,7.5,31.0,13.325404,74.740746,13.746999672655848,6.0,5.0,3.8232906886116247,44.75400648029017,32.22288466580893,1.2228846658089267,0.9330917622545706
zRYzhAEAHAABAAAKCRtcAAsAtwB1gBAQ,2020-08-17 14:16:25.000,0.39999998,-9.2,5.25,33.0,13.325776,74.74083,10.600117923117647,2.0,5.0,-3.146881749538201,42.3512798372885,30.49292148284772,2.50707851715228,1.047854516068733
zRYzhAEAHAABAAAKCRtcAAsAtwB1gBAQ,2020-08-17 14:16:30.000,0.3,-9.8,4.5,32.0,13.326238,74.74104,10.78795624759389,-1.0,5.0,0.1878383244762425,56.17282544646406,40.444434321454125,8.444434321454125,0.7721181510597885
zRYzhAEAHAABAAAKCRtcAAsAtwB1gBAQ,2020-08-17 14:16:35.000,0.7,-9.4,3.5,37.0,13.326502,74.74128,10.054849576199537,5.0,5.0,-0.7331066713943528,39.1929799186844,28.21894554145277,8.781054458547231,1.2663016859218377
zRYzhAEAHAABAAAKCRtcAAsAtwB1gBAQ,2020-08-17 14:16:40.000,0.20000002,-7.4,3.5,41.0,13.326967,74.7417,8.188406438862204,4.0,5.0,-1.866443137337333,68.83787878612783,49.56327272601204,8.563272726012038,0.8108652345778192
zRYzhAEAHAABAAAKCRtcAAsAtwB1gBAQ,2020-08-17 14:16:45.000,0.20000002,-7.4,3.5,41.0,13.327273,74.74198,8.188406438862204,0.0,5.0,0.0,45.5587495131702,32.80229964948254,8.197700350517458,1.2129352270453482
zRYzhAEAHAABAAAKCRtcAAsAtwB1gBAQ,2020-08-17 14:16:47.000,0.8,-8.2,2.75,40.0,13.32752,74.74219,8.685764215082056,-1.0,2.0,0.497357776219852,35.64584872006443,64.16252769611597,24.162527696115973,0.6138497295031146
zRYzhAEAHAABAAAKCRtcAAsAtwB1gBAQ,2020-08-17 14:16:53.000,1.8000001,-7.8,2.25,39.0,13.327817,74.742386,8.315196952568233,-1.0,6.0,-0.37056726251382344,39.247808411288496,23.548685046773098,15.451314953226902,1.5886797979481395
zRYzhAEAHAABAAAKCRtcAAsAtwB1gBAQ,2020-08-17 14:16:58.000,1.9,-6.3999996,3.0,39.0,13.328375,74.742836,7.319152606688848,0.0,5.0,-0.9960443458793842,78.87025739592806,56.7865853250682,17.786585325068202,0.6748971198179025
zRYzhAEAHAABAAAKCRtcAAsAtwB1gBAQ,2020-08-17 14:17:03.000,1.4000001,-9.0,3.75,38.0,13.328611,74.74303,9.850000014213197,-1.0,5.0,2.530847407524349,33.60438833388958,24.195159600400498,13.804840399599502,1.5082262070447834
zRYzhAEAHAABAAAKCRtcAAsAtwB1gBAQ,2020-08-17 14:17:08.000,0.39999995,-9.799999,3.25,36.0,13.329093,74.74352,10.332593109186146,-2.0,5.0,0.4825930949729482,75.3884402698047,54.27967699425939,18.27967699425939,0.6512339065175522
zRYzhAEAHAABAAAKCRtcAAsAtwB1gBAQ,2020-08-17 14:17:13.000,1.2,-8.6,2.75,31.0,13.32925,74.743744,9.108375266753121,-5.0,5.0,-1.2242178424330241,29.86946821959657,21.50601711810953,9.49398288189047,1.377409420659143
zRYzhAEAHAABAAAKCRtcAAsAtwB1gBAQ,2020-08-17 14:17:23.000,-1.1,-6.4000006,3.5,17.0,13.32961,74.744194,7.376991777140623,-14.0,10.0,-1.7313834896124982,63.03256772014527,22.6917243792523,5.6917243792523,0.7175501338723793
zRYzhAEAHAABAAAKCRtcAAsAtwB1gBAQ,2020-08-17 14:17:28.000,0.20000003,-12.799999,3.5,23.0,13.329848,74.74397,13.271396852328733,6.0,5.0,5.89440507518811,35.88563189346523,25.837654963294966,2.837654963294966,0.8570048326299892
zRYzhAEAHAABAAAKCRtcAAsAtwB1gBAQ,2020-08-17 14:17:33.000,1.1,-9.000001,3.0,16.0,13.329966,74.743866,9.550393604454268,-7.0,5.0,-3.7210032478744655,17.28537762412963,12.445471889373334,3.5545281106266664,1.1899917036489918
zRYzhAEAHAABAAAKCRtcAAsAtwB1gBAQ,2020-08-17 14:17:43.000,0.90000004,-9.600001,3.75,11.0,13.33028,74.74393,10.345652191718075,-5.0,10.0,0.7952585872638078,35.595276732335776,12.81429962364088,1.8142996236408795,0.7962763440554979
zRYzhAEAHAABAAAKCRtcAAsAtwB1gBAQ,2020-08-17 14:17:46.000,0.90000004,-9.600001,3.75,11.0,13.33031,74.74407,10.345652191718075,0.0,3.0,0.0,15.510821928842361,18.612986314610833,7.612986314610833,0.5608528871406734
zRYzhAEAHAABAAAKCRtcAAsAtwB1gBAQ,2020-08-17 14:17:48.000,0.3,-8.799999,3.5,8.0,13.330255,74.744125,9.47522993916248,-3.0,2.0,-0.8704222525555956,8.533217523017065,15.359791541430717,7.359791541430717,0.4890037858820036
zRYzhAEAHAABAAAKCRtcAAsAtwB1gBAQ,2020-08-17 14:17:53.000,0.70000005,-8.600001,3.5,1.0,13.330255,74.744125,9.3112844049573,-7.0,5.0,-0.16394553420517965,0.0,0.0,1.0,1.0
zRYzhAEAHAABAAAKCRtcAAsAtwB1gBAQ,2020-08-17 14:18:18.000,0.6,-8.599999,3.75,4.0,13.330147,74.74418,9.401195817554328,3.0,25.0,0.0899114125970275,13.402653246243789,1.9299820674591057,2.0700179325408943,1.3651960687489186
zRYzhAEAHAABAAAKCRtcAAsAtwB1gBAQ,2020-08-17 14:18:23.000,1.0,-8.599999,3.75,4.0,13.330147,74.74418,9.435172642829647,0.0,5.0,0.0339768252753192,0.0,0.0,4.0,4.0
zRYzhAEAHAABAAAKCRtcAAsAtwB1gBAQ,2020-08-17 14:18:28.000,0.90000004,-8.800001,3.25,2.0,13.330147,74.74418,9.424039350087678,-2.0,5.0,-0.011133292741968503,0.0,0.0,2.0,2.0
zRYzhAEAHAABAAAKCRtcAAsAtwB1gBAQ,2020-08-17 14:18:33.000,0.9,-8.800001,3.25,1.0,13.330147,74.74418,9.42403934626766,-1.0,5.0,-3.820018079636611e-09,0.0,0.0,1.0,1.0
zRYzhAEAHAABAAAKCRtcAAsAtwB1gBAQ,2020-08-17 14:18:38.000,1.3000001,-8.2,2.75,6.0,13.330147,74.74418,8.745999100160027,5.0,5.0,-0.6780402461076331,0.0,0.0,6.0,6.0
zRYzhAEAHAABAAAKCRtcAAsAtwB1gBAQ,2020-08-17 14:18:43.000,1.5,-8.2,1.75,11.0,13.330147,74.74418,8.517775531205315,5.0,5.0,-0.22822356895471252,0.0,0.0,11.0,11.0
zRYzhAEAHAABAAAKCRtcAAsAtwB1gBAQ,2020-08-17 14:18:46.000,1.5,-8.2,1.75,11.0,13.330172,74.74394,8.517775531205315,0.0,3.0,0.0,26.11614765208891,31.33937718250669,20.33937718250669,0.34014260503292
zRYzhAEAHAABAAAKCRtcAAsAtwB1gBAQ,2020-08-17 14:18:48.000,0.9000001,-9.000001,4.5,13.0,13.330162,74.74383,10.102475844069165,2.0,2.0,1.5847003128638502,11.953727448896604,21.516709408013888,8.516709408013888,0.5773490150995683
zRYzhAEAHAABAAAKCRtcAAsAtwB1gBAQ,2020-08-17 14:18:53.000,-1.1,-9.4,6.0,17.0,13.330162,74.74383,11.205802068571442,4.0,5.0,1.1033262245022772,0.0,0.0,17.0,17.0
zRYzhAEAHAABAAAKCRtcAAsAtwB1gBAQ,2020-08-17 14:18:58.000,-0.5999999,-8.600001,5.25,16.0,13.32976,74.743965,10.093686991382336,-1.0,5.0,-1.112115077189106,47.02641145590803,33.85901624825379,17.859016248253788,0.45899172501178936
zRYzhAEAHAABAAAKCRtcAAsAtwB1gBAQ,2020-08-17 14:19:03.000,0.4,-8.599999,1.0,12.0,13.329651,74.744026,8.6671784797592,-4.0,5.0,-1.4265085116231369,13.800813196329617,9.936585501357325,2.0634144986426755,1.097234598358939
zRYzhAEAHAABAAAKCRtcAAsAtwB1gBAQ,2020-08-17 14:19:08.000,0.4000001,-8.200002,4.0,3.0,13.329463,74.744125,9.132361845656577,-9.0,5.0,0.46518336589737785,23.489263477183826,16.912269703572356,13.912269703572356,0.16748296277616292
zRYzhAEAHAABAAAKCRtcAAsAtwB1gBAQ,2020-08-17 14:19:13.000,0.5,-8.799999,3.5,9.0,13.329463,74.744125,9.483669247712143,6.0,5.0,0.351307402055566,0.0,0.0,9.0,9.0
zRYzhAEAHAABAAAKCRtcAAsAtwB1gBAQ,2020-08-17 14:19:18.000,1.1000001,-8.400002,4.5,24.0,13.329463,74.744125,9.592707324838177,15.0,5.0,0.10903807712603353,0.0,0.0,24.0,24.0
zRYzhAEAHAABAAAKCRtcAAsAtwB1gBAQ,2020-08-17 14:19:23.000,0.19999999,-8.4,4.0,30.0,13.329127,74.74388,9.305912099090557,6.0,5.0,-0.2867952257476194,45.81049446827195,32.983556017155806,2.9835560171558058,0.882779894630662
zRYzhAEAHAABAAAKCRtcAAsAtwB1gBAQ,2020-08-17 14:19:28.000,0.70000017,-9.400002,4.0,33.0,13.328792,74.74344,10.23963074715119,3.0,5.0,0.9337186480606334,60.44907126669769,43.523331312022336,10.523331312022336,0.7411844313430616
zRYzhAEAHAABAAAKCRtcAAsAtwB1gBAQ,2020-08-17 14:19:33.000,0.9,-7.5999994,3.5,35.0,13.328634,74.74324,8.415461418127967,2.0,5.0,-1.8241693290232242,27.873820307384733,20.069150621317007,14.930849378682993,1.661196534642847
zRYzhAEAHAABAAAKCRtcAAsAtwB1gBAQ,2020-08-17 14:19:38.000,1.4000002,-8.400002,1.75,35.0,13.328161,74.74283,8.69382160847599,0.0,5.0,0.27836019034802284,68.80579268868969,49.54017073585658,14.540170735856577,0.6925184361351724
zRYzhAEAHAABAAAKCRtcAAsAtwB1gBAQ,2020-08-17 14:19:44.000,1.5,-10.599999,4.0,35.0,13.327938,74.74263,11.428472286355731,0.0,6.0,2.734650677879742,32.91131427804119,19.746788566824716,15.253211433175284,1.6870080825890794
zRYzhAEAHAABAAAKCRtcAAsAtwB1gBAQ,2020-08-17 14:19:46.000,1.5,-10.599999,4.0,35.0,13.327679,74.74242,11.428472286355731,0.0,2.0,0.0,36.68379577918609,66.03083240253497,31.03083240253497,0.5221477750689005
zRYzhAEAHAABAAAKCRtcAAsAtwB1gBAQ,2020-08-17 14:19:49.000,0.6000002,-9.200002,3.25,36.0,13.327488,74.742256,9.775609292520034,1.0,3.0,-1.6528629938356971,27.675651702046718,33.21078204245606,2.78921795754394,1.0522998262747545
zRYzhAEAHAABAAAKCRtcAAsAtwB1gBAQ,2020-08-17 14:19:54.000,0.9,-8.4,3.25,38.0,13.327336,74.74213,9.05165730681404,2.0,5.0,-0.7239519857059946,21.71474705232952,15.634617877677254,22.365382122322746,2.284392721217475
zRYzhAEAHAABAAAKCRtcAAsAtwB1gBAQ,2020-08-17 14:19:59.000,1.937151e-07,-9.600001,5.0,38.0,13.326811,74.74172,10.824048189101944,0.0,5.0,1.7723908822879046,73.32064494467424,52.79086436016546,14.790864360165457,0.7064396613068873
zRYzhAEAHAABAAAKCRtcAAsAtwB1gBAQ,2020-08-17 14:20:04.000,1.0,-7.5999994,3.5,33.0,13.326579,74.74153,8.426742601978559,-5.0,5.0,-2.3973055871233857,32.986860218698425,23.750539357462866,9.249460642537134,1.3333042776722248
zRYzhAEAHAABAAAKCRtcAAsAtwB1gBAQ,2020-08-17 14:20:09.000,0.8000002,-7.0000014,3.0,33.0,13.32604,74.74113,7.6576771882864065,0.0,5.0,-0.769065413692152,73.92751961184801,53.227814120530574,20.227814120530574,0.6085437986980605
zRYzhAEAHAABAAAKCRtcAAsAtwB1gBAQ,2020-08-17 14:20:14.000,0.7,-7.3999996,-3.25,32.0,13.325806,74.74101,8.112490004924515,-1.0,5.0,0.4548128166381087,29.07933160543261,20.93711875591148,11.06288124408852,1.4587148091805282
zRYzhAEAHAABAAAKCRtcAAsAtwB1gBAQ,2020-08-17 14:20:19.000,2.0000002,-7.4000015,-1.75,27.0,13.325237,74.74089,7.862729996636174,-5.0,5.0,-0.24976000828834088,64.58846459116722,46.503694505640404,19.503694505640404,0.5683768448113888
zRYzhAEAHAABAAAKCRtcAAsAtwB1gBAQ,2020-08-17 14:20:24.000,-0.70000005,-9.599999,3.75,22.0,13.325066,74.74082,10.330173322360134,-5.0,5.0,2.467443325723959,20.46733269921434,14.736479543434324,7.263520456565676,1.3980255202110299
zRYzhAEAHAABAAAKCRtcAAsAtwB1gBAQ,2020-08-17 14:20:29.000,1.7000003,-9.400002,5.5,20.0,13.324962,74.74045,11.022705594363122,-2.0,5.0,0.692532272002989,41.67126461141515,30.003310520218907,10.003310520218907,0.6450924002763169
zRYzhAEAHAABAAAKCRtcAAsAtwB1gBAQ,2020-08-17 14:20:34.000,0.7,-9.4,3.0,20.0,13.324962,74.74027,9.891915891272024,0.0,5.0,-1.1307897030910983,19.4762517349551,14.022901249167672,5.977098750832328,1.331300769956674
zRYzhAEAHAABAAAKCRtcAAsAtwB1gBAQ,2020-08-17 14:20:39.000,0.80000025,-9.4,3.75,6.0,13.324942,74.73997,10.151970271824089,-14.0,5.0,0.26005438055206476,32.53651256146844,23.426289044257278,17.426289044257278,0.2456369851813665
zRYzhAEAHAABAAAKCRtcAAsAtwB1gBAQ,2020-08-17 14:20:44.000,0.19999999,-8.600001,3.5,1.0,13.324942,74.73997,9.287088736304883,-5.0,5.0,-0.8648815355192063,0.0,0.0,1.0,1.0
zRYzhAEAHAABAAAKCRtcAAsAtwB1gBAQ,2020-08-17 14:20:47.000,0.19999999,-8.600001,3.5,1.0,13.324942,74.73997,9.287088736304883,0.0,3.0,0.0,0.0,0.0,1.0,1.0
zRYzhAEAHAABAAAKCRtcAAsAtwB1gBAQ,2020-08-17 14:20:49.000,0.9000003,-9.0,3.5,1.0,13.324942,74.73997,9.698453512802962,0.0,2.0,0.411364776498079,0.0,0.0,1.0,1.0
zRYzhAEAHAABAAAKCRtcAAsAtwB1gBAQ,2020-08-17 14:20:54.000,0.39999998,-8.800001,3.5,1.0,13.324942,74.73997,9.478924917099038,0.0,5.0,-0.2195285957039239,0.0,0.0,1.0,1.0
zRYzhAEAHAABAAAKCRtcAAsAtwB1gBAQ,2020-08-17 14:20:59.000,0.80000025,-8.800001,3.5,1.0,13.324942,74.73997,9.504210540597313,0.0,5.0,0.025285623498275456,0.0,0.0,1.0,1.0
zRYzhAEAHAABAAAKCRtcAAsAtwB1gBAQ,2020-08-17 14:21:04.000,1.1,-8.8,3.0,1.0,13.324942,74.73997,9.362157870918436,0.0,5.0,-0.1420526696788773,0.0,0.0,1.0,1.0
zRYzhAEAHAABAAAKCRtcAAsAtwB1gBAQ,2020-08-17 14:21:47.000,1.1000003,-8.600001,3.25,1.0,13.324942,74.73997,9.259185593776651,0.0,43.0,-0.10297227714178447,0.0,0.0,1.0,1.0
zRYzhAEAHAABAAAKCRtcAAsAtwB1gBAQ,2020-08-17 14:21:49.000,0.9,-9.0,3.25,1.0,13.324942,74.73997,9.611061335773485,0.0,2.0,0.35187574199683347,0.0,0.0,1.0,1.0
zRYzhAEAHAABAAAKCRtcAAsAtwB1gBAQ,2020-08-17 14:22:45.000,1.0000002,-8.6,3.25,1.0,13.324942,74.73997,9.24783760670569,0.0,56.0,-0.3632237290677942,0.0,0.0,1.0,1.0
zRYzhAEAHAABAAAKCRtcAAsAtwB1gBAQ,2020-08-17 14:22:47.000,1.0000002,-8.6,3.25,1.0,13.324942,74.73997,9.24783760670569,0.0,2.0,0.0,0.0,0.0,1.0,1.0
zRYzhAEAHAABAAAKCRtcAAsAtwB1gBAQ,2020-08-17 14:23:45.000,0.9,-8.6,3.5,1.0,13.324942,74.73997,9.328451104015071,0.0,58.0,0.08061349730938083,0.0,0.0,1.0,1.0
zRYzhAEAHAABAAAKCRtcAAsAtwB1gBAQ,2020-08-17 14:23:48.000,0.9,-8.6,3.5,1.0,13.324942,74.73997,9.328451104015071,0.0,3.0,0.0,0.0,0.0,1.0,1.0
zRYzhAEAHAABAAAKCRtcAAsAtwB1gBAQ,2020-08-17 14:23:50.000,0.7000002,-8.6,3.25,1.0,13.324942,74.73997,9.220222355236345,0.0,2.0,-0.10822874877872657,0.0,0.0,1.0,1.0
zRYzhAEAHAABAAAKCRtcAAsAtwB1gBAQ,2020-08-17 14:29:35.000,0.90000004,-8.8,3.0,0.0,13.32502,74.74001,9.340770849988775,-1.0,345.0,0.12054849475243046,9.693118060654907,18.37141996819203,18.37141996819203,0.0
zRYzhAEAHAABAAAKCRtcAAsAtwB1gBAQ,2020-08-17 14:29:40.000,1.0,-8.6,3.0,0.0,13.32502,74.74001,9.162968951164245,0.0,5.0,-0.17780189882453,0.0,0.0,0.0,0.0
zRYzhAEAHAABAAAKCRtcAAsAtwB1gBAQ,2020-08-17 14:30:01.000,-0.40000004,-10.2,1.75,22.0,13.324986,74.74021,10.356761078252216,22.0,21.0,1.1937921270879706,21.96803794967201,3.7659493628009164,18.234050637199083,4.616079258355936
zRYzhAEAHAABAAAKCRtcAAsAtwB1gBAQ,2020-08-17 14:31:41.000,-0.6,-8.8,2.5,23.0,13.324981,74.740425,9.167878707749137,1.0,100.0,-1.1888823705030784,23.26994134644812,0.8377178884721324,22.16228211152787,12.515522727550996
zRYzhAEAHAABAAAKCRtcAAsAtwB1gBAQ,2020-08-17 14:31:46.000,-1.6,-7.0,9.5,28.0,13.325112,74.740685,11.908400396358866,5.0,5.0,2.7405216886097286,31.67985610836761,22.80949639802468,5.190503601975319,1.1760013539103238
zRYzhAEAHAABAAAKCRtcAAsAtwB1gBAQ,2020-08-17 14:31:58.000,1.6,-8.6,3.75,40.0,13.326201,74.74104,9.517483911202582,12.0,12.0,-2.390916485156284,127.03752004326172,38.111256012978515,1.8887439870214848,1.0227234836622625
zRYzhAEAHAABAAAKCRtcAAsAtwB1gBAQ,2020-08-17 14:32:04.000,0.4,-9.2,4.0,46.0,13.326715,74.741455,10.039920318408905,6.0,6.0,0.5224364072063228,72.6836177460767,43.61017064764602,2.3898293523539778,1.031154988474076
zRYzhAEAHAABAAAKCRtcAAsAtwB1gBAQ,2020-08-17 14:32:09.000,-0.6,-9.2,4.0,45.0,13.327069,74.7418,10.04987562112089,-1.0,5.0,0.00995530271198497,54.24863235852379,39.05901529813713,5.940984701862867,1.123342639979786
zRYzhAEAHAABAAAKCRtcAAsAtwB1gBAQ,2020-08-17 14:32:14.000,0.5,-9.2,3.5,42.0,13.327615,74.74222,9.855962662266938,-3.0,5.0,-0.19391295885395188,75.83646241797113,54.60225294093922,12.602252940939223,0.7553650756672117
zRYzhAEAHAABAAAKCRtcAAsAtwB1gBAQ,2020-08-17 14:32:19.000,1.5,-10.400001,3.5,46.0,13.327943,74.74252,11.075198454203925,4.0,5.0,1.2192357919369865,48.82475198661954,35.15382143036607,10.846178569633928,1.2723412956109805
zRYzhAEAHAABAAAKCRtcAAsAtwB1gBAQ,2020-08-17 14:32:29.000,-0.10000001,-9.4,4.0,47.0,13.328837,74.743324,10.216163663626382,1.0,10.0,-0.8590347905775424,132.0974314979294,47.55507533925458,0.5550753392545786,0.9679729600172741
zRYzhAEAHAABAAAKCRtcAAsAtwB1gBAQ,2020-08-17 14:32:34.000,1.2,-9.8,4.0,38.0,13.329277,74.74383,10.65269918846862,-9.0,5.0,0.43653552484223823,73.4246664015725,52.8657598091322,14.8657598091322,0.7054574210899299
zRYzhAEAHAABAAAKCRtcAAsAtwB1gBAQ,2020-08-17 14:32:36.000,1.2,-9.8,4.0,38.0,13.329277,74.74383,10.65269918846862,0.0,2.0,0.0,0.0,0.0,38.0,38.0
zRYzhAEAHAABAAAKCRtcAAsAtwB1gBAQ,2020-08-17 14:32:40.000,0.4,-8.4,4.0,1.0,13.329537,74.74414,9.312357381458252,-37.0,4.0,-1.3403418070103683,44.281835627425195,39.85365206468268,38.85365206468268,0.024477615817962182
zRYzhAEAHAABAAAKCRtcAAsAtwB1gBAQ,2020-08-17 14:32:46.000,0.50000006,-8.6,3.75,1.0,13.329537,74.74414,9.39534459506409,0.0,6.0,0.08298721360583805,0.0,0.0,1.0,1.0
zRYzhAEAHAABAAAKCRtcAAsAtwB1gBAQ,2020-08-17 14:32:51.000,0.90000004,-8.6,3.75,1.0,13.329537,74.74414,9.425099472790725,0.0,5.0,0.029754877726634987,0.0,0.0,1.0,1.0
zRYzhAEAHAABAAAKCRtcAAsAtwB1gBAQ,2020-08-17 14:33:01.000,0.8000001,-7.6000004,4.0,12.0,13.329537,74.74414,8.625543822855471,11.0,10.0,-0.7995556499352539,0.0,0.0,12.0,12.0
zRYzhAEAHAABAAAKCRtcAAsAtwB1gBAQ,2020-08-17 14:33:06.000,0.20000002,-10.599999,3.25,17.0,13.329611,74.74429,11.088844791410917,5.0,5.0,2.463300968555446,18.196610523439105,13.101559576876156,3.8984404231238443,1.2055404161023955
zRYzhAEAHAABAAAKCRtcAAsAtwB1gBAQ,2020-08-17 14:33:11.000,0.70000005,-9.400001,3.25,3.0,13.329699,74.74442,9.970582674548213,-14.0,5.0,-1.118262116862704,17.134731466918083,12.33700665618102,9.33700665618102,0.2249380297497005
zRYzhAEAHAABAAAKCRtcAAsAtwB1gBAQ,2020-08-17 14:33:16.000,0.70000005,-8.799999,3.5,1.0,13.329697,74.74449,9.496314151817062,-2.0,5.0,-0.47426852273115117,7.5772138407252765,5.455593965322199,4.455593965322199,0.15490441396589444
zRYzhAEAHAABAAAKCRtcAAsAtwB1gBAQ,2020-08-17 14:33:36.000,0.70000005,-8.599999,3.75,1.0,13.329697,74.74449,9.40810729477513,0.0,20.0,-0.0882068570419321,0.0,0.0,1.0,1.0
zRYzhAEAHAABAAAKCRtcAAsAtwB1gBAQ,2020-08-17 14:42:34.000,1.6,-9.0,5.25,27.0,13.32968,74.74474,10.54146574248572,26.0,538.0,1.1333584477105898,27.11579066013814,18.37141996819203,8.62858003180797,1.3938059287514357
zRYzhAEAHAABAAAKCRtcAAsAtwB1gBAQ,2020-08-17 14:43:04.000,1.0,-8.6,4.0,38.0,13.330096,74.745186,9.53729521405309,11.0,30.0,-1.0041705284326294,66.84639870352184,8.021567844422622,29.97843215557738,4.212128163896992
zRYzhAEAHAABAAAKCRtcAAsAtwB1gBAQ,2020-08-17 14:43:09.000,0.4,-8.6,6.0,43.0,13.330277,74.745445,10.493807697875923,5.0,5.0,0.9565124838228325,34.50198480003187,24.841429056022946,18.158570943977054,1.6639946617030397
zRYzhAEAHAABAAAKCRtcAAsAtwB1gBAQ,2020-08-17 14:43:11.000,0.4,-8.6,6.0,43.0,13.330562,74.74569,10.493807697875923,0.0,2.0,0.0,41.315914023472324,74.36864524225018,31.36864524225018,0.570529029171073
zRYzhAEAHAABAAAKCRtcAAsAtwB1gBAQ,2020-08-17 14:43:43.000,1.5,-7.6000004,4.5,41.0,13.329399,74.74442,8.958794901101383,-2.0,32.0,-1.5350127967745397,188.69524805554994,21.22821540624937,19.77178459375063,1.844502550055054
zRYzhAEAHAABAAAKCRtcAAsAtwB1gBAQ,2020-08-17 14:44:17.000,0.49999997,-8.6,3.75,41.0,13.329194,74.74406,9.395344590274483,0.0,34.0,0.4365496891731002,45.13151165363827,4.778630645679346,36.22136935432066,7.095106525047677
zRYzhAEAHAABAAAKCRtcAAsAtwB1gBAQ,2020-08-17 14:44:25.000,0.09999998,-9.0,3.25,42.0,13.328582,74.743225,9.569352119971342,1.0,8.0,0.1740075296968584,113.1083780955148,50.89877014298166,8.898770142981661,0.8092677318612668
zRYzhAEAHAABAAAKCRtcAAsAtwB1gBAQ,2020-08-17 14:44:30.000,1.3,-9.0,3.0,42.0,13.328171,74.742805,9.575489543621256,0.0,5.0,0.006137423649914098,64.44954703785152,46.4036738672531,4.403673867253097,0.8860072769383808
zRYzhAEAHAABAAAKCRtcAAsAtwB1gBAQ,2020-08-17 14:44:35.000,1.0,-8.8,3.5,40.0,13.327848,74.742546,9.523129737644028,-2.0,5.0,-0.052359805977227225,45.55535264984788,32.79985390789048,7.20014609210952,1.183437067775672
zRYzhAEAHAABAAAKCRtcAAsAtwB1gBAQ,2020-08-17 14:44:40.000,0.39999995,-9.2,3.25,40.0,13.327344,74.74213,9.765372494687542,0.0,5.0,0.24224275704351328,71.88010418721908,51.753675014797736,11.753675014797736,0.7582410133280715
zRYzhAEAHAABAAAKCRtcAAsAtwB1gBAQ,2020-08-17 14:44:45.000,0.9,-7.6000004,3.25,38.0,13.327092,74.74195,8.314595966130895,-2.0,5.0,-1.4507765285566467,34.12477922185649,24.569841039736673,13.430158960263327,1.4861257815778481
zRYzhAEAHAABAAAKCRtcAAsAtwB1gBAQ,2020-08-17 14:44:50.000,1.5999999,-7.6000004,2.75,41.0,13.326626,74.741615,8.239084036469112,3.0,5.0,-0.07551192966178277,63.236404383809095,45.53021115634255,4.530211156342553,0.8811479462717047
zRYzhAEAHAABAAAKCRtcAAsAtwB1gBAQ,2020-08-17 14:44:55.000,0.59999996,-10.0,2.75,41.0,13.3263,74.741325,10.388575453448851,0.0,5.0,2.149491416979739,47.943943396441476,34.519639245437865,6.480360754562135,1.1542910026955309
zRYzhAEAHAABAAAKCRtcAAsAtwB1gBAQ,2020-08-17 14:45:00.000,0.5999999,-10.0,3.25,40.0,13.325675,74.74095,10.531975117707029,-1.0,5.0,0.14339966425817785,80.474644996708,57.941744397629755,17.941744397629755,0.6786361755796378
zRYzhAEAHAABAAAKCRtcAAsAtwB1gBAQ,2020-08-17 14:45:05.000,1.8,-11.400001,4.5,35.0,13.325389,74.740875,12.387494613520564,-5.0,5.0,1.8555194958135353,32.82081439823857,23.63098636673177,11.369013633268231,1.4209743564014676
zRYzhAEAHAABAAAKCRtcAAsAtwB1gBAQ,2020-08-17 14:45:10.000,-1.4000001,-8.0,6.75,24.0,13.324954,74.74074,10.560421406364426,-11.0,5.0,-1.827073207156138,50.52728449756954,36.379644838250066,12.379644838250066,0.6420606751041449
zRYzhAEAHAABAAAKCRtcAAsAtwB1gBAQ,2020-08-17 14:45:12.000,-1.4000001,-8.0,6.75,24.0,13.324954,74.74074,10.560421406364426,0.0,2.0,0.0,0.0,0.0,24.0,24.0
zRYzhAEAHAABAAAKCRtcAAsAtwB1gBAQ,2020-08-17 14:45:17.000,-0.100000076,-6.6000004,5.75,27.0,13.324884,74.74039,8.753999388576638,3.0,5.0,-1.8064220177877885,38.66212113975971,27.836727220626994,0.8367272206269938,0.9363059751346131
zRYzhAEAHAABAAAKCRtcAAsAtwB1gBAQ,2020-08-17 14:45:22.000,2.5,-8.4,1.75,15.0,13.324898,74.74023,8.937141601205612,-12.0,5.0,0.18314221262897412,17.38207906795894,12.515096928930436,2.4849030710695637,1.1098699534955594
zRYzhAEAHAABAAAKCRtcAAsAtwB1gBAQ,2020-08-17 14:45:27.000,0.99999994,-9.6,3.5,11.0,13.324929,74.739944,10.266937220028181,-4.0,5.0,1.329795618822569,31.136998018623252,22.418638573408742,11.418638573408742,0.46971133550394406
zRYzhAEAHAABAAAKCRtcAAsAtwB1gBAQ,2020-08-17 14:45:32.000,0.39999998,-8.799999,3.25,3.0,13.324929,74.739944,9.389487865906265,-8.0,5.0,-0.8774493541219162,0.0,0.0,3.0,3.0
zRYzhAEAHAABAAAKCRtcAAsAtwB1gBAQ,2020-08-17 14:45:37.000,0.49999994,-8.8,3.25,1.0,13.324929,74.739944,9.39428017146604,-2.0,5.0,0.004792305559774945,0.0,0.0,1.0,1.0
zRYzhAEAHAABAAAKCRtcAAsAtwB1gBAQ,2020-08-17 14:45:42.000,0.7,-8.8,3.25,1.0,13.324929,74.739944,9.407045232165093,0.0,5.0,0.01276506069905281,0.0,0.0,1.0,1.0
zRYzhAEAHAABAAAKCRtcAAsAtwB1gBAQ,2020-08-17 14:46:07.000,1.1,-9.0,3.0,1.0,13.324929,74.739944,9.550392662084633,0.0,25.0,0.1433474299195403,0.0,0.0,1.0,1.0
zRYzhAEAHAABAAAKCRtcAAsAtwB1gBAQ,2020-08-17 14:46:12.000,1.1,-9.0,3.0,1.0,13.324929,74.739944,9.550392662084633,0.0,5.0,0.0,0.0,0.0,1.0,1.0
zRYzhAEAHAABAAAKCRtcAAsAtwB1gBAQ,2020-08-17 14:46:15.000,1.1999999,-7.599999,4.25,16.0,13.324929,74.739944,8.789908108734755,15.0,3.0,-0.7604845533498779,0.0,0.0,16.0,16.0
zRYzhAEAHAABAAAKCRtcAAsAtwB1gBAQ,2020-08-17 14:46:20.000,-1.5,-9.2,5.25,24.0,13.324994,74.74045,10.698247520038036,8.0,5.0,1.908339411303281,55.22491844813735,39.761941282658896,15.761941282658896,0.5887845192056683
zRYzhAEAHAABAAAKCRtcAAsAtwB1gBAQ,2020-08-17 14:46:25.000,-0.10000009,-5.999999,5.25,30.0,13.325129,74.74063,7.9732357307432595,6.0,5.0,-2.7250117892947765,24.589909526963943,17.70473485941404,12.295265140585961,1.6038719728176787
zRYzhAEAHAABAAAKCRtcAAsAtwB1gBAQ,2020-08-17 14:46:35.000,3.2,-2.999999,1.25,35.0,13.325901,74.740906,4.560975115038559,5.0,10.0,-3.4122606157047004,90.88873220525709,32.71994359389255,2.280056406107448,1.0379614041329326
zRYzhAEAHAABAAAKCRtcAAsAtwB1gBAQ,2020-08-17 14:46:40.000,0.6999999,-8.4,4.25,40.0,13.326498,74.74127,9.43994172969304,5.0,5.0,4.87896661465448,77.18768471425916,55.575132994266596,15.575132994266596,0.7070244095414439
zRYzhAEAHAABAAAKCRtcAAsAtwB1gBAQ,2020-08-17 14:46:45.000,0.4,-7.399999,4.25,45.0,13.326751,74.74148,8.542978707687443,5.0,5.0,-0.8969630220055969,36.162449611909594,26.036963720574906,18.963036279425094,1.6643880749729072
zRYzhAEAHAABAAAKCRtcAAsAtwB1gBAQ,2020-08-17 14:46:50.000,1.6999999,-8.799999,3.25,44.0,13.327475,74.7421,9.533754877276897,-1.0,5.0,0.9907761695894539,104.79205508246316,75.45027965937348,31.45027965937348,0.5755374629895839
zRYzhAEAHAABAAAKCRtcAAsAtwB1gBAQ,2020-08-17 14:46:55.000,0.5,-8.799999,3.75,44.0,13.327726,74.74234,9.57875160968281,0.0,5.0,0.044996732405913065,38.12222116586964,27.44799923942614,16.55200076057386,1.546681706143338
zRYzhAEAHAABAAAKCRtcAAsAtwB1gBAQ,2020-08-17 14:47:00.000,1.9999999,-9.799999,3.75,49.0,13.328258,74.74281,10.68187623968753,5.0,5.0,1.1031246300047197,78.00979640015868,56.16705340811425,7.167053408114249,0.8571370584764996
zRYzhAEAHAABAAAKCRtcAAsAtwB1gBAQ,2020-08-17 14:47:10.000,0.79999983,-7.799999,3.75,47.0,13.329187,74.74377,8.691517941533633,-2.0,10.0,-1.9903582981538968,146.49315255045,52.737534918162,5.737534918161998,0.874621436796036
zRYzhAEAHAABAAAKCRtcAAsAtwB1gBAQ,2020-08-17 14:47:12.000,0.79999983,-7.799999,3.75,47.0,13.329187,74.74377,8.691517941533633,0.0,2.0,0.0,0.0,0.0,47.0,47.0
zRYzhAEAHAABAAAKCRtcAAsAtwB1gBAQ,2020-08-17 14:47:15.000,2.6000001,-8.4,2.25,48.0,13.329412,74.74407,9.07648062411858,1.0,3.0,0.3849626825849466,40.9827320558916,49.17927846706993,1.1792784670699277,0.9565701513922709
zRYzhAEAHAABAAAKCRtcAAsAtwB1gBAQ,2020-08-17 14:47:20.000,-0.8000002,-8.999999,2.25,48.0,13.329792,74.744835,9.3114167729729,0.0,5.0,0.23493614885432024,92.93379565345427,66.91233287048708,18.912332870487077,0.7067935671056816
zRYzhAEAHAABAAAKCRtcAAsAtwB1gBAQ,2020-08-17 14:47:30.000,0.2000001,-9.599999,4.75,51.0,13.330703,74.74576,10.712725182697492,3.0,10.0,1.4013084097245923,142.40165130242843,51.264594468874236,0.2645944688742361,0.9758039934734908
zRYzhAEAHAABAAAKCRtcAAsAtwB1gBAQ,2020-08-17 14:47:35.000,-0.20000018,-10.2,4.25,45.0,13.330985,74.74603,11.051809809800385,-6.0,5.0,0.3390846271028938,42.85671324175052,30.856833534060375,14.143166465939625,1.4125697694307044
zRYzhAEAHAABAAAKCRtcAAsAtwB1gBAQ,2020-08-17 14:47:40.000,0.60000014,-8.799999,3.25,16.0,13.331479,74.74649,9.400132050561897,-29.0,5.0,-1.6516777592384884,74.1250615436348,53.370044311417054,37.370044311417054,0.2942796939497839
zRYzhAEAHAABAAAKCRtcAAsAtwB1gBAQ,2020-08-17 14:47:45.000,0.09999982,-8.8,4.0,1.0,13.331474,74.74653,9.66695401685557,-15.0,5.0,0.26682196629367283,4.363503971159923,3.1417228592351445,2.1417228592351445,0.24144541631273483
zRYzhAEAHAABAAAKCRtcAAsAtwB1gBAQ,2020-08-17 14:47:50.000,0.80000013,-9.599999,4.0,11.0,13.331474,74.74653,10.430722937936805,10.0,5.0,0.7637689210812351,0.0,0.0,11.0,11.0
zRYzhAEAHAABAAAKCRtcAAsAtwB1gBAQ,2020-08-17 14:48:00.000,1.8000002,-8.2,3.5,37.0,13.331002,74.74619,9.095603373058879,26.0,10.0,-1.3351195648779264,64.09284289487721,23.073423442155793,13.926576557844207,1.5369646153113412
zRYzhAEAHAABAAAKCRtcAAsAtwB1gBAQ,2020-08-17 14:48:05.000,0.29999983,-6.9999995,3.5,40.0,13.330779,74.74599,7.831985246283364,3.0,5.0,-1.2636181267755147,32.91114711516386,23.69602592291798,16.30397407708202,1.6196937970849752
zRYzhAEAHAABAAAKCRtcAAsAtwB1gBAQ,2020-08-17 14:48:10.000,2.6000001,-7.7999997,1.25,48.0,13.330237,74.7455,8.31639921119712,8.0,5.0,0.4844139649137569,80.26856009388176,57.79336326759487,9.79336326759487,0.8164186794609887
zRYzhAEAHAABAAAKCRtcAAsAtwB1gBAQ,2020-08-17 14:48:12.000,2.6000001,-7.7999997,1.25,48.0,13.330237,74.7455,8.31639921119712,0.0,2.0,0.0,0.0,0.0,48.0,48.0
zRYzhAEAHAABAAAKCRtcAAsAtwB1gBAQ,2020-08-17 14:48:16.000,1.9999999,-8.2,1.75,43.0,13.329965,74.745224,8.619889767276609,-5.0,4.0,0.30349055607948827,42.50361287864866,38.2532515907838,4.7467484092162024,1.0954506507709516
zRYzhAEAHAABAAAKCRtcAAsAtwB1gBAQ,2020-08-17 14:48:21.000,0.3000001,-9.599999,5.25,50.0,13.329503,74.74456,10.945888765194036,7.0,5.0,2.325998997917427,88.32153297303648,63.59150374058627,13.591503740586269,0.7740956179130158
zRYzhAEAHAABAAAKCRtcAAsAtwB1gBAQ,2020-08-17 14:48:26.000,0.19999985,-9.599999,3.25,48.0,13.329309,74.74416,10.137183077167,-2.0,5.0,-0.808705688027036,48.35784552555857,34.817648778402166,13.182351221597834,1.3401214662907668
zRYzhAEAHAABAAAKCRtcAAsAtwB1gBAQ,2020-08-17 14:48:31.000,0.1000001,-8.599999,3.25,48.0,13.328823,74.74339,9.194154818144026,0.0,5.0,-0.9430282590229737,99.30542504928951,71.49990603548845,23.49990603548845,0.6620698236009323
zRYzhAEAHAABAAAKCRtcAAsAtwB1gBAQ,2020-08-17 14:48:41.000,1.0999999,-8.2,4.5,50.0,13.327844,74.74254,9.418067730697205,2.0,10.0,0.22391291255317824,142.50939278714944,51.3033814033738,1.3033814033737983,0.955961137854364
zRYzhAEAHAABAAAKCRtcAAsAtwB1gBAQ,2020-08-17 14:48:46.000,-0.99999994,-9.599999,4.5,50.0,13.327551,74.74231,10.649412222277858,0.0,5.0,1.2313444915806535,40.99730227516309,29.518057638117426,20.481942361882574,1.6383742567400288
zRYzhAEAHAABAAAKCRtcAAsAtwB1gBAQ,2020-08-17 14:48:51.000,0.2999999,-9.599999,3.75,50.0,13.326841,74.741745,10.310794379678077,0.0,5.0,-0.3386178425997812,99.85049223976073,71.89235441262772,21.892354412627725,0.6859429963938454
zRYzhAEAHAABAAAKCRtcAAsAtwB1gBAQ,2020-08-17 14:48:56.000,-0.79999995,-9.599999,3.0,49.0,13.326544,74.74151,10.08959764906416,-1.0,5.0,-0.22119673061391687,41.67953170742956,30.009262829349286,18.990737170650714,1.5801730041006667
zRYzhAEAHAABAAAKCRtcAAsAtwB1gBAQ,2020-08-17 14:49:01.000,0.1999999,-8.999999,4.0,44.0,13.325833,74.74102,9.850887369166344,-5.0,5.0,-0.23871027989781624,95.19123753831887,68.5376910275896,24.537691027589602,0.6327503739309185
zRYzhAEAHAABAAAKCRtcAAsAtwB1gBAQ,2020-08-17 14:49:06.000,3.1000001,-3.5999994,-1.5,36.0,13.325504,74.74094,4.981967111493248,-8.0,5.0,-4.868920257673096,37.59326135380542,27.0671481747399,8.932851825260101,1.282638327765682
zRYzhAEAHAABAAAKCRtcAAsAtwB1gBAQ,2020-08-17 14:49:11.000,3.0,-6.799999,-0.75,27.0,13.324911,74.740715,7.470106183984335,-9.0,5.0,2.4881390724910872,70.28933768610389,50.6083231339948,23.6083231339948,0.5231714258550457
zRYzhAEAHAABAAAKCRtcAAsAtwB1gBAQ,2020-08-17 14:49:12.000,3.0,-6.799999,-0.75,27.0,13.324911,74.740715,7.470106183984335,0.0,1.0,0.0,0.0,0.0,27.0,27.0
zRYzhAEAHAABAAAKCRtcAAsAtwB1gBAQ,2020-08-17 14:49:16.000,2.1000001,-8.2,3.0,21.0,13.324828,74.74055,8.980534528634696,-6.0,4.0,1.5104283446503608,20.09765746506778,18.087891718561004,2.9121082814389965,1.1001738856041219
zRYzhAEAHAABAAAKCRtcAAsAtwB1gBAQ,2020-08-17 14:49:21.000,0.19999996,-8.599999,3.0,19.0,13.324855,74.74005,9.110432634293556,-2.0,5.0,0.12989810565886017,54.18396589377901,39.012455443520885,20.012455443520885,0.4748521376504681
zRYzhAEAHAABAAAKCRtcAAsAtwB1gBAQ,2020-08-17 14:49:26.000,1.7000002,-8.599999,2.5,11.0,13.324905,74.73995,9.115919233955566,-8.0,5.0,0.00548659966201015,12.164961368143146,8.758772185063066,2.2412278149369342,1.1271909817545263
zRYzhAEAHAABAAAKCRtcAAsAtwB1gBAQ,2020-08-17 14:49:31.000,1.0,-8.999999,2.75,5.0,13.324905,74.73995,9.463745664376289,-6.0,5.0,0.3478264304207226,0.0,0.0,5.0,5.0
zRYzhAEAHAABAAAKCRtcAAsAtwB1gBAQ,2020-08-17 14:50:09.000,0.90000015,-8.799999,3.5,1.0,13.324905,74.73995,9.513147884375655,-4.0,38.0,0.04940221999936689,0.0,0.0,1.0,1.0
zRYzhAEAHAABAAAKCRtcAAsAtwB1gBAQ,2020-08-17 14:50:12.000,0.90000015,-8.799999,3.5,1.0,13.324905,74.73995,9.513147884375655,0.0,3.0,0.0,0.0,0.0,1.0,1.0
zRYzhAEAHAABAAAKCRtcAAsAtwB1gBAQ,2020-08-17 14:50:15.000,1.5,-8.199999,3.5,4.0,13.324905,74.73995,9.041016734859028,3.0,3.0,-0.4721311495166276,0.0,0.0,4.0,4.0
zRYzhAEAHAABAAAKCRtcAAsAtwB1gBAQ,2020-08-17 14:50:20.000,-1.1999999,-8.199999,5.0,18.0,13.324953,74.74023,9.678842046443418,14.0,5.0,0.6378253115843897,30.762947970996116,22.149322539117204,4.149322539117204,0.7775605514841312
zRYzhAEAHAABAAAKCRtcAAsAtwB1gBAQ,2020-08-17 14:50:25.000,0.8,-7.999999,3.25,25.0,13.324981,74.74041,8.671936577258911,7.0,5.0,-1.006905469184506,19.723538889941995,14.200948000758238,10.799051999241762,1.6446342687806692
zRYzhAEAHAABAAAKCRtcAAsAtwB1gBAQ,2020-08-17 14:50:30.000,-4.3,-9.999999,11.25,33.0,13.325232,74.7407,15.654152164841156,8.0,5.0,6.982215587582244,41.99484685285483,30.236289734055475,2.7637102659445247,1.0564635006577505
zRYzhAEAHAABAAAKCRtcAAsAtwB1gBAQ,2020-08-17 14:50:35.000,1.2,-8.999999,3.5,42.0,13.325597,74.74079,9.730877761024491,9.0,5.0,-5.923274403816665,41.73806617948142,30.051407649226626,11.948592350773374,1.3525956850154606
zRYzhAEAHAABAAAKCRtcAAsAtwB1gBAQ,2020-08-17 14:50:40.000,0.7999999,-8.999999,3.5,39.0,13.326204,74.74103,9.68968430032687,-3.0,5.0,-0.04119346069762031,72.31851429188823,52.069330290159535,13.069330290159535,0.7348877362266552
zRYzhAEAHAABAAAKCRtcAAsAtwB1gBAQ,2020-08-17 14:50:45.000,2.3,-8.999999,3.25,46.0,13.326449,74.74122,9.841365860489132,7.0,5.0,0.15168156016226142,34.12924452419409,24.57305605741975,21.42694394258025,1.7987681994954057
zRYzhAEAHAABAAAKCRtcAAsAtwB1gBAQ,2020-08-17 14:50:57.000,-0.40000013,-9.999999,3.75,43.0,13.327711,74.742256,10.687491759248333,-3.0,12.0,0.8461258987592011,179.60341171118242,53.88102351335473,10.881023513354727,0.7835130842546404
zRYzhAEAHAABAAAKCRtcAAsAtwB1gBAQ,2020-08-17 14:51:02.000,0.49999994,-7.9999986,2.75,43.0,13.328204,74.74269,8.474224303144327,0.0,5.0,-2.213267456104006,72.18216456051363,51.971158483569816,8.971158483569816,0.8117624992728336
zRYzhAEAHAABAAAKCRtcAAsAtwB1gBAQ,2020-08-17 14:51:07.000,1.8999999,-9.199999,2.25,43.0,13.328584,74.743004,9.659838571114996,0.0,5.0,1.185614267970669,54.21891485952385,39.03761869885717,3.962381301142827,1.0739899473898378
zRYzhAEAHAABAAAKCRtcAAsAtwB1gBAQ,2020-08-17 14:51:12.000,0.29999995,-10.799998,5.0,43.0,13.328864,74.74325,11.90503913349318,0.0,5.0,2.2452005623781837,40.96136777232027,29.4921847960706,13.5078152039294,1.4101974091912637
zRYzhAEAHAABAAAKCRtcAAsAtwB1gBAQ,2020-08-17 14:51:13.000,0.29999995,-10.799998,5.0,43.0,13.32921,74.74373,11.90503913349318,0.0,1.0,0.0,64.6338369228594,18.37141996819203,24.62858003180797,2.2197649976411755
zRYzhAEAHAABAAAKCRtcAAsAtwB1gBAQ,2020-08-17 14:51:17.000,1.9999999,-8.799999,2.0,39.0,13.329335,74.74398,9.243375032962852,-4.0,4.0,-2.661664100530327,30.411966476281528,27.370769828653376,11.629230171346624,1.3746542739425955
zRYzhAEAHAABAAAKCRtcAAsAtwB1gBAQ,2020-08-17 14:51:22.000,-0.10000005,-10.399999,3.0,24.0,13.329493,74.74424,10.824508266429518,-15.0,5.0,1.581133233466666,33.16720406178166,23.880386924482796,0.11961307551720424,0.96461522374411
zRYzhAEAHAABAAAKCRtcAAsAtwB1gBAQ,2020-08-17 14:51:27.000,0.89999986,-8.999999,3.0,1.0,13.3297,74.744514,9.529427146896136,-23.0,5.0,-1.295081119533382,37.532921285090474,27.023703325265142,26.023703325265142,0.035684077453761676
zRYzhAEAHAABAAAKCRtcAAsAtwB1gBAQ,2020-08-17 14:51:32.000,0.59999996,-8.799998,3.75,1.0,13.3297,74.744514,9.584490844693004,0.0,5.0,0.05506369779686793,0.0,0.0,1.0,1.0
zRYzhAEAHAABAAAKCRtcAAsAtwB1gBAQ,2020-08-17 14:51:37.000,0.79999983,-8.599999,3.5,1.0,13.3297,74.744514,9.31933380279948,0.0,5.0,-0.2651570418935236,0.0,0.0,1.0,1.0
zRYzhAEAHAABAAAKCRtcAAsAtwB1gBAQ,2020-08-17 14:54:11.000,0.7,-8.8,2.75,0.0,13.329691,74.744545,9.24621544200653,-1.0,154.0,-0.0731183607929502,3.500288182112028,18.37141996819203,18.37141996819203,0.0
zRYzhAEAHAABAAAKCRtcAAsAtwB1gBAQ,2020-08-17 15:22:27.000,0.29999998,-9.0,4.5,33.0,13.330278,74.745476,10.06677704074149,33.0,1696.0,0.8205615987349599,120.03157270102716,18.37141996819203,14.62858003180797,1.7035405795850882
zRYzhAEAHAABAAAKCRtcAAsAtwB1gBAQ,2020-08-17 15:22:57.000,1.0,-9.000001,3.5,34.0,13.330508,74.74577,9.708244846520971,1.0,30.0,-0.3585321942205191,40.81641579869261,4.897969895843113,29.10203010415689,5.764695412223651
zRYzhAEAHAABAAAKCRtcAAsAtwB1gBAQ,2020-08-17 15:23:02.000,-0.40000004,-9.000001,5.5,34.0,13.330857,74.74616,10.555094411325793,0.0,5.0,0.8468495648048222,57.32903741745013,41.276906940564096,7.276906940564096,0.8042215587767486
zRYzhAEAHAABAAAKCRtcAAsAtwB1gBAQ,2020-08-17 15:23:14.000,1.3,-10.0,3.5,11.0,13.331387,74.74665,10.674268124794317,-23.0,12.0,0.11917371346852335,79.27151416768969,23.781454250306908,12.781454250306908,0.44388032634782804
zRYzhAEAHAABAAAKCRtcAAsAtwB1gBAQ,2020-08-17 15:23:19.000,-1.0,-10.0,5.0,24.0,13.331387,74.74665,11.224972160321824,13.0,5.0,0.5507040355275077,0.0,0.0,24.0,24.0
zRYzhAEAHAABAAAKCRtcAAsAtwB1gBAQ,2020-08-17 15:23:24.000,0.79999995,-9.400001,3.25,28.0,13.33105,74.74627,9.978101959791802,4.0,5.0,-1.2468702005300223,55.62988592860552,40.053517868595975,12.053517868595975,0.6820365574911837
zRYzhAEAHAABAAAKCRtcAAsAtwB1gBAQ,2020-08-17 15:23:29.000,0.6,-8.6,3.0,33.0,13.330696,74.745926,9.12797896579522,5.0,5.0,-0.8501229939965818,54.173814090841894,39.005146145406165,6.005146145406165,0.8248938744044415
zRYzhAEAHAABAAAKCRtcAAsAtwB1gBAQ,2020-08-17 15:23:34.000,-0.30000007,-9.200001,4.25,32.0,13.330443,74.74568,10.1386645295128,-1.0,5.0,1.0106855637175798,38.72838786055405,27.884439259598917,4.115560740401083,1.1078629469798593
zRYzhAEAHAABAAAKCRtcAAsAtwB1gBAQ,2020-08-17 15:23:39.000,-0.6,-9.8,4.0,32.0,13.330088,74.74528,10.601886624558858,0.0,5.0,0.46322209504605816,58.57761565686006,42.175883272939245,10.175883272939245,0.7411544958492187
zRYzhAEAHAABAAAKCRtcAAsAtwB1gBAQ,2020-08-17 15:23:49.000,1.0,-7.8,2.75,32.0,13.329562,74.74461,8.330816286535192,0.0,10.0,-2.271070338023666,93.14619081537882,33.532628693536374,1.532628693536374,0.9266598347895126
zRYzhAEAHAABAAAKCRtcAAsAtwB1gBAQ,2020-08-17 15:23:52.000,1.0,-7.8,2.75,32.0,13.329562,74.74461,8.330816286535192,0.0,3.0,0.0,0.0,0.0,32.0,32.0
zRYzhAEAHAABAAAKCRtcAAsAtwB1gBAQ,2020-08-17 15:23:56.000,0.79999995,-8.600001,3.0,34.0,13.329303,74.74407,9.143304496734263,2.0,4.0,0.8124882101990707,65.13987741143198,58.625889670288785,24.625889670288785,0.570222099628343
zRYzhAEAHAABAAAKCRtcAAsAtwB1gBAQ,2020-08-17 15:24:01.000,0.39999998,-8.600001,3.0,35.0,13.329158,74.74382,9.117017998446697,1.0,5.0,-0.026286498287566573,31.49055798733403,22.6732017508805,12.326798249119499,1.4784649904273388
zRYzhAEAHAABAAAKCRtcAAsAtwB1gBAQ,2020-08-17 15:24:11.000,1.3,-7.0000014,2.75,36.0,13.328459,74.743004,7.632333823936291,1.0,10.0,-1.4846841745104058,117.6286726880549,42.34632216769977,6.346322167699768,0.8305202886815158
zRYzhAEAHAABAAAKCRtcAAsAtwB1gBAQ,2020-08-17 15:24:22.000,1.4,-6.8000016,2.5,36.0,13.327727,74.742424,7.379025800199004,0.0,11.0,-0.25330802373728645,102.77845271697255,33.63658452555465,2.363415474445347,1.0393634503263285
zRYzhAEAHAABAAAKCRtcAAsAtwB1gBAQ,2020-08-17 15:24:27.000,0.39999995,-9.000001,5.25,37.0,13.327435,74.742195,10.427009061087508,1.0,5.0,3.047983260888504,40.843268997677384,29.407153678327717,7.592846321672283,1.2168189233170892
zRYzhAEAHAABAAAKCRtcAAsAtwB1gBAQ,2020-08-17 15:24:37.000,0.19999996,-8.000001,4.25,38.0,13.326693,74.74157,9.061043868341052,1.0,10.0,-1.3659651927464562,106.6795400985861,38.404634435491,0.40463443549099765,0.9643535727303723
zRYzhAEAHAABAAAKCRtcAAsAtwB1gBAQ,2020-08-17 15:24:42.000,1.0999999,-8.200002,3.25,38.0,13.32619,74.741196,8.888899402063451,0.0,5.0,-0.17214446627760083,69.03525435876162,49.70538313830837,11.70538313830837,0.7494273319333359
zRYzhAEAHAABAAAKCRtcAAsAtwB1gBAQ,2020-08-17 15:24:47.000,0.29999995,-10.200001,4.5,34.0,13.32585,74.74099,11.152579090506421,-4.0,5.0,2.26367968844297,43.88771317304347,31.5991534845913,2.4008465154086984,1.042971867845306
zRYzhAEAHAABAAAKCRtcAAsAtwB1gBAQ,2020-08-17 15:24:52.000,3.0,-7.000002,4.5,34.0,13.325105,74.740814,8.845904589130724,0.0,5.0,-2.3066745013756975,85.00090236524544,61.20064970297672,27.20064970297672,0.5466180845756161
zRYzhAEAHAABAAAKCRtcAAsAtwB1gBAQ,2020-08-17 15:24:57.000,-0.50000006,-12.000001,9.75,24.0,13.324879,74.74076,15.469729282052771,-10.0,5.0,6.623824692922048,25.800363774018432,18.576261917293273,5.423738082706727,1.2259746064594124
zRYzhAEAHAABAAAKCRtcAAsAtwB1gBAQ,2020-08-17 15:25:02.000,0.19999996,-1.8000019,4.75,25.0,13.324822,74.74067,5.083552579053708,1.0,5.0,-10.386176702999062,11.619071889865596,8.365731760703229,16.634268239296773,2.6693055747010703
zRYzhAEAHAABAAAKCRtcAAsAtwB1gBAQ,2020-08-17 15:25:07.000,0.49999994,-8.000001,3.5,23.0,13.324812,74.74028,8.746428753497108,-2.0,5.0,3.6628761744434,42.21321833144745,30.393517198642165,7.393517198642165,0.7326353353295119
zRYzhAEAHAABAAAKCRtcAAsAtwB1gBAQ,2020-08-17 15:25:12.000,2.2,-8.000002,3.25,11.0,13.324874,74.73997,8.91080983973982,-12.0,5.0,0.1643810862427113,34.243603331787256,24.655394398886823,13.655394398886823,0.42875973095456626
zRYzhAEAHAABAAAKCRtcAAsAtwB1gBAQ,2020-08-17 15:25:17.000,0.59999996,-8.600001,2.75,4.0,13.324874,74.73997,9.048895907899539,-7.0,5.0,0.13808606815971913,0.0,0.0,4.0,4.0
zRYzhAEAHAABAAAKCRtcAAsAtwB1gBAQ,2020-08-17 15:25:22.000,1.0,-8.800002,3.0,1.0,13.324874,74.73997,9.350937664213358,-3.0,5.0,0.3020417563138196,0.0,0.0,1.0,1.0
zRYzhAEAHAABAAAKCRtcAAsAtwB1gBAQ,2020-08-17 15:25:27.000,0.9,-8.800002,3.0,1.0,13.324874,74.73997,9.340772730347528,0.0,5.0,-0.010164933865830506,0.0,0.0,1.0,1.0
zRYzhAEAHAABAAAKCRtcAAsAtwB1gBAQ,2020-08-17 15:25:32.000,0.5,-8.800001,3.5,1.0,13.324874,74.73997,9.483671103533746,0.0,5.0,0.14289837318621856,0.0,0.0,1.0,1.0
zRYzhAEAHAABAAAKCRtcAAsAtwB1gBAQ,2020-08-17 15:25:47.000,0.9,-8.800001,3.25,3.0,13.324874,74.73997,9.42403934626766,2.0,15.0,-0.05963175726608583,0.0,0.0,3.0,3.0
zRYzhAEAHAABAAAKCRtcAAsAtwB1gBAQ,2020-08-17 15:25:52.000,0.9,-8.800001,3.25,3.0,13.324874,74.73997,9.42403934626766,0.0,5.0,0.0,0.0,0.0,3.0,3.0
zRYzhAEAHAABAAAKCRtcAAsAtwB1gBAQ,2020-08-17 15:25:54.000,0.19999996,-8.800001,3.5,21.0,13.324947,74.74023,9.472592970459619,18.0,2.0,0.04855362419195863,29.28002111947892,52.70403801506206,31.70403801506206,0.3910320485418667
zRYzhAEAHAABAAAKCRtcAAsAtwB1gBAQ,2020-08-17 15:25:59.000,-3.0,-9.4000025,4.75,25.0,13.325043,74.74053,10.950915349869446,4.0,5.0,1.4783223794098266,34.17057282549938,24.602812434359553,0.3971875656404471,0.976455225928595
zRYzhAEAHAABAAAKCRtcAAsAtwB1gBAQ,2020-08-17 15:26:04.000,-0.90000004,-7.2000012,5.25,32.0,13.325217,74.74069,8.956144111837496,7.0,5.0,-1.9947712380319498,25.962561058706747,18.69304396226886,13.30695603773114,1.624939245619459
zRYzhAEAHAABAAAKCRtcAAsAtwB1gBAQ,2020-08-17 15:26:09.000,2.4,-8.4000025,4.25,35.0,13.325769,74.74089,9.715067781544617,3.0,5.0,0.7589236697071211,65.08267730728024,46.85952766124177,11.85952766124177,0.731306841298899
zRYzhAEAHAABAAAKCRtcAAsAtwB1gBAQ,2020-08-17 15:26:14.000,1.5,-5.2000012,2.75,36.0,13.326018,74.74099,6.070627025275185,1.0,5.0,-3.6444407562694323,29.726658325548105,21.403193994394638,14.596806005605362,1.606913728864167
zRYzhAEAHAABAAAKCRtcAAsAtwB1gBAQ,2020-08-17 15:26:19.000,1.0000001,-5.2000012,2.75,41.0,13.326565,74.74136,5.966784115417739,5.0,5.0,-0.1038429098574456,72.81660739619254,52.427957325258625,11.427957325258625,0.7673884994404759
zRYzhAEAHAABAAAKCRtcAAsAtwB1gBAQ,2020-08-17 15:26:24.000,1.2,-7.4000025,3.0,40.0,13.326799,74.741554,8.074653986395099,-1.0,5.0,2.1078698709773596,33.431109176347576,24.070398606970258,15.929601393029742,1.5955071407950772
zRYzhAEAHAABAAAKCRtcAAsAtwB1gBAQ,2020-08-17 15:26:29.000,0.4000001,-7.4000025,4.0,35.0,13.327363,74.74204,8.421403510104849,-5.0,5.0,0.3467495237097502,81.84292511720209,58.9269060843855,23.9269060843855,0.5840448353985618
zRYzhAEAHAABAAAKCRtcAAsAtwB1gBAQ,2020-08-17 15:26:49.000,1.8000001,-7.8000026,2.5,41.0,13.32894,74.74348,8.38630078878684,6.0,20.0,-0.03510272131800818,234.5746907582656,42.22344433648781,1.223444336487809,0.9485592976075983
zRYzhAEAHAABAAAKCRtcAAsAtwB1gBAQ,2020-08-17 15:26:52.000,1.8000001,-7.8000026,2.5,41.0,13.32894,74.74348,8.38630078878684,0.0,3.0,0.0,0.0,0.0,41.0,41.0
zRYzhAEAHAABAAAKCRtcAAsAtwB1gBAQ,2020-08-17 15:26:55.000,2.4,-8.400001,1.25,42.0,13.32923,74.74382,8.82510718348514,1.0,3.0,0.4388063946982985,48.920184016449795,58.70422081973975,16.704220819739753,0.7034678524120981
zRYzhAEAHAABAAAKCRtcAAsAtwB1gBAQ,2020-08-17 15:27:00.000,-0.39999998,-9.000003,3.25,37.0,13.32956,74.74437,9.577189252803192,-5.0,5.0,0.7520820693180532,69.91334190616618,50.33760617243965,13.33760617243965,0.7207192301822455
zRYzhAEAHAABAAAKCRtcAAsAtwB1gBAQ,2020-08-17 15:27:05.000,0.8000001,-9.000001,2.0,3.0,13.329703,74.74459,9.254189222184783,-34.0,5.0,-0.32300003061840954,28.626229141169908,20.610884981642336,17.610884981642336,0.13881893326202935
zRYzhAEAHAABAAAKCRtcAAsAtwB1gBAQ,2020-08-17 15:27:10.000,0.70000005,-8.600003,5.25,5.0,13.329769,74.74462,10.100126319507543,2.0,5.0,0.8459370973227607,8.024669104628968,5.777761755332857,0.7777617553328566,0.7377066619472005
zRYzhAEAHAABAAAKCRtcAAsAtwB1gBAQ,2020-08-17 15:27:15.000,0.20000006,-9.400001,4.0,25.0,13.329769,74.74462,10.217632740708632,20.0,5.0,0.11750642120108878,0.0,0.0,25.0,25.0
zRYzhAEAHAABAAAKCRtcAAsAtwB1gBAQ,2020-08-17 15:27:20.000,-0.099999964,-8.800003,6.25,39.0,13.329988,74.745026,10.794098053696242,14.0,5.0,0.5764653129876098,50.226992709242445,36.16343475065456,2.8365652493454405,1.049418608954413
zRYzhAEAHAABAAAKCRtcAAsAtwB1gBAQ,2020-08-17 15:27:25.000,0.8000001,-8.400001,3.75,47.0,13.330221,74.7453,9.233770462817505,8.0,5.0,-1.560327590878737,39.37212482750613,28.34792987580441,18.65207012419559,1.6014758178480129
zRYzhAEAHAABAAAKCRtcAAsAtwB1gBAQ,2020-08-17 15:27:30.000,-0.19999996,-8.400001,4.5,42.0,13.330788,74.74592,9.531527515776315,-5.0,5.0,0.2977570529588096,92.0606503221727,66.28366823196436,24.283668231964356,0.6242228032990497
zRYzhAEAHAABAAAKCRtcAAsAtwB1gBAQ,2020-08-17 15:27:35.000,1.9000001,-8.200003,1.75,37.0,13.331019,74.746155,8.597240812028533,-5.0,5.0,-0.934286703747782,36.142624604797774,26.022689715454398,10.977310284545602,1.3692197331059732
zRYzhAEAHAABAAAKCRtcAAsAtwB1gBAQ,2020-08-17 15:27:40.000,0.6,-8.200001,3.5,7.0,13.331407,74.746574,8.935883638454621,-30.0,5.0,0.33864282642608856,62.58318135711213,45.05989057712073,38.05989057712073,0.15197604493392133
zRYzhAEAHAABAAAKCRtcAAsAtwB1gBAQ,2020-08-17 15:27:45.000,0.9000001,-8.200001,5.25,13.0,13.331407,74.746574,9.778165297232452,6.0,5.0,0.8422816587778303,0.0,0.0,13.0,13.0
zRYzhAEAHAABAAAKCRtcAAsAtwB1gBAQ,2020-08-17 15:27:52.000,0.9000001,-6.8000026,4.5,27.0,13.331407,74.746574,8.20365988690455,14.0,7.0,-1.5745054103279017,0.0,0.0,27.0,27.0
zRYzhAEAHAABAAAKCRtcAAsAtwB1gBAQ,2020-08-17 15:27:55.000,-0.39999998,-6.8000026,4.5,35.0,13.330962,74.74623,8.16394728939419,8.0,3.0,-0.03971259751035916,61.917649373463234,74.30117924815589,39.30117924815589,0.4648001578389245
zRYzhAEAHAABAAAKCRtcAAsAtwB1gBAQ,2020-08-17 15:28:00.000,1.0000001,-8.6,3.5,40.0,13.330485,74.745766,9.338629460472239,5.0,5.0,1.1746821710780484,73.03222912332689,52.58320496879536,12.583204968795357,0.7465025659307678
zRYzhAEAHAABAAAKCRtcAAsAtwB1gBAQ,2020-08-17 15:28:05.000,0.90000004,-8.800003,2.5,43.0,13.330244,74.74548,9.19239103128283,3.0,5.0,-0.14623842918940966,40.935546474562734,29.47359346168517,13.52640653831483,1.4110577426342725
zRYzhAEAHAABAAAKCRtcAAsAtwB1gBAQ,2020-08-17 15:28:10.000,0.9000001,-10.400001,5.75,42.0,13.329705,74.7449,11.917739759702801,-1.0,5.0,2.7253487284199718,86.77756798625548,62.47984895010395,20.47984895010395,0.6616272832188461
zRYzhAEAHAABAAAKCRtcAAsAtwB1gBAQ,2020-08-17 15:28:15.000,0.8,-8.400003,3.25,42.0,13.329558,74.7446,9.042264672083482,0.0,5.0,-2.8754750876193196,36.343067633873815,26.167008696389146,15.832991303610854,1.545992805810172
zRYzhAEAHAABAAAKCRtcAAsAtwB1gBAQ,2020-08-17 15:28:20.000,0.6000001,-9.200001,3.25,42.0,13.329201,74.74387,9.775608345264299,0.0,5.0,0.7333436731808174,88.39989107779297,63.647921576010944,21.647921576010944,0.6496728584014531
zRYzhAEAHAABAAAKCRtcAAsAtwB1gBAQ,2020-08-17 15:28:25.000,0.90000004,-9.600003,3.25,42.0,13.329002,74.74361,10.175094971154273,0.0,5.0,0.3994866258899741,35.791645688521236,25.76998489573529,16.23001510426471,1.5689213185432538
zRYzhAEAHAABAAAKCRtcAAsAtwB1gBAQ,2020-08-17 15:28:30.000,0.9000001,-8.000001,4.0,45.0,13.32851,74.74308,8.98943914713265,3.0,5.0,-1.185655824021623,79.25591655311064,57.064259918239664,12.064259918239664,0.7750034197174741
zRYzhAEAHAABAAAKCRtcAAsAtwB1gBAQ,2020-08-17 15:28:35.000,0.5,-8.000001,4.0,45.0,13.328239,74.74288,8.958237326617384,0.0,5.0,-0.031201820515265766,37.09900144572439,26.711281040921563,18.288718959078437,1.6238873956620046
zRYzhAEAHAABAAAKCRtcAAsAtwB1gBAQ,2020-08-17 15:28:40.000,1.0000001,-8.800003,2.75,48.0,13.327624,74.74233,9.273756143009638,3.0,5.0,0.3155188163922542,90.65283498360799,65.27004118819775,17.27004118819775,0.7243091921987288
zRYzhAEAHAABAAAKCRtcAAsAtwB1gBAQ,2020-08-17 15:28:45.000,1.6,-9.200001,3.5,49.0,13.32734,74.7421,9.97246300569729,1.0,5.0,0.6987068626876507,40.2066167036128,28.948764026601214,20.051235973398786,1.636127619706677
zRYzhAEAHAABAAAKCRtcAAsAtwB1gBAQ,2020-08-17 15:28:50.000,0.3000001,-9.200003,3.25,51.0,13.326657,74.741516,9.76179057652893,2.0,5.0,-0.21067242916835838,98.79613269623592,71.13321554128986,20.133215541289857,0.7070251841304237
zRYzhAEAHAABAAAKCRtcAAsAtwB1gBAQ,2020-08-17 15:28:52.000,0.3000001,-9.200003,3.25,51.0,13.326657,74.741516,9.76179057652893,0.0,2.0,0.0,0.0,0.0,51.0,51.0
zRYzhAEAHAABAAAKCRtcAAsAtwB1gBAQ,2020-08-17 15:28:58.000,1.0,-9.800001,3.25,43.0,13.325971,74.741035,10.373163432627532,-8.0,6.0,0.6113728560986011,92.34302425885741,55.40581455531445,12.40581455531445,0.7623327548586677
zRYzhAEAHAABAAAKCRtcAAsAtwB1gBAQ,2020-08-17 15:29:21.000,-0.5999999,-10.600002,4.75,11.0,13.324876,74.740005,11.631102367359855,-32.0,23.0,1.2579389347323229,165.06242288379116,25.83585749485427,14.83585749485427,0.4098993297348233
zRYzhAEAHAABAAAKCRtcAAsAtwB1gBAQ,2020-08-17 15:29:27.000,1.0000001,-9.000002,3.0,1.0,13.324876,74.740005,9.539393911565034,-10.0,6.0,-2.091708455794821,0.0,0.0,1.0,1.0
zRYzhAEAHAABAAAKCRtcAAsAtwB1gBAQ,2020-08-17 15:29:59.000,0.89999986,-8.8,3.25,1.0,13.324946,74.74,9.42403839911532,0.0,32.0,-0.11535551244971387,7.80242373104997,0.8777726697431216,0.12222733025687837,0.5325458273587502
zRYzhAEAHAABAAAKCRtcAAsAtwB1gBAQ,2020-08-17 15:30:54.000,0.5999998,-9.0,3.25,1.0,13.324946,74.74,9.587622216170182,0.0,55.0,0.16358381705486202,0.0,0.0,1.0,1.0
zRYzhAEAHAABAAAKCRtcAAsAtwB1gBAQ,2020-08-17 15:31:54.000,0.7999998,-9.0,3.25,1.0,13.324946,74.74,9.602213269866487,0.0,60.0,0.014591053696305423,0.0,0.0,1.0,1.0
zRYzhAEAHAABAAAKCRtcAAsAtwB1gBAQ,2020-08-17 15:31:58.000,0.60000014,-9.0,3.25,1.0,13.324946,74.74,9.587622237447615,0.0,4.0,-0.014591032418872274,0.0,0.0,1.0,1.0
zRYzhAEAHAABAAAKCRtcAAsAtwB1gBAQ,2020-08-17 15:32:49.000,0.90000015,-9.0,3.25,1.0,13.324946,74.74,9.611061349819801,0.0,51.0,0.02343911237218599,0.0,0.0,1.0,1.0
zRYzhAEAHAABAAAKCRtcAAsAtwB1gBAQ,2020-08-17 15:32:54.000,0.9999998,-9.0,3.0,1.0,13.324946,74.74,9.539391993203761,0.0,5.0,-0.07166935661603979,0.0,0.0,1.0,1.0
zRYzhAEAHAABAAAKCRtcAAsAtwB1gBAQ,2020-08-17 15:33:49.000,0.90000015,-8.6,3.25,1.0,13.324946,74.74,9.23755921604836,0.0,55.0,-0.3018327771554006,0.0,0.0,1.0,1.0
zRYzhAEAHAABAAAKCRtcAAsAtwB1gBAQ,2020-08-17 15:33:54.000,0.90000015,-8.6,3.25,1.0,13.324946,74.74,9.23755921604836,0.0,5.0,0.0,0.0,0.0,1.0,1.0
zRYzhAEAHAABAAAKCRtcAAsAtwB1gBAQ,2020-08-17 15:36:03.000,0.7,-8.400001,3.75,12.0,13.324967,74.74013,9.225644519490277,11.0,129.0,-0.011914696558083193,14.258686514832432,18.37141996819203,6.371419968192029,0.6194693016673049
zRYzhAEAHAABAAAKCRtcAAsAtwB1gBAQ,2020-08-17 15:36:09.000,-0.5,-11.6,4.25,24.0,13.324967,74.74013,12.364161920647918,12.0,6.0,3.1385174011576407,0.0,0.0,24.0,24.0
zRYzhAEAHAABAAAKCRtcAAsAtwB1gBAQ,2020-08-17 15:36:16.000,0.59999996,-8.200001,3.5,26.0,13.325217,74.74075,8.935883635768821,2.0,7.0,-3.428278284879097,72.61641713292093,37.34558595407363,11.345585954073627,0.6780441438850382
zRYzhAEAHAABAAAKCRtcAAsAtwB1gBAQ,2020-08-17 15:36:21.000,0.4,-8.6,3.25,26.0,13.325615,74.74085,9.202309492730615,0.0,5.0,0.2664258569617939,45.55909809590725,32.80255062905322,6.802550629053222,0.7691727256123996
zRYzhAEAHAABAAAKCRtcAAsAtwB1gBAQ,2020-08-17 15:36:26.000,0.49999997,-8.000001,3.25,21.0,13.325839,74.740906,8.649422869186186,-5.0,5.0,-0.5528866235444294,25.634085237018066,18.45654137065301,2.54345862934699,1.0793285199020544
zRYzhAEAHAABAAAKCRtcAAsAtwB1gBAQ,2020-08-17 15:36:31.000,2.2,-5.6000004,3.0,23.0,13.325988,74.74095,6.723094858768554,2.0,5.0,-1.926328010417632,17.238494962141942,12.411716372742198,10.588283627257802,1.7149184609022083
zRYzhAEAHAABAAAKCRtcAAsAtwB1gBAQ,2020-08-17 15:36:37.000,1.9,-7.6000004,2.0,44.0,13.328274,74.74285,8.085171988275832,21.0,6.0,1.362077129507278,326.9202374597151,196.15214247582907,152.15214247582907,0.22317789422650794
zRYzhAEAHAABAAAKCRtcAAsAtwB1gBAQ,2020-08-17 15:37:03.000,1.9,-7.6000004,2.0,44.0,13.328539,74.74307,8.085171988275832,0.0,26.0,0.0,37.88024175088468,5.244956550122494,38.755043449877505,7.045685529891628
zRYzhAEAHAABAAAKCRtcAAsAtwB1gBAQ,2020-08-17 15:37:05.000,2.3,-8.6,3.25,48.0,13.328828,74.74331,9.476945710512434,4.0,2.0,1.3917737222366018,41.316018484922374,74.36883327286027,26.36883327286027,0.6368680250923352
zRYzhAEAHAABAAAKCRtcAAsAtwB1gBAQ,2020-08-17 15:37:17.000,-0.20000005,-10.400001,0.75,33.0,13.329723,74.7444,10.428927117398079,-15.0,12.0,0.9519814068856451,154.31577389902736,46.294732169708205,13.294732169708205,0.6977521276912139
zRYzhAEAHAABAAAKCRtcAAsAtwB1gBAQ,2020-08-17 15:37:22.000,1.0999999,-8.8,2.25,1.0,13.329794,74.74463,9.149453523571777,-32.0,5.0,-1.2794735938263013,26.108100987544255,18.797832711031862,17.797832711031862,0.05051057934451453
zRYzhAEAHAABAAAKCRtcAAsAtwB1gBAQ,2020-08-17 15:37:27.000,0.79999995,-8.8,3.5,1.0,13.329773,74.744644,9.50420958943983,0.0,5.0,0.3547560658680524,2.7833879237581933,2.0040393051058993,1.0040393051058993,0.33288512513811724
zRYzhAEAHAABAAAKCRtcAAsAtwB1gBAQ,2020-08-17 15:42:58.000,0.6,-8.6,3.75,0.0,13.3297,74.74464,9.401196732331474,-1.0,331.0,-0.1030128571083555,8.128759462240472,18.37141996819203,18.37141996819203,0.0
zRYzhAEAHAABAAAKCRtcAAsAtwB1gBAQ,2020-08-17 15:43:03.000,0.8,-8.8,3.75,0.0,13.3297,74.74464,9.599088498394002,0.0,5.0,0.19789176606252745,0.0,0.0,0.0,0.0
zRYzhAEAHAABAAAKCRtcAAsAtwB1gBAQ,2020-08-17 15:43:34.000,1.0,-8.8,3.5,0.0,13.3297,74.74464,9.523129737644028,0.0,31.0,-0.07595876074997321,0.0,0.0,0.0,0.0
zRYzhAEAHAABAAAKCRtcAAsAtwB1gBAQ,2020-08-17 15:44:59.000,0.8000001,-8.400001,3.5,0.0,13.3297,74.74464,9.135098081575315,0.0,85.0,-0.3880316560687138,0.0,0.0,0.0,0.0
zRYzhAEAHAABAAAKCRtcAAsAtwB1gBAQ,2020-08-17 15:45:54.000,0.7000001,-8.6,3.75,0.0,13.3297,74.74464,9.408108212600448,0.0,55.0,0.27301013102513316,0.0,0.0,0.0,0.0
zRYzhAEAHAABAAAKCRtcAAsAtwB1gBAQ,2020-08-17 15:45:59.000,0.7000001,-8.6,3.5,0.0,13.3297,74.74464,9.311283485105584,0.0,5.0,-0.09682472749486415,0.0,0.0,0.0,0.0
zRYzhAEAHAABAAAKCRtcAAsAtwB1gBAQ,2020-08-17 15:46:04.000,0.6,-8.6,4.0,0.0,13.3297,74.74464,9.503683496413377,0.0,5.0,0.19240001130779305,0.0,0.0,0.0,0.0
zRYzhAEAHAABAAAKCRtcAAsAtwB1gBAQ,2020-08-17 15:46:44.000,1.0000001,-8.6,3.75,6.0,13.3297,74.74464,9.435173564911247,6.0,40.0,-0.06850993150212936,0.0,0.0,6.0,6.0
zRYzhAEAHAABAAAKCRtcAAsAtwB1gBAQ,2020-08-17 15:46:49.000,0.3,-8.6,5.75,6.0,13.3297,74.74464,10.34951689693775,0.0,5.0,0.9143433320265029,0.0,0.0,6.0,6.0
zRYzhAEAHAABAAAKCRtcAAsAtwB1gBAQ,2020-08-17 15:46:54.000,0.2000001,-8.0,4.75,27.0,13.3297,74.74464,9.3060464236968,21.0,5.0,-1.0434704732409497,0.0,0.0,27.0,27.0
zRYzhAEAHAABAAAKCRtcAAsAtwB1gBAQ,2020-08-17 15:46:59.000,3.5,-7.0000005,2.5,38.0,13.329869,74.7449,8.215838788583929,11.0,5.0,-1.090207635112872,33.83098327514343,24.35830795810327,13.641692041896729,1.4985226957091615
zRYzhAEAHAABAAAKCRtcAAsAtwB1gBAQ,2020-08-17 15:47:04.000,1.1000001,-7.0000005,3.5,46.0,13.33041,74.74552,7.903164380170784,8.0,5.0,-0.31267440841314453,90.10541510770035,64.87589887754426,18.87589887754426,0.6982826919069253
zRYzhAEAHAABAAAKCRtcAAsAtwB1gBAQ,2020-08-17 15:47:10.000,0.6999999,-9.0,3.5,47.0,13.330945,74.74604,9.681941946737751,1.0,6.0,1.7787775665669674,81.88128619433171,49.128771716599026,2.128771716599026,0.9375853106019152
zRYzhAEAHAABAAAKCRtcAAsAtwB1gBAQ,2020-08-17 15:47:15.000,2.2,-9.0,0.75,34.0,13.331196,74.74629,9.295294508513434,-13.0,5.0,-0.38664743822431724,38.867061318826664,27.984284149555197,6.015715850444803,1.173049498982426
zRYzhAEAHAABAAAKCRtcAAsAtwB1gBAQ,2020-08-17 15:47:20.000,0.29999992,-8.8,3.0,6.0,13.331491,74.74658,9.302150286466029,-28.0,5.0,0.006855777952594622,45.39335418120557,32.683215010468004,26.683215010468004,0.1781302645289451
zRYzhAEAHAABAAAKCRtcAAsAtwB1gBAQ,2020-08-17 15:47:25.000,1.4901161e-08,-8.8,4.25,3.0,13.331491,74.74658,9.772538053136453,-3.0,5.0,0.4703877666704237,0.0,0.0,3.0,3.0
zRYzhAEAHAABAAAKCRtcAAsAtwB1gBAQ,2020-08-17 15:47:30.000,-8.195639e-08,-10.4,4.5,13.0,13.331486,74.74663,11.331813623599711,10.0,5.0,1.5592755704632584,5.43841748452591,3.9156605888586555,9.084339411141345,2.6446089523480323
zRYzhAEAHAABAAAKCRtcAAsAtwB1gBAQ,2020-08-17 15:47:35.000,1.9000001,-8.400001,3.5,27.0,13.331486,74.74663,9.296236721383606,14.0,5.0,-2.035576902216105,0.0,0.0,27.0,27.0
zRYzhAEAHAABAAAKCRtcAAsAtwB1gBAQ,2020-08-17 15:47:40.000,1.6999999,-8.4,4.75,36.0,13.331951,74.74698,9.798596820973911,9.0,5.0,0.5023600995903053,64.09030458265414,46.145019299510984,10.145019299510984,0.7636013418786195
zRYzhAEAHAABAAAKCRtcAAsAtwB1gBAQ,2020-08-17 15:47:45.000,0.20000008,-9.000001,6.5,41.0,13.332266,74.74726,11.103603830829025,5.0,5.0,1.3050070098551139,46.31053797244971,33.34358734016379,7.656412659836207,1.1938182110653226
zRYzhAEAHAABAAAKCRtcAAsAtwB1gBAQ,2020-08-17 15:47:50.000,-9.685755e-08,-8.799999,5.25,41.0,13.332742,74.747635,10.247071893960783,0.0,5.0,-0.856531936868242,66.69127970717541,48.0177213891663,7.017721389166297,0.8364321889728162
zRYzhAEAHAABAAAKCRtcAAsAtwB1gBAQ,2020-08-17 15:47:55.000,1.5000001,-8.800001,3.0,34.0,13.333014,74.74788,9.417537783306262,-7.0,5.0,-0.8295341106545209,40.217663779556425,28.956717921280624,5.0432820787193755,1.1349707965119609
zRYzhAEAHAABAAAKCRtcAAsAtwB1gBAQ,2020-08-17 15:47:59.000,1.5000001,-8.800001,3.0,34.0,13.333207,74.74805,9.417537783306262,0.0,4.0,0.0,28.26452597930775,25.438073381376974,8.561926618623026,1.28602411792796
zRYzhAEAHAABAAAKCRtcAAsAtwB1gBAQ,2020-08-17 15:48:22.000,0.9999999,-8.600001,4.25,32.0,13.333158,74.74804,9.644818142401702,-2.0,23.0,0.22728035909543998,5.554942582425405,0.8694692737709331,31.13053072622907,17.11715749970704
zRYzhAEAHAABAAAKCRtcAAsAtwB1gBAQ,2020-08-17 15:48:27.000,0.2000001,-9.799999,4.5,34.0,13.332809,74.74772,10.78563769278391,2.0,5.0,1.1408195503822078,52.00729149710037,37.44524987791227,3.4452498779122678,0.8843745354230049
zRYzhAEAHAABAAAKCRtcAAsAtwB1gBAQ,2020-08-17 15:48:36.000,0.60000014,-9.4,3.75,42.0,13.330611,74.74574,10.138170454672776,8.0,9.0,-0.6474672381111333,325.00800160642484,130.00320064256994,88.00320064256994,0.3206028539302112
zRYzhAEAHAABAAAKCRtcAAsAtwB1gBAQ,2020-08-17 15:49:07.000,0.2999999,-8.600001,3.0,14.0,13.329956,74.74511,9.113178212895928,-28.0,31.0,-1.0249922417768484,99.75529074296212,11.584485376602053,2.4155146233979465,1.1124809303708016
zRYzhAEAHAABAAAKCRtcAAsAtwB1gBAQ,2020-08-17 15:49:12.000,-0.89999986,-10.4,3.0,14.0,13.329717,74.74483,10.861399529894848,0.0,5.0,1.7482213169989205,40.30007686760044,29.016055344672317,15.016055344672317,0.4664170504497994
zRYzhAEAHAABAAAKCRtcAAsAtwB1gBAQ,2020-08-17 15:49:17.000,0.49999988,-10.4,3.25,3.0,13.329662,74.74475,10.907451575872342,-11.0,5.0,0.04605204597749335,10.598461528436976,7.630892300474622,4.630892300474622,0.3475886264778239
zRYzhAEAHAABAAAKCRtcAAsAtwB1gBAQ,2020-08-17 15:49:22.000,0.5000002,-8.800001,3.5,1.0,13.329662,74.74475,9.48367111407819,-2.0,5.0,-1.423780461794152,0.0,0.0,1.0,1.0
zRYzhAEAHAABAAAKCRtcAAsAtwB1gBAQ,2020-08-17 15:49:27.000,0.7999999,-9.0,3.5,1.0,13.329662,74.74475,9.689685229149605,0.0,5.0,0.2060141150714152,0.0,0.0,1.0,1.0
zRYzhAEAHAABAAAKCRtcAAsAtwB1gBAQ,2020-08-17 15:49:46.000,0.70000017,-9.0,3.0,1.0,13.325011,74.74005,9.512623204878874,0.0,19.0,-0.1770620242707306,725.3115673670903,137.42745486955397,136.42745486955397,0.007224000476945431
zRYzhAEAHAABAAAKCRtcAAsAtwB1gBAQ,2020-08-17 15:52:06.000,0.30000013,-8.800001,3.0,3.0,13.325027,74.74006,9.302151239256489,2.0,140.0,-0.21047196562238568,2.082310618363665,18.37141996819203,15.37141996819203,0.1548673254168262
zRYzhAEAHAABAAAKCRtcAAsAtwB1gBAQ,2020-08-17 15:52:11.000,0.7999999,-9.0,3.25,3.0,13.325027,74.74006,9.602213278197897,0.0,5.0,0.3000620389414088,0.0,0.0,3.0,3.0
zRYzhAEAHAABAAAKCRtcAAsAtwB1gBAQ,2020-08-17 15:52:16.000,1.3000002,-9.200001,3.25,3.0,13.325027,74.74006,9.843399764309131,0.0,5.0,0.24118648611123383,0.0,0.0,3.0,3.0
zRYzhAEAHAABAAAKCRtcAAsAtwB1gBAQ,2020-08-17 15:52:19.000,1.3000002,-9.200001,3.25,3.0,13.325027,74.74006,9.843399764309131,0.0,3.0,0.0,0.0,0.0,3.0,3.0
zRYzhAEAHAABAAAKCRtcAAsAtwB1gBAQ,2020-08-17 15:52:38.000,0.8999999,-9.000001,3.5,3.0,13.325027,74.74006,9.698454403666648,0.0,19.0,-0.14494536064248287,0.0,0.0,3.0,3.0
zRYzhAEAHAABAAAKCRtcAAsAtwB1gBAQ,2020-08-17 15:52:48.000,0.7000002,-9.0,3.0,18.0,13.325027,74.74006,9.512623207086468,15.0,10.0,-0.18583119658018,0.0,0.0,18.0,18.0
zRYzhAEAHAABAAAKCRtcAAsAtwB1gBAQ,2020-08-17 15:52:53.000,-1.8000001,-9.0,5.5,24.0,13.325059,74.74031,10.70000001682243,6.0,5.0,1.1873768097359623,27.283364534879887,19.64402246511352,4.355977534886481,1.1625641291835334
zRYzhAEAHAABAAAKCRtcAAsAtwB1gBAQ,2020-08-17 15:52:58.000,-1.4999998,-10.800001,5.75,26.0,13.325191,74.7407,12.326902327835693,2.0,5.0,1.6269023110132625,44.678301261923345,32.168376908584804,6.168376908584804,0.7838791771951479
zRYzhAEAHAABAAAKCRtcAAsAtwB1gBAQ,2020-08-17 15:53:03.000,0.59999996,-9.8,4.5,31.0,13.325482,74.74076,10.800462950818359,5.0,5.0,-1.5264393770173346,33.002565097693115,23.761846870339042,7.238153129660958,1.251926003836706
zRYzhAEAHAABAAAKCRtcAAsAtwB1gBAQ,2020-08-17 15:53:08.000,1.3000003,-8.800001,3.25,31.0,13.325907,74.7409,9.470613410967692,0.0,5.0,-1.3298495398506667,49.62630601836182,35.73094033322051,4.730940333220509,0.8439751261135756
zRYzhAEAHAABAAAKCRtcAAsAtwB1gBAQ,2020-08-17 15:53:13.000,1.6999999,-8.0,4.0,38.0,13.326186,74.74105,9.10439452462381,7.0,5.0,-0.3662188863438818,35.01239402606834,25.208923698769205,12.791076301230795,1.4498878487629203
zRYzhAEAHAABAAAKCRtcAAsAtwB1gBAQ,2020-08-17 15:53:19.000,1.6999999,-8.0,2.25,43.0,13.326839,74.74158,8.482481928067989,5.0,6.0,-0.6219125965558217,92.52491751799994,55.51495051079996,12.514950510799963,0.7608606149585627
zRYzhAEAHAABAAAKCRtcAAsAtwB1gBAQ,2020-08-17 15:53:24.000,0.20000029,-9.200001,2.25,42.0,13.327091,74.741806,9.473252794895801,-1.0,5.0,0.9907708668278126,37.190695016060815,26.777300411563786,15.222699588436214,1.5120259844443074
zRYzhAEAHAABAAAKCRtcAAsAtwB1gBAQ,2020-08-17 15:53:29.000,1.4999999,-9.200001,3.75,44.0,13.327569,74.74225,10.047513030596228,2.0,5.0,0.574260235700427,71.6448207123754,51.58427091291029,7.584270912910291,0.8367521168615706
zRYzhAEAHAABAAAKCRtcAAsAtwB1gBAQ,2020-08-17 15:53:39.000,1.0999999,-8.4,2.5,47.0,13.328414,74.742905,8.832893058335983,3.0,10.0,-1.2146199722602447,117.69082518715605,42.368697067376175,4.631302932623825,1.0837309667611723
zRYzhAEAHAABAAAKCRtcAAsAtwB1gBAQ,2020-08-17 15:53:44.000,0.5000003,-8.4,3.5,47.0,13.328761,74.74325,9.113725928510254,0.0,5.0,0.2808328701742706,53.68633809383011,38.654163427557684,8.345836572442316,1.1852475487438305
zRYzhAEAHAABAAAKCRtcAAsAtwB1gBAQ,2020-08-17 15:53:49.000,1.3999999,-8.200001,3.5,41.0,13.329156,74.74378,9.024966266973026,-6.0,5.0,-0.08875966153722814,72.2335225918276,52.00813626611587,11.00813626611587,0.7734661674232117
zRYzhAEAHAABAAAKCRtcAAsAtwB1gBAQ,2020-08-17 15:53:54.000,-1.7999997,-7.7999997,5.0,29.0,13.329417,74.74408,9.43821986605526,-12.0,5.0,0.4132535990822337,43.542053669376315,31.35027864195095,2.3502786419509505,0.8964374100442399
zRYzhAEAHAABAAAKCRtcAAsAtwB1gBAQ,2020-08-17 15:53:59.000,-0.60000014,-8.800001,3.75,22.0,13.329623,74.74444,9.584493610410568,-7.0,5.0,0.14627374435530882,45.187744706949125,32.53517618900337,10.535176189003373,0.6560275656823324
zRYzhAEAHAABAAAKCRtcAAsAtwB1gBAQ,2020-08-17 15:54:04.000,0.6000003,-8.4,4.75,1.0,13.329712,74.74461,9.668634875720569,-21.0,5.0,0.08414126531000043,20.887137918695124,15.03873930146049,14.03873930146049,0.062349040108716024
zRYzhAEAHAABAAAKCRtcAAsAtwB1gBAQ,2020-08-17 15:54:09.000,0.9999999,-8.4,3.5,1.0,13.329726,74.74463,9.154780161205402,0.0,5.0,-0.5138547145151673,2.6657527916751387,1.9193420100061,0.9193420100061,0.3425429417219637
zRYzhAEAHAABAAAKCRtcAAsAtwB1gBAQ,2020-08-17 15:54:14.000,0.90000033,-8.4,3.75,1.0,13.329726,74.74463,9.242970333934872,0.0,5.0,0.08819017272947072,0.0,0.0,1.0,1.0
zRYzhAEAHAABAAAKCRtcAAsAtwB1gBAQ,2020-08-17 15:54:19.000,0.90000033,-8.4,3.75,1.0,13.329726,74.74463,9.242970333934872,0.0,5.0,0.0,0.0,0.0,1.0,1.0
zRYzhAEAHAABAAAKCRtcAAsAtwB1gBAQ,2020-08-17 15:55:17.000,0.7999999,-8.600001,3.75,1.0,13.329726,74.74463,9.41607758251816,0.0,58.0,0.1731072485832872,0.0,0.0,1.0,1.0
zRYzhAEAHAABAAAKCRtcAAsAtwB1gBAQ,2020-08-17 15:55:19.000,0.7999999,-8.600001,3.75,1.0,13.329726,74.74463,9.41607758251816,0.0,2.0,0.0,0.0,0.0,1.0,1.0
zRYzhAEAHAABAAAKCRtcAAsAtwB1gBAQ,2020-08-17 15:56:17.000,0.7999999,-8.400002,3.75,1.0,13.329726,74.74463,9.23377135519415,0.0,58.0,-0.18230622732400903,0.0,0.0,1.0,1.0
zRYzhAEAHAABAAAKCRtcAAsAtwB1gBAQ,2020-08-17 15:56:19.000,0.7999999,-8.400002,3.75,1.0,13.329726,74.74463,9.23377135519415,0.0,2.0,0.0,0.0,0.0,1.0,1.0
zRYzhAEAHAABAAAKCRtcAAsAtwB1gBAQ,2020-08-17 15:56:22.000,0.8000005,-8.400002,3.75,1.0,13.329726,74.74463,9.233771407177256,0.0,3.0,5.198310581988608e-08,0.0,0.0,1.0,1.0
zRYzhAEAHAABAAAKCRtcAAsAtwB1gBAQ,2020-08-17 15:57:17.000,0.8999999,-8.599999,3.5,1.0,13.329726,74.74463,9.328450172456355,0.0,55.0,0.0946787652790988,0.0,0.0,1.0,1.0
zRYzhAEAHAABAAAKCRtcAAsAtwB1gBAQ,2020-08-17 15:57:19.000,0.8999999,-8.599999,3.5,1.0,13.329726,74.74463,9.328450172456355,0.0,2.0,0.0,0.0,0.0,1.0,1.0
zRYzhAEAHAABAAAKCRtcAAsAtwB1gBAQ,2020-08-17 15:57:22.000,1.1000005,-8.599999,3.5,1.0,13.329726,74.74463,9.34986544822979,0.0,3.0,0.021415275773435383,0.0,0.0,1.0,1.0
zRYzhAEAHAABAAAKCRtcAAsAtwB1gBAQ,2020-08-17 15:58:19.000,0.5999999,-8.600001,3.75,1.0,13.329726,74.74463,9.401197640726473,0.0,57.0,0.05133219249668208,0.0,0.0,1.0,1.0
zRYzhAEAHAABAAAKCRtcAAsAtwB1gBAQ,2020-08-17 15:59:18.000,0.8999999,-8.400002,3.5,1.0,13.329726,74.74463,9.14439901907195,0.0,59.0,-0.2567986216545233,0.0,0.0,1.0,1.0
zRYzhAEAHAABAAAKCRtcAAsAtwB1gBAQ,2020-08-17 15:59:19.000,0.8999999,-8.400002,3.5,1.0,13.329726,74.74463,9.14439901907195,0.0,1.0,0.0,0.0,0.0,1.0,1.0
zRYzhAEAHAABAAAKCRtcAAsAtwB1gBAQ,2020-08-17 16:04:53.000,1.0,-8.6,3.25,0.0,13.329702,74.74459,9.247837585079012,-1.0,334.0,0.10343856600706225,5.08460182429814,18.37141996819203,18.37141996819203,0.0
zRYzhAEAHAABAAAKCRtcAAsAtwB1gBAQ,2020-08-17 16:04:58.000,0.6,-8.6,3.75,0.0,13.329702,74.74459,9.401196732331474,0.0,5.0,0.1533591472524627,0.0,0.0,0.0,0.0
zRYzhAEAHAABAAAKCRtcAAsAtwB1gBAQ,2020-08-17 16:05:30.000,-2.0,-10.0,5.75,33.0,13.330075,74.745155,11.707369473968095,33.0,32.0,2.3061727416366207,73.8743688613826,8.310866496905543,24.689133503094457,3.5442458562763752
zRYzhAEAHAABAAAKCRtcAAsAtwB1gBAQ,2020-08-17 16:06:00.000,0.80000013,-8.6,4.75,37.0,13.330345,74.74542,9.857104047741407,4.0,30.0,-1.850265426226688,41.51487476758617,4.981784972110341,32.01821502788966,6.18544467454279
zRYzhAEAHAABAAAKCRtcAAsAtwB1gBAQ,2020-08-17 16:06:07.000,-0.39999998,-9.0,5.25,37.0,13.330884,74.746,10.42700819909527,0.0,7.0,0.5699041513538639,86.77744786871845,44.62840176105521,7.628401761055208,0.8108984442137588
zRYzhAEAHAABAAAKCRtcAAsAtwB1gBAQ,2020-08-17 16:06:12.000,1.0000001,-9.0,2.5,39.0,13.331281,74.74641,9.394147124672894,2.0,5.0,-1.0328610744223763,62.58326545519435,45.059951127739936,6.059951127739936,0.8467225658107997
zRYzhAEAHAABAAAKCRtcAAsAtwB1gBAQ,2020-08-17 16:06:17.000,0.6,-7.6000004,1.5,35.0,13.331552,74.74667,7.769813773830114,-4.0,5.0,-1.6243333508427806,41.224204737073954,29.681427410693246,5.318572589306754,1.1407552696782817
zRYzhAEAHAABAAAKCRtcAAsAtwB1gBAQ,2020-08-17 16:06:22.000,2.0000002,-8.4,3.25,41.0,13.331971,74.74705,9.226185604029437,6.0,5.0,1.4563718301993234,62.13827344782024,44.73955688243057,3.73955688243057,0.896379475327818
zRYzhAEAHAABAAAKCRtcAAsAtwB1gBAQ,2020-08-17 16:06:27.000,0.70000005,-8.0,3.5,43.0,13.332319,74.74734,8.760136989225682,2.0,5.0,-0.46604861480375526,49.81880623905031,35.86954049211622,7.130459507883778,1.1662743670264795
zRYzhAEAHAABAAAKCRtcAAsAtwB1gBAQ,2020-08-17 16:06:32.000,1.3000002,-8.599999,2.5,43.0,13.332826,74.74775,9.049860955837998,0.0,5.0,0.2897239666123159,71.73665740920278,51.650393334626,8.650393334626003,0.8167080486314366
zRYzhAEAHAABAAAKCRtcAAsAtwB1gBAQ,2020-08-17 16:06:37.000,0.8000001,-9.6,3.25,36.0,13.333121,74.748024,10.166734980316937,-7.0,5.0,1.116874024478939,44.21426764527354,31.83427270459695,4.165727295403052,1.0964153317444987
zRYzhAEAHAABAAAKCRtcAAsAtwB1gBAQ,2020-08-17 16:06:42.000,2.7000003,-8.999999,0.5,15.0,13.333512,74.74836,9.409568726567711,-21.0,5.0,-0.7571662537492259,56.673730703193094,40.80508610629903,25.80508610629903,0.35880801589211075
zRYzhAEAHAABAAAKCRtcAAsAtwB1gBAQ,2020-08-17 16:06:47.000,1.6000001,-8.8,3.5,12.0,13.333472,74.748436,9.604686372807809,-3.0,5.0,0.19511764624009764,9.348844563312,6.73116808558464,5.26883191441536,1.5521587251963809
zRYzhAEAHAABAAAKCRtcAAsAtwB1gBAQ,2020-08-17 16:06:52.000,0.30000025,-8.8,3.75,23.0,13.333299,74.74826,9.570397073789575,11.0,5.0,-0.03428929901823352,27.068045048023674,19.488992434577046,3.511007565422954,1.1225539798231072
zRYzhAEAHAABAAAKCRtcAAsAtwB1gBAQ,2020-08-17 16:06:55.000,0.30000025,-8.8,3.75,23.0,13.333299,74.74826,9.570397073789575,0.0,3.0,0.0,0.0,0.0,23.0,23.0
zRYzhAEAHAABAAAKCRtcAAsAtwB1gBAQ,2020-08-17 16:06:59.000,1.1920929e-07,-8.8,3.75,35.0,13.332902,74.74788,9.565693911055279,12.0,4.0,-0.004703162734296384,60.32563450395418,54.29307105355876,19.293071053558762,0.6329907044970934
zRYzhAEAHAABAAAKCRtcAAsAtwB1gBAQ,2020-08-17 16:07:04.000,2.5000002,-8.599999,2.0,37.0,13.332693,74.74769,9.176599795131148,2.0,5.0,-0.3890941159241308,31.027413727288117,22.339737883647445,14.660262116352555,1.5852791571375515
zRYzhAEAHAABAAAKCRtcAAsAtwB1gBAQ,2020-08-17 16:07:09.000,2.0000002,-8.0,0.25,40.0,13.332253,74.74732,8.25000004848485,3.0,5.0,-0.9265997466462981,63.21703710755427,45.51626671743908,5.5162667174390805,0.8599142369480801
zRYzhAEAHAABAAAKCRtcAAsAtwB1gBAQ,2020-08-17 16:07:14.000,0.3000002,-8.999999,3.25,38.0,13.331814,74.746925,9.57353028511432,-2.0,5.0,1.3235302366294697,64.88008197154434,46.71365901951192,8.713659019511923,0.7964176460342386
zRYzhAEAHAABAAAKCRtcAAsAtwB1gBAQ,2020-08-17 16:07:20.000,2.4000003,-8.6,1.0,39.0,13.331481,74.74667,8.984431058225116,1.0,6.0,-0.5890992268892035,46.17691017673415,27.70614610604049,11.293853893959511,1.3585940744513045
zRYzhAEAHAABAAAKCRtcAAsAtwB1gBAQ,2020-08-17 16:07:25.000,1.7000002,-8.399999,3.75,42.0,13.331038,74.746254,9.354810734590039,3.0,5.0,0.37037967636492297,66.72659738100504,48.04315011432363,6.04315011432363,0.8563887087614587
zRYzhAEAHAABAAAKCRtcAAsAtwB1gBAQ,2020-08-17 16:07:30.000,1.6000004,-9.400001,2.75,46.0,13.330707,74.74595,9.923835955919523,4.0,5.0,0.5690252213294844,49.36150052828282,35.54028038036363,10.459719619636367,1.258884702612187
zRYzhAEAHAABAAAKCRtcAAsAtwB1gBAQ,2020-08-17 16:07:35.000,0.70000017,-8.599998,4.0,46.0,13.330209,74.745445,9.510518694477396,0.0,5.0,-0.41331726144212766,77.79446722390874,56.0120164012143,10.012016401214296,0.8068474490760206
zRYzhAEAHAABAAAKCRtcAAsAtwB1gBAQ,2020-08-17 16:07:40.000,0.6000004,-10.400001,4.5,38.0,13.329859,74.74507,11.347687926621932,-8.0,5.0,1.8371692321445359,56.22216928129763,40.4799618825343,2.4799618825342975,0.9161049884185264
zRYzhAEAHAABAAAKCRtcAAsAtwB1gBAQ,2020-08-17 16:07:50.000,0.90000015,-9.000001,3.5,1.0,13.329588,74.7447,9.698454426866222,-37.0,10.0,-1.6492334997557094,50.10735374205555,18.03864734714,17.03864734714,0.05252473990229252
zRYzhAEAHAABAAAKCRtcAAsAtwB1gBAQ,2020-08-17 16:07:55.000,0.90000015,-8.999998,3.5,1.0,13.329588,74.7447,9.698451642917234,0.0,5.0,-2.7839489877834467e-06,0.0,0.0,1.0,1.0
zRYzhAEAHAABAAAKCRtcAAsAtwB1gBAQ,2020-08-17 16:08:05.000,0.30000037,-9.199998,5.5,9.0,13.329588,74.7447,10.722871043801849,8.0,10.0,1.0244194008846144,0.0,0.0,9.0,9.0
zRYzhAEAHAABAAAKCRtcAAsAtwB1gBAQ,2020-08-17 16:08:10.000,0.20000014,-9.199998,5.5,9.0,13.329588,74.7447,10.720539317403954,0.0,5.0,-0.0023317263978945846,0.0,0.0,9.0,9.0
zRYzhAEAHAABAAAKCRtcAAsAtwB1gBAQ,2020-08-17 16:08:15.000,-0.19999963,-8.400002,6.5,22.0,13.32954,74.74451,10.62308963776566,13.0,5.0,-0.0974496796382951,21.239434560537752,15.292392883587183,6.707607116412817,1.3503234397301216
zRYzhAEAHAABAAAKCRtcAAsAtwB1gBAQ,2020-08-17 16:08:20.000,0.40000015,-8.400002,3.25,37.0,13.329372,74.744194,9.015682654131302,15.0,5.0,-1.6074069836343572,38.96145876159416,28.052250308347794,8.947749691652206,1.2735674382293383
zRYzhAEAHAABAAAKCRtcAAsAtwB1gBAQ,2020-08-17 16:08:25.000,1.2000004,-8.399998,3.5,42.0,13.329021,74.74367,9.178778097328868,5.0,5.0,0.16309544319756597,68.83162963535338,49.55877333745443,7.558773337454433,0.8307163569747051
zRYzhAEAHAABAAAKCRtcAAsAtwB1gBAQ,2020-08-17 16:08:30.000,0.30000016,-7.8000016,3.5,43.0,13.328798,74.74342,8.554532427666786,1.0,5.0,-0.6242456696620824,36.69553635232749,26.42078617367579,16.57921382632421,1.568153433955165
zRYzhAEAHAABAAAKCRtcAAsAtwB1gBAQ,2020-08-17 16:08:35.000,-0.69999963,-8.799997,5.25,45.0,13.328253,74.74285,10.270951595738786,2.0,5.0,1.716419168072001,86.46489583156777,62.2547249987288,17.254724998728797,0.7114093058013349
zRYzhAEAHAABAAAKCRtcAAsAtwB1gBAQ,2020-08-17 16:08:40.000,-0.39999986,-8.200002,5.0,47.0,13.327889,74.74254,9.612493572845914,2.0,5.0,-0.6584580228928729,52.56698364845573,37.84822822688813,9.151771773111868,1.2098363849569274
zRYzhAEAHAABAAAKCRtcAAsAtwB1gBAQ,2020-08-17 16:08:45.000,1.4000005,-8.5999975,2.5,49.0,13.327294,74.74204,9.06476466324452,2.0,5.0,-0.5477289096013944,85.46401277134858,61.53408919537098,12.534089195370981,0.783572618238872
zRYzhAEAHAABAAAKCRtcAAsAtwB1gBAQ,2020-08-17 16:08:50.000,0.40000015,-8.5999975,3.5,49.0,13.326943,74.74169,9.293543840753443,0.0,5.0,0.2287791775089243,54.38238656910028,39.1553183297522,9.844681670247802,1.2202617744831705
zRYzhAEAHAABAAAKCRtcAAsAtwB1gBAQ,2020-08-17 16:08:55.000,0.40000015,-8.5999975,3.5,49.0,13.326643,74.741455,9.293543840753443,0.0,5.0,0.0,41.94433583233597,30.199921799281903,18.800078200718097,1.5705167569082747
zRYzhAEAHAABAAAKCRtcAAsAtwB1gBAQ,2020-08-17 16:08:57.000,0.5000004,-9.200002,2.75,46.0,13.326207,74.74117,9.615224240755083,-3.0,2.0,0.32168040000163955,57.457287158174026,103.42311688471325,57.42311688471325,0.44051548519458195
zRYzhAEAHAABAAAKCRtcAAsAtwB1gBAQ,2020-08-17 16:09:02.000,-3.6999998,-11.5999975,8.25,44.0,13.325584,74.74091,14.707564057994318,-2.0,5.0,5.092339817239235,74.76878837194853,53.833527627802944,9.833527627802944,0.802428767644891
zRYzhAEAHAABAAAKCRtcAAsAtwB1gBAQ,2020-08-17 16:09:07.000,0.8000004,-16.000002,1.5,30.0,13.325273,74.74083,16.090061051469135,-14.0,5.0,1.3824969934748168,35.648514372544625,25.66693034823213,4.333069651767872,1.1249888760439515
zRYzhAEAHAABAAAKCRtcAAsAtwB1gBAQ,2020-08-17 16:09:12.000,1.5000002,-5.9999976,4.5,25.0,13.32488,74.74061,7.648527426897664,-5.0,5.0,-8.44153362457147,49.76243670709074,35.82895442910534,10.828954429105337,0.678813731954413
zRYzhAEAHAABAAAKCRtcAAsAtwB1gBAQ,2020-08-17 16:09:17.000,-0.2999996,-8.800002,5.0,25.0,13.324889,74.74038,10.125711577958565,0.0,5.0,2.477184151060901,24.9064431807704,17.932639090154687,7.067360909845313,1.3204709539411466
zRYzhAEAHAABAAAKCRtcAAsAtwB1gBAQ,2020-08-17 16:09:22.000,2.9000003,-8.399998,3.25,13.0,13.324886,74.73997,9.462159803131845,-12.0,5.0,-0.6635517748267201,44.363841237519,31.941965691013678,18.941965691013678,0.39463340232748473
zRYzhAEAHAABAAAKCRtcAAsAtwB1gBAQ,2020-08-17 16:09:27.000,1.6000004,-8.600002,3.75,15.0,13.324935,74.739914,9.517485785647603,2.0,5.0,0.05532598251575749,8.148716572790295,5.867075932409013,9.132924067590988,2.1843358290546684
zRYzhAEAHAABAAAKCRtcAAsAtwB1gBAQ,2020-08-17 16:09:32.000,0.6000003,-12.999998,4.5,26.0,13.324989,74.74022,13.769892823112462,11.0,5.0,4.2524070374648595,33.64969235906331,24.22777849852558,1.7722215014744194,1.0306099683537158
zRYzhAEAHAABAAAKCRtcAAsAtwB1gBAQ,2020-08-17 16:09:37.000,-1.5999997,-10.000002,4.5,30.0,13.324998,74.740486,11.081969095788171,4.0,5.0,-2.687923727324291,28.798961454309048,20.735252247102515,9.264747752897485,1.3802462312807637
zRYzhAEAHAABAAAKCRtcAAsAtwB1gBAQ,2020-08-17 16:09:42.000,4.2000003,-5.599998,0.25,36.0,13.325416,74.7408,7.0044614439658455,6.0,5.0,-4.077507651822326,57.57305390255934,41.452598809842726,5.452598809842726,0.8480046218431585
zRYzhAEAHAABAAAKCRtcAAsAtwB1gBAQ,2020-08-17 16:09:47.000,2.5000005,-6.800002,2.0,37.0,13.325693,74.74085,7.515984945434913,1.0,5.0,0.5115235014690676,31.27251167622144,22.516208406879436,14.483791593120564,1.5733828923363349
zRYzhAEAHAABAAAKCRtcAAsAtwB1gBAQ,2020-08-17 16:09:53.000,0.9000002,-8.999998,5.25,40.0,13.326285,74.74112,10.458129104194692,3.0,6.0,2.9421441587597785,72.01887774281995,43.211326645691976,3.211326645691976,0.9047455264249046
zRYzhAEAHAABAAAKCRtcAAsAtwB1gBAQ,2020-08-17 16:09:55.000,0.9000002,-8.999998,5.25,40.0,13.326285,74.74112,10.458129104194692,0.0,2.0,0.0,0.0,0.0,40.0,40.0
zRYzhAEAHAABAAAKCRtcAAsAtwB1gBAQ,2020-08-17 16:09:58.000,1.0000005,-8.800002,5.0,45.0,13.326625,74.74138,10.170547487721802,5.0,3.0,-0.28758161647288993,47.12467025898307,56.54960431077969,11.549604310779692,0.7819341338472242
zRYzhAEAHAABAAAKCRtcAAsAtwB1gBAQ,2020-08-17 16:10:03.000,1.0000002,-9.199998,3.5,47.0,13.327135,74.74182,9.893935698194326,2.0,5.0,-0.27661178952747534,74.04391796493063,53.31162093475005,6.311620934750053,0.8653764920120092
zRYzhAEAHAABAAAKCRtcAAsAtwB1gBAQ,2020-08-17 16:10:08.000,2.0000005,-7.400002,2.25,49.0,13.327431,74.742065,7.98890052510383,2.0,5.0,-1.9050351730904964,42.26160545756961,30.428355929450117,18.571644070549883,1.5591015995235142
zRYzhAEAHAABAAAKCRtcAAsAtwB1gBAQ,2020-08-17 16:10:13.000,0.7000002,-7.999998,3.0,49.0,13.328129,74.74266,8.572629017985324,0.0,5.0,0.5837284928814945,100.83951771267076,72.60445275312294,23.604452753122942,0.6657205938932953
zRYzhAEAHAABAAAKCRtcAAsAtwB1gBAQ,2020-08-17 16:10:18.000,1.6000005,-8.200002,2.5,46.0,13.328405,74.742905,8.720667084575826,-3.0,5.0,0.14803806659050167,40.55354302241879,29.19855097614153,16.80144902385847,1.5232518949780889
zRYzhAEAHAABAAAKCRtcAAsAtwB1gBAQ,2020-08-17 16:10:23.000,0.80000025,-7.7999983,2.5,47.0,13.328995,74.74349,8.22982222651273,1.0,5.0,-0.4908448580630953,91.16198138378462,65.63662659632493,18.63662659632493,0.705317816952518
zRYzhAEAHAABAAAKCRtcAAsAtwB1gBAQ,2020-08-17 16:10:28.000,1.3000005,-10.600001,3.5,41.0,13.329272,74.743866,11.238328278707703,-6.0,5.0,3.0085060521949725,51.027538934931265,36.73982803315051,4.260171966849491,1.0863854483911737
zRYzhAEAHAABAAAKCRtcAAsAtwB1gBAQ,2020-08-17 16:10:33.000,1.9000002,-10.799998,0.75,27.0,13.329616,74.74436,10.991472037903023,-14.0,5.0,-0.24685624080468038,65.72746139062718,47.32377220125157,20.323772201251572,0.5587312159231789
zRYzhAEAHAABAAAKCRtcAAsAtwB1gBAQ,2020-08-17 16:10:38.000,0.80000055,-8.800001,0.75,1.0,13.329692,74.74456,8.868061709302733,-26.0,5.0,-2.12341032860029,23.231439925731955,16.72663674652701,15.72663674652701,0.05641228024802388
zRYzhAEAHAABAAAKCRtcAAsAtwB1gBAQ,2020-08-17 16:10:43.000,0.8000002,-8.799998,3.75,1.0,13.329697,74.744576,9.599086681554867,0.0,5.0,0.7310249722521345,1.818274296798669,1.3091574936950416,0.30915749369504164,0.4330583785343421
zRYzhAEAHAABAAAKCRtcAAsAtwB1gBAQ,2020-08-17 16:10:48.000,0.7000005,-8.600001,3.75,1.0,13.329697,74.744576,9.408109156467162,0.0,5.0,-0.19097752508770505,0.0,0.0,1.0,1.0
zRYzhAEAHAABAAAKCRtcAAsAtwB1gBAQ,2020-08-17 16:10:55.000,0.7000005,-8.599998,3.5,1.0,13.329697,74.744576,9.311281667955503,0.0,7.0,-0.0968274885116589,0.0,0.0,1.0,1.0
zRYzhAEAHAABAAAKCRtcAAsAtwB1gBAQ,2020-08-17 16:15:27.000,0.6,-8.400001,3.5,0.0,13.329672,74.744576,9.119759689816448,-1.0,272.0,-0.1915219781390558,2.7798731661420883,18.37141996819203,18.37141996819203,0.0
zRYzhAEAHAABAAAKCRtcAAsAtwB1gBAQ,2020-08-17 16:15:40.000,1.4000001,-6.6000004,4.25,21.0,13.329672,74.744576,7.973863904030477,21.0,13.0,-1.1458957857859708,0.0,0.0,21.0,21.0
zRYzhAEAHAABAAAKCRtcAAsAtwB1gBAQ,2020-08-17 16:15:45.000,2.3,-8.0,2.0,32.0,13.329905,74.74493,8.560957890329796,11.0,5.0,0.587093986299319,46.2420801669671,33.29429772021631,1.2942977202163135,0.9330997316541101
zRYzhAEAHAABAAAKCRtcAAsAtwB1gBAQ,2020-08-17 16:16:27.000,1.1999999,-9.2,1.5,26.0,13.333051,74.74795,9.39840410708116,-6.0,42.0,0.8374462167513634,478.6911513897196,41.030670119118824,15.030670119118824,0.6185958950050899
zRYzhAEAHAABAAAKCRtcAAsAtwB1gBAQ,2020-08-17 16:16:28.000,1.1999999,-9.2,1.5,26.0,13.33338,74.74817,9.39840410708116,0.0,1.0,0.0,43.645524979414304,157.1238899258915,131.1238899258915,0.1644280317932067
zRYzhAEAHAABAAAKCRtcAAsAtwB1gBAQ,2020-08-17 16:16:35.000,2.1000001,-8.8,2.5,16.0,13.333468,74.74825,9.386160046579219,-10.0,7.0,-0.012244060501940268,13.064159338849226,6.718710517122459,9.28128948287754,2.0728850971295154
zRYzhAEAHAABAAAKCRtcAAsAtwB1gBAQ,2020-08-17 16:16:40.000,2.8999999,-8.0,4.0,16.0,13.333527,74.748344,9.402659167490865,0.0,5.0,0.016499120911646514,12.102921695371217,8.714103620667276,7.2858963793327245,1.6470896981126641
zRYzhAEAHAABAAAKCRtcAAsAtwB1gBAQ,2020-08-17 16:16:45.000,1.7000002,-8.2,3.5,30.0,13.333527,74.748344,9.076342913310407,14.0,5.0,-0.3263162541804583,0.0,0.0,30.0,30.0
zRYzhAEAHAABAAAKCRtcAAsAtwB1gBAQ,2020-08-17 16:16:50.000,0.19999981,-10.8,2.25,36.0,13.332927,74.747894,11.033698379238036,6.0,5.0,1.9573554659276287,82.59399224530715,59.46767441662114,23.467674416621144,0.5953594271206906
zRYzhAEAHAABAAAKCRtcAAsAtwB1gBAQ,2020-08-17 16:16:55.000,1.0000001,-8.599999,3.0,19.0,13.332672,74.74768,9.162968023517326,-17.0,5.0,-1.8707303557207098,36.60755715300056,26.35744115016041,7.357441150160408,0.6945093985841799
zRYzhAEAHAABAAAKCRtcAAsAtwB1gBAQ,2020-08-17 16:17:00.000,0.79999983,-9.2,3.75,14.0,13.332534,74.747505,9.96707076968956,-5.0,5.0,0.8041027461722337,24.371844193887547,17.547727819599032,3.5477278195990323,0.7548094373698144
zRYzhAEAHAABAAAKCRtcAAsAtwB1gBAQ,2020-08-17 16:17:05.000,0.4000001,-9.999999,3.25,11.0,13.332534,74.747505,10.52247499783207,-3.0,5.0,0.5554042281425104,0.0,0.0,11.0,11.0
zRYzhAEAHAABAAAKCRtcAAsAtwB1gBAQ,2020-08-17 16:17:10.000,0.39999983,-8.8,3.5,17.0,13.332345,74.74734,9.478923982393784,6.0,5.0,-1.043551015438286,27.5750560703157,19.854040370627306,2.854040370627306,0.8151897520992776
zRYzhAEAHAABAAAKCRtcAAsAtwB1gBAQ,2020-08-17 16:17:15.000,0.8000001,-8.999999,3.5,16.0,13.332198,74.74722,9.689684316839276,-1.0,5.0,0.21076033444549225,20.874837365784263,15.02988290336467,0.9701170966353292,0.9981358002709801
zRYzhAEAHAABAAAKCRtcAAsAtwB1gBAQ,2020-08-17 16:17:20.000,1.6999998,-8.400001,2.75,19.0,13.331866,74.74701,9.000695313141149,3.0,5.0,-0.6889890036981274,43.34877551023059,31.211118367366023,12.211118367366023,0.589858439042881
zRYzhAEAHAABAAAKCRtcAAsAtwB1gBAQ,2020-08-17 16:17:25.000,0.70000005,-9.599999,3.75,19.0,13.331726,74.74693,10.330173322360134,0.0,5.0,1.3294780092189846,17.811921511493562,12.824583488275366,6.1754165117246345,1.3743632866851943
zRYzhAEAHAABAAAKCRtcAAsAtwB1gBAQ,2020-08-17 16:17:28.000,0.70000005,-9.599999,3.75,19.0,13.331608,74.74684,10.330173322360134,0.0,3.0,0.0,16.3397219544738,19.60766634536856,0.6076663453685605,0.9219869771557189
zRYzhAEAHAABAAAKCRtcAAsAtwB1gBAQ,2020-08-17 16:17:30.000,1.7999998,-9.6,3.0,19.0,13.331509,74.74673,10.217631784322629,0.0,2.0,-0.11254153803750455,16.212222471714448,29.182000449086008,10.182000449086008,0.6295142706677473
zRYzhAEAHAABAAAKCRtcAAsAtwB1gBAQ,2020-08-17 16:17:35.000,1.9000001,-6.5999994,2.0,23.0,13.331337,74.746574,7.153320380075281,4.0,5.0,-3.0643114042473476,25.508534507282157,18.366144845243152,4.633855154756848,1.1876395732757012
zRYzhAEAHAABAAAKCRtcAAsAtwB1gBAQ,2020-08-17 16:17:40.000,1.5999998,-8.400001,3.5,26.0,13.331048,74.746284,9.239589609934038,3.0,5.0,2.0862692298587566,44.913620265197814,32.33780659094243,6.337806590942428,0.779895339817106
zRYzhAEAHAABAAAKCRtcAAsAtwB1gBAQ,2020-08-17 16:17:45.000,0.20000008,-8.4,3.75,29.0,13.33088,74.746124,9.201222746570155,3.0,5.0,-0.0383668633638834,25.468972297280192,18.337660054041738,10.662339945958262,1.4996643812620312
zRYzhAEAHAABAAAKCRtcAAsAtwB1gBAQ,2020-08-17 16:17:50.000,2.1999998,-8.000001,3.25,36.0,13.330505,74.74574,8.910808892575412,7.0,5.0,-0.2904138539947425,58.864224583803846,42.382241700338774,6.382241700338774,0.8298326363277552
zRYzhAEAHAABAAAKCRtcAAsAtwB1gBAQ,2020-08-17 16:17:55.000,1.9000001,-9.599999,3.25,40.0,13.330224,74.74545,10.311764212781489,4.0,5.0,1.4009553202060765,44.28158496318696,31.882741173494612,8.117258826505388,1.2164435984504332
zRYzhAEAHAABAAAKCRtcAAsAtwB1gBAQ,2020-08-17 16:18:00.000,3.3999999,-7.600001,0.75,40.0,13.329773,74.74502,8.359576216531615,0.0,5.0,-1.952187996249874,68.40722071921364,49.25319891783383,9.253198917833828,0.7959692290515027
zRYzhAEAHAABAAAKCRtcAAsAtwB1gBAQ,2020-08-17 16:18:05.000,1.0000001,-9.2,3.5,22.0,13.329585,74.744736,9.893937547811792,-18.0,5.0,1.5343613312801772,37.16518479630729,26.75893305334125,4.758933053341249,0.7925376655408568
zRYzhAEAHAABAAAKCRtcAAsAtwB1gBAQ,2020-08-17 16:18:10.000,1.3999999,-8.600001,4.0,20.0,13.329453,74.744446,9.587492733765227,-2.0,5.0,-0.3064448140465643,34.64105948424008,24.94156282865286,4.9415628286528595,0.7709635742496473
zRYzhAEAHAABAAAKCRtcAAsAtwB1gBAQ,2020-08-17 16:18:15.000,1.1000001,-9.0,3.0,13.0,13.329404,74.744255,9.550392673602484,-7.0,5.0,-0.03710006016274292,21.372267108676354,15.388032318246976,2.3880323182469763,0.7932617990706162
zRYzhAEAHAABAAAKCRtcAAsAtwB1gBAQ,2020-08-17 16:18:20.000,0.59999985,-8.200002,4.5,12.0,13.329391,74.74414,9.37283482304068,-1.0,5.0,-0.1775578505618043,12.526617316048206,9.019164467554708,2.980835532445292,1.1977046627849934
zRYzhAEAHAABAAAKCRtcAAsAtwB1gBAQ,2020-08-17 16:18:25.000,0.70000017,-10.4,4.25,17.0,13.329546,74.74406,11.25666470309923,5.0,5.0,1.8838298800585491,19.286732996253615,13.886447757302603,3.1135522426973967,1.141978279651073
zRYzhAEAHAABAAAKCRtcAAsAtwB1gBAQ,2020-08-17 16:18:28.000,0.70000017,-10.4,4.25,17.0,13.329658,74.74397,11.25666470309923,0.0,3.0,0.0,15.809028529299622,18.970834235159547,1.970834235159547,0.8512413552594984
zRYzhAEAHAABAAAKCRtcAAsAtwB1gBAQ,2020-08-17 16:18:30.000,-0.70000017,-9.800002,5.75,21.0,13.329825,74.743866,11.383871900105166,4.0,2.0,0.1272071970059372,21.71294696675538,39.08330454015968,18.08330454015968,0.5239089002494788
zRYzhAEAHAABAAAKCRtcAAsAtwB1gBAQ,2020-08-17 16:18:36.000,1.8000002,-8.4,4.0,16.0,13.330027,74.74375,9.476286230375274,-5.0,6.0,-1.907585669729892,25.73020797353716,15.438124784122296,0.5618752158777038,0.973347033808535
zRYzhAEAHAABAAAKCRtcAAsAtwB1gBAQ,2020-08-17 16:18:41.000,1.2999998,-8.4000025,4.5,13.0,13.330238,74.743866,9.617694187278273,-3.0,5.0,0.14140795690299868,26.608297201148243,19.157973984826736,6.157973984826736,0.6449060808286254
zRYzhAEAHAABAAAKCRtcAAsAtwB1gBAQ,2020-08-17 16:18:46.000,1.1000001,-8.799999,2.75,5.0,13.330282,74.74405,9.285067722962554,-8.0,5.0,-0.3326264643157195,20.500987933453214,14.760711312086313,9.760711312086313,0.31724456472758833
zRYzhAEAHAABAAAKCRtcAAsAtwB1gBAQ,2020-08-17 16:18:51.000,0.59999985,-8.600002,4.0,1.0,13.330264,74.74412,9.503685296767987,-4.0,5.0,0.21861757380543345,7.833931102905779,5.640430394092161,4.640430394092161,0.15059264846593032
zRYzhAEAHAABAAAKCRtcAAsAtwB1gBAQ,2020-08-17 16:18:56.000,0.70000017,-8.199999,3.5,1.0,13.330264,74.74412,8.943152902528338,0.0,5.0,-0.5605323942396492,0.0,0.0,1.0,1.0
zRYzhAEAHAABAAAKCRtcAAsAtwB1gBAQ,2020-08-17 16:19:01.000,0.49999985,-8.200003,5.0,3.0,13.330264,74.74412,9.617174691665376,2.0,5.0,0.6740217891370381,0.0,0.0,3.0,3.0
zRYzhAEAHAABAAAKCRtcAAsAtwB1gBAQ,2020-08-17 16:19:06.000,0.90000015,-8.799999,2.5,4.0,13.330264,74.74412,9.192387212797392,1.0,5.0,-0.42478747886798374,0.0,0.0,4.0,4.0
zRYzhAEAHAABAAAKCRtcAAsAtwB1gBAQ,2020-08-17 16:19:11.000,-0.5000002,-10.4000025,2.25,7.0,13.330264,74.74412,10.652349609358787,3.0,5.0,1.4599623965613944,0.0,0.0,7.0,7.0
zRYzhAEAHAABAAAKCRtcAAsAtwB1gBAQ,2020-08-17 16:19:16.000,1.4000002,-10.4000025,3.25,7.0,13.330152,74.7442,10.985561094455134,0.0,5.0,0.33321148509634746,15.166507464310708,10.91988537430371,3.9198853743037105,0.5872539693284508
zRYzhAEAHAABAAAKCRtcAAsAtwB1gBAQ,2020-08-17 16:19:21.000,0.09999983,-8.599999,4.0,1.0,13.33011,74.74426,9.485250801428554,-6.0,5.0,-1.5003102930265797,7.9972493936872455,5.758019563454817,4.758019563454817,0.14797234465074302
zRYzhAEAHAABAAAKCRtcAAsAtwB1gBAQ,2020-08-17 16:19:26.000,0.2000002,-8.600002,4.25,1.0,13.33011,74.74426,9.594922327981818,0.0,5.0,0.10967152655326373,0.0,0.0,1.0,1.0
zRYzhAEAHAABAAAKCRtcAAsAtwB1gBAQ,2020-08-17 16:19:28.000,0.2000002,-8.600002,4.25,1.0,13.33011,74.74426,9.594922327981818,0.0,2.0,0.0,0.0,0.0,1.0,1.0
zRYzhAEAHAABAAAKCRtcAAsAtwB1gBAQ,2020-08-17 16:19:31.000,0.49999982,-8.600002,4.25,1.0,13.33011,74.74426,9.6058593691561,0.0,3.0,0.010937041174281958,0.0,0.0,1.0,1.0
zRYzhAEAHAABAAAKCRtcAAsAtwB1gBAQ,2020-08-17 16:19:41.000,0.6999998,-8.2,3.5,2.0,13.33011,74.74426,8.943153790470118,1.0,10.0,-0.6627055786859817,0.0,0.0,2.0,2.0
zRYzhAEAHAABAAAKCRtcAAsAtwB1gBAQ,2020-08-17 16:19:56.000,0.49999982,-9.000002,4.0,3.0,13.33011,74.74426,9.86154327780414,1.0,15.0,0.9183894873340215,0.0,0.0,3.0,3.0
zRYzhAEAHAABAAAKCRtcAAsAtwB1gBAQ,2020-08-17 16:20:01.000,0.40000018,-9.000002,4.0,3.0,13.33011,74.74426,9.856979057703432,0.0,5.0,-0.004564220100707672,0.0,0.0,3.0,3.0
zRYzhAEAHAABAAAKCRtcAAsAtwB1gBAQ,2020-08-17 16:20:06.000,0.6999998,-8.8,3.25,1.0,13.33011,74.74426,9.407045217282633,-2.0,5.0,-0.4499338404207993,0.0,0.0,1.0,1.0
zRYzhAEAHAABAAAKCRtcAAsAtwB1gBAQ,2020-08-17 16:20:11.000,0.8000002,-8.800002,3.25,1.0,13.33011,74.74426,9.415016490692091,0.0,5.0,0.007971273409458135,0.0,0.0,1.0,1.0
zRYzhAEAHAABAAAKCRtcAAsAtwB1gBAQ,2020-08-17 16:23:13.000,0.3,-8.6,3.5,3.0,,,9.289779329994873,2.0,182.0,-0.12523716069721758,25.841654944943237,18.37141996819203,15.37141996819203,0.1548673254168262
zRYzhAEAHAABAAAKCRtcAAsAtwB1gBAQ,2020-08-17 16:23:22.000,2.8,-9.6,2.5,9.0,,,10.307764064044152,6.0,9.0,1.0179847340492785,25.841654944943237,18.37141996819203,9.37141996819203,0.4646019762504786
zRYzhAEAHAABAAAKCRtcAAsAtwB1gBAQ,2020-08-17 16:23:27.000,-0.5,-9.6,4.25,9.0,13.33001,74.74399,10.510589897812586,0.0,5.0,0.20282583376843455,25.841654944943237,18.37141996819203,9.37141996819203,0.4646019762504786
zRYzhAEAHAABAAAKCRtcAAsAtwB1gBAQ,2020-08-17 16:23:32.000,0.39999992,-8.0,4.25,1.0,13.330036,74.744064,9.067662319252962,-8.0,5.0,-1.4429275785596243,8.51270199263985,6.129145434700692,5.129145434700692,0.14026926637413784
zRYzhAEAHAABAAAKCRtcAAsAtwB1gBAQ,2020-08-17 16:23:37.000,0.3,-8.400001,4.5,1.0,13.330036,74.744064,9.53415003028592,0.0,5.0,0.4664877110329577,0.0,0.0,1.0,1.0
zRYzhAEAHAABAAAKCRtcAAsAtwB1gBAQ,2020-08-17 16:23:59.000,0.3,-8.2,4.5,1.0,13.330117,74.744156,9.358418669839473,0.0,22.0,-0.17573136044644677,13.424257865320806,2.19669674159795,1.19669674159795,0.3128229171654627
zRYzhAEAHAABAAAKCRtcAAsAtwB1gBAQ,2020-08-17 16:24:48.000,0.3,-8.2,4.25,0.0,13.330158,74.74409,9.240806241881712,-1.0,49.0,-0.11761242795776106,8.472324426921592,0.6224564885085252,0.6224564885085252,0.0
zRYzhAEAHAABAAAKCRtcAAsAtwB1gBAQ,2020-08-17 16:24:53.000,0.5,-8.400001,3.75,0.0,13.330158,74.74409,9.212628115798498,0.0,5.0,-0.028178126083213684,0.0,0.0,0.0,0.0
zRYzhAEAHAABAAAKCRtcAAsAtwB1gBAQ,2020-08-17 16:25:00.000,2.3,-7.6,2.25,12.0,13.330158,74.74409,8.253029746705145,12.0,7.0,-0.9595983690933529,0.0,0.0,12.0,12.0
zRYzhAEAHAABAAAKCRtcAAsAtwB1gBAQ,2020-08-17 16:25:05.000,-0.3,-6.200001,5.75,25.0,13.330327,74.74416,8.46123586717691,13.0,5.0,0.20820612047176468,20.260838106905332,14.58780343697184,10.41219656302816,1.6038180171494785
zRYzhAEAHAABAAAKCRtcAAsAtwB1gBAQ,2020-08-17 16:25:14.000,1.1,-8.6,3.0,3.0,13.331803,74.74602,9.174420962654809,-22.0,9.0,0.7131850954778987,259.688203716974,103.87528148678959,100.87528148678959,0.028605405939986814
zRYzhAEAHAABAAAKCRtcAAsAtwB1gBAQ,2020-08-17 16:25:45.000,-0.100000076,-9.4,4.0,9.0,13.331808,74.74604,10.216163664272417,6.0,31.0,1.0417427016176077,2.2342470366272216,0.25946094618896764,8.740539053811032,7.1459143113832235
zRYzhAEAHAABAAAKCRtcAAsAtwB1gBAQ,2020-08-17 16:25:48.000,-0.100000076,-9.4,4.0,9.0,13.331808,74.74604,10.216163664272417,0.0,3.0,0.0,0.0,0.0,9.0,9.0
zRYzhAEAHAABAAAKCRtcAAsAtwB1gBAQ,2020-08-17 16:25:50.000,-0.3,-12.400001,6.0,27.0,13.331707,74.7463,13.778607505840386,18.0,2.0,3.562443841567969,30.290489454431594,54.52288101797687,27.52288101797687,0.4862860050662374
zRYzhAEAHAABAAAKCRtcAAsAtwB1gBAQ,2020-08-17 16:26:13.000,1.3,-9.8,2.75,30.0,13.334921,74.74948,10.261213378543495,3.0,23.0,-3.5173941272968907,496.0886961087727,77.64866547789487,47.648665477894866,0.3814432173478119
zRYzhAEAHAABAAAKCRtcAAsAtwB1gBAQ,2020-08-17 16:26:48.000,1.3,-9.8,2.75,30.0,13.335182,74.74948,10.261213378543495,0.0,35.0,0.0,29.021875854219253,2.9851072307196946,27.014892769280305,7.528028297141233
zRYzhAEAHAABAAAKCRtcAAsAtwB1gBAQ,2020-08-17 16:26:50.000,0.49999997,-9.400001,3.5,29.0,13.335481,74.749504,10.042908879901331,-1.0,2.0,-0.21830449864216384,33.34853516339005,60.027363294102095,31.027363294102095,0.4751966730111485
zRYzhAEAHAABAAAKCRtcAAsAtwB1gBAQ,2020-08-17 16:26:56.000,-0.70000005,-9.0,3.75,25.0,13.335942,74.749565,9.775095911038418,-4.0,6.0,-0.2678129688629127,51.683999287191526,31.010399572314917,6.010399572314917,0.780996186677468
zRYzhAEAHAABAAAKCRtcAAsAtwB1gBAQ,2020-08-17 16:27:01.000,3.5,-9.8,1.75,26.0,13.336289,74.74946,10.552369402176936,1.0,5.0,0.7772734911385175,40.22235894955223,28.960098443677605,2.960098443677605,0.8678209135019284
zRYzhAEAHAABAAAKCRtcAAsAtwB1gBAQ,2020-08-17 16:27:06.000,1.1,-8.2,0.75,24.0,13.336452,74.7494,8.307376240426334,-2.0,5.0,-2.2449931617506014,19.25228751168577,13.861647008413753,10.138352991586247,1.6148950373005544
zRYzhAEAHAABAAAKCRtcAAsAtwB1gBAQ,2020-08-17 16:27:11.000,0.29999995,-8.2,3.0,8.0,13.336711,74.749245,8.736704182356181,-16.0,5.0,0.4293279419298468,33.32652208414282,23.995095900582832,15.995095900582832,0.3200627847886536
zRYzhAEAHAABAAAKCRtcAAsAtwB1gBAQ,2020-08-17 16:27:16.000,0.90000004,-8.8,3.25,13.0,13.336711,74.749245,9.424038416305402,5.0,5.0,0.6873342339492208,0.0,0.0,13.0,13.0
zRYzhAEAHAABAAAKCRtcAAsAtwB1gBAQ,2020-08-17 16:27:21.000,0.39999995,-6.3999996,3.25,23.0,13.337005,74.74915,7.189053820914138,10.0,5.0,-2.234984595391264,34.2691088775199,24.673758391814324,1.6737583918143244,0.8958563701110933
zRYzhAEAHAABAAAKCRtcAAsAtwB1gBAQ,2020-08-17 16:27:26.000,1.2,-6.4,3.5,35.0,13.337204,74.7491,7.392563831310488,12.0,5.0,0.20351001039635008,22.77948693829348,16.401230595571306,18.598769404428694,2.0113520022490627
zRYzhAEAHAABAAAKCRtcAAsAtwB1gBAQ,2020-08-17 16:27:31.000,1.6999999,-7.2,3.5,34.0,13.337848,74.74897,8.184130965472145,-1.0,5.0,0.7915671341616566,72.97781917339118,52.54402980484165,18.54402980484165,0.6349914289963583
zRYzhAEAHAABAAAKCRtcAAsAtwB1gBAQ,2020-08-17 16:27:36.000,1.9000001,-6.2000003,0.25,34.0,13.338188,74.74888,6.489414773305842,0.0,5.0,-1.694716192166303,39.04017531158245,28.108926224339363,5.891073775660637,1.1680265956210703
zRYzhAEAHAABAAAKCRtcAAsAtwB1gBAQ,2020-08-17 16:27:41.000,2.7,-9.4,-1.0,34.0,13.338706,74.74877,9.831073186585481,0.0,5.0,3.3416584132796396,58.81570403030492,42.34730690181955,8.34730690181955,0.7843624536354487
zRYzhAEAHAABAAAKCRtcAAsAtwB1gBAQ,2020-08-17 16:27:46.000,0.8000001,-7.8,2.5,34.0,13.33895,74.74876,8.229823823144697,0.0,5.0,-1.6012493634407843,27.153126561128897,19.550251124012807,14.449748875987193,1.654480998544649
zRYzhAEAHAABAAAKCRtcAAsAtwB1gBAQ,2020-08-17 16:27:48.000,0.8000001,-7.8,2.5,34.0,13.339366,74.748634,8.229823823144697,0.0,2.0,0.0,48.224116880152785,86.80341038427501,52.80341038427501,0.38722869477617883
zRYzhAEAHAABAAAKCRtcAAsAtwB1gBAQ,2020-08-17 16:27:51.000,-0.3,-17.0,3.25,31.0,13.339366,74.748634,17.310473708134044,-3.0,3.0,9.080649884989347,0.0,0.0,31.0,31.0
zRYzhAEAHAABAAAKCRtcAAsAtwB1gBAQ,2020-08-17 16:27:56.000,4.3,-5.6000004,-1.5,31.0,13.339863,74.74849,7.218033283381295,0.0,5.0,-10.092440424752748,57.41806729216865,41.34100845036143,10.341008450361429,0.7321507241931404
zRYzhAEAHAABAAAKCRtcAAsAtwB1gBAQ,2020-08-17 16:28:01.000,1.4,-7.2,-1.75,28.0,13.340064,74.74839,7.540722777028738,-3.0,5.0,0.32268949364744337,24.83125965063812,17.87850694845945,10.12149305154055,1.4831681380547361
zRYzhAEAHAABAAAKCRtcAAsAtwB1gBAQ,2020-08-17 16:28:06.000,2.3000002,-8.200001,2.0,18.0,13.340351,74.74812,8.748143649940886,-10.0,5.0,1.2074208729121478,43.264398954859175,31.150367247498604,13.150367247498604,0.5598691878519818
zRYzhAEAHAABAAAKCRtcAAsAtwB1gBAQ,2020-08-17 16:28:11.000,2.3,-8.599999,1.25,13.0,13.340578,74.74795,8.98957634151916,-5.0,5.0,0.2414326915782734,31.23179808312337,22.486894619848826,9.486894619848826,0.553500162980834
zRYzhAEAHAABAAAKCRtcAAsAtwB1gBAQ,2020-08-17 16:28:16.000,1.6000001,-7.8000007,1.25,17.0,13.340689,74.74783,8.059932458774112,4.0,5.0,-0.9296438827450473,17.91388967837967,12.898000568433364,4.101999431566636,1.2231975323567212
zRYzhAEAHAABAAAKCRtcAAsAtwB1gBAQ,2020-08-17 16:28:21.000,0.6999999,-8.2,4.5,19.0,13.340916,74.7477,9.379765448026939,2.0,5.0,1.319832989252827,28.89553879934377,20.804787935527514,1.8047879355275143,0.8713682543567622
zRYzhAEAHAABAAAKCRtcAAsAtwB1gBAQ,2020-08-17 16:28:31.000,-1.9999999,-10.2,8.25,25.0,13.341368,74.74742,13.270361698160302,6.0,10.0,3.8905962501333633,58.68412758274797,21.12628592978927,3.873714070210731,1.129877833059265
zRYzhAEAHAABAAAKCRtcAAsAtwB1gBAQ,2020-08-17 16:28:36.000,-1.1000001,-9.6,2.75,28.0,13.341544,74.74731,10.046516820271592,3.0,5.0,-3.2238448778887108,22.904996325845875,16.49159735460903,11.50840264539097,1.6007686109137431
zRYzhAEAHAABAAAKCRtcAAsAtwB1gBAQ,2020-08-17 16:28:41.000,-3.3,-15.2,2.75,24.0,13.341943,74.74709,15.795331588795468,-4.0,5.0,5.748814768523877,50.34855696736702,36.25096101650425,12.250961016504249,0.6442786802028185
zRYzhAEAHAABAAAKCRtcAAsAtwB1gBAQ,2020-08-17 16:28:47.000,2.6999998,-9.0,1.0,27.0,13.342182,74.74696,9.449338544046352,3.0,6.0,-6.345993044749116,30.068111515369687,18.040866909221812,8.959133090778188,1.4180026638872962
zRYzhAEAHAABAAAKCRtcAAsAtwB1gBAQ,2020-08-17 16:28:48.000,2.6999998,-9.0,1.0,27.0,13.342182,74.74696,9.449338544046352,0.0,1.0,0.0,0.0,0.0,27.0,27.0
zRYzhAEAHAABAAAKCRtcAAsAtwB1gBAQ,2020-08-17 16:28:52.000,-0.1999999,-7.3999996,3.75,25.0,13.342629,74.74676,8.298342849027158,-2.0,4.0,-1.1509956950191942,54.21009949097174,48.78908954187457,23.789089541874567,0.5021180389124011
zRYzhAEAHAABAAAKCRtcAAsAtwB1gBAQ,2020-08-17 16:28:57.000,2.6,-4.4,-1.75,26.0,13.342809,74.74673,5.402082931610733,1.0,5.0,-2.896259917416425,20.276561345113166,14.599124168481481,11.400875831518519,1.6667602436637958
zRYzhAEAHAABAAAKCRtcAAsAtwB1gBAQ,2020-08-17 16:29:02.000,2.6000001,-4.4,1.75,22.0,13.343161,74.74655,5.4020829797403165,-4.0,5.0,4.812958387390154e-08,43.71790825703388,31.476893945064397,9.476893945064397,0.6774046815318495
zRYzhAEAHAABAAAKCRtcAAsAtwB1gBAQ,2020-08-17 16:29:07.000,4.6,-7.5999994,0.75,20.0,13.343349,74.74653,8.91529533330222,-2.0,5.0,3.5132123535619035,21.01633986858186,15.13176470537894,4.86823529462106,1.2397899650328548
zRYzhAEAHAABAAAKCRtcAAsAtwB1gBAQ,2020-08-17 16:29:12.000,0.7000001,-8.0,3.75,15.0,13.343629,74.746574,8.862984832436531,-5.0,5.0,-0.05231050086568878,31.496418314986947,22.677421186790603,7.677421186790603,0.6335149373601695
zRYzhAEAHAABAAAKCRtcAAsAtwB1gBAQ,2020-08-17 16:29:17.000,-0.20000017,-8.999999,3.5,12.0,13.343793,74.74666,9.658673929065058,-3.0,5.0,0.7956890966285268,20.472569020893562,14.740249695043364,2.7402496950433637,0.7623767241620585
zRYzhAEAHAABAAAKCRtcAAsAtwB1gBAQ,2020-08-17 16:29:22.000,-0.1999999,-8.2,7.0,12.0,13.343877,74.74666,10.783320451512141,0.0,5.0,1.1246465224470832,9.340373838294003,6.725069163571682,5.274930836428318,1.5533841504730044
zRYzhAEAHAABAAAKCRtcAAsAtwB1gBAQ,2020-08-17 16:29:27.000,1.2999998,-4.7999988,2.75,25.0,13.343945,74.7468,5.682647970796843,13.0,5.0,-5.100672480715298,16.929395743917535,12.189164935620624,12.810835064379376,1.8954952889004575
zRYzhAEAHAABAAAKCRtcAAsAtwB1gBAQ,2020-08-17 16:29:32.000,-2.8999999,-6.6,7.75,33.0,13.343957,74.74724,10.584540586156775,8.0,5.0,4.901892615359932,47.623572339542115,34.28897208447032,1.2889720844703234,0.9351363344052281
zRYzhAEAHAABAAAKCRtcAAsAtwB1gBAQ,2020-08-17 16:29:37.000,-3.9000003,-7.599999,4.25,32.0,13.343966,74.74773,9.541094651034602,-1.0,5.0,-1.0434459351221737,53.023963027296176,38.177253379653244,6.177253379653244,0.8168004961935192
zRYzhAEAHAABAAAKCRtcAAsAtwB1gBAQ,2020-08-17 16:29:42.000,3.3000002,-5.4,0.0,27.0,13.344107,74.74822,6.3285070372087,-5.0,5.0,-3.2125876138259013,55.28428602853914,39.80468594054818,12.804685940548183,0.661688709952053
zRYzhAEAHAABAAAKCRtcAAsAtwB1gBAQ,2020-08-17 16:29:47.000,0.2999997,-7.7999988,2.5,28.0,13.344198,74.74847,8.196339493944937,1.0,5.0,1.8678324567362363,28.878956147127283,20.792848425931645,7.207151574068355,1.284825161573756
zRYzhAEAHAABAAAKCRtcAAsAtwB1gBAQ,2020-08-17 16:29:48.000,0.2999997,-7.7999988,2.5,28.0,13.344198,74.74847,8.196339493944937,0.0,1.0,0.0,0.0,0.0,28.0,28.0
zRYzhAEAHAABAAAKCRtcAAsAtwB1gBAQ,2020-08-17 16:29:52.000,-3.8,-10.2,6.75,25.0,13.344379,74.74891,12.807907713596315,-3.0,4.0,4.611568219651378,51.6844760484797,46.51602844363173,21.516028443631733,0.5261382488996845
zRYzhAEAHAABAAAKCRtcAAsAtwB1gBAQ,2020-08-17 16:29:57.000,1.9999998,-6.3999987,2.25,31.0,13.344485,74.749115,7.072657390260165,6.0,5.0,-5.73525032333615,25.116839635837717,18.084124537803156,12.915875462196844,1.6243868005887854
zRYzhAEAHAABAAAKCRtcAAsAtwB1gBAQ,2020-08-17 16:30:02.000,-4.5,-10.4,10.5,34.0,13.344741,74.74955,15.448624534242523,3.0,5.0,8.375967143982358,55.00279192806287,39.60201018820527,5.60201018820527,0.8373969624261823
zRYzhAEAHAABAAAKCRtcAAsAtwB1gBAQ,2020-08-17 16:30:07.000,5.5,-6.199999,-1.75,35.0,13.34488,74.749855,8.470684010161222,1.0,5.0,-6.977940524081301,36.43907486832211,26.23613390519192,8.76386609480808,1.2850575680760654
zRYzhAEAHAABAAAKCRtcAAsAtwB1gBAQ,2020-08-17 16:30:12.000,-1.5999999,-9.4,9.0,41.0,13.345091,74.750374,13.111826710264287,6.0,5.0,4.641142700103066,60.85642522407264,43.8166261613323,2.8166261613323016,0.9148390566573867
zRYzhAEAHAABAAAKCRtcAAsAtwB1gBAQ,2020-08-17 16:30:17.000,-0.9000001,-11.799999,4.75,39.0,13.345218,74.75077,12.751959715275177,-2.0,5.0,-0.35986699498911,45.11149829074111,32.4802787693336,6.5197212306663985,1.1648648527897627
zRYzhAEAHAABAAAKCRtcAAsAtwB1gBAQ,2020-08-17 16:30:22.000,-0.69999987,-9.2,4.0,31.0,13.345385,74.751366,10.056341273942527,-8.0,5.0,-2.69561844133265,67.10316636925859,48.314279785866184,17.314279785866184,0.6286211647946406
zRYzhAEAHAABAAAKCRtcAAsAtwB1gBAQ,2020-08-17 16:30:27.000,0.19999993,-8.199999,3.25,4.0,13.34551,74.75163,8.822838747931472,-27.0,5.0,-1.2335025260110548,31.765121853436877,22.870887734474554,18.870887734474554,0.16756812919961764
zRYzhAEAHAABAAAKCRtcAAsAtwB1gBAQ,2020-08-17 16:30:32.000,1.2000002,-8.8,3.25,6.0,13.345533,74.751656,9.457404531899861,2.0,5.0,0.6345657839683891,3.801798718451975,2.737295077285422,3.262704922714578,1.6054391949051263
zRYzhAEAHAABAAAKCRtcAAsAtwB1gBAQ,2020-08-17 16:30:37.000,-0.100000076,-8.8,6.75,20.0,13.345533,74.751656,11.091100036299377,14.0,5.0,1.6336955043995154,0.0,0.0,20.0,20.0
zRYzhAEAHAABAAAKCRtcAAsAtwB1gBAQ,2020-08-17 16:30:42.000,-0.89999986,-14.799999,5.5,35.0,13.345584,74.75206,15.814549318523149,15.0,5.0,4.723449282223772,44.07598249504887,31.734707396435187,3.265292603564813,1.069201553450009
zRYzhAEAHAABAAAKCRtcAAsAtwB1gBAQ,2020-08-17 16:30:47.000,-7.4505806e-08,-7.0,5.0,44.0,13.345598,74.75245,8.602325267042627,9.0,5.0,-7.212224051480522,42.223651154519516,30.401028831254056,13.598971168745944,1.4012279736581734
zRYzhAEAHAABAAAKCRtcAAsAtwB1gBAQ,2020-08-17 16:30:48.000,-7.4505806e-08,-7.0,5.0,44.0,13.345598,74.75245,8.602325267042627,0.0,1.0,0.0,0.0,0.0,44.0,44.0
zRYzhAEAHAABAAAKCRtcAAsAtwB1gBAQ,2020-08-17 16:30:53.000,0.60000014,-9.199999,3.0,41.0,13.345654,74.75324,9.695358774589057,-3.0,5.0,1.09303350754643,85.69832355036758,61.70279295626465,20.702792956264652,0.6538783691596896
zRYzhAEAHAABAAAKCRtcAAsAtwB1gBAQ,2020-08-17 16:30:58.000,0.49999994,-8.8,3.75,41.0,13.345651,74.75391,9.578752525250875,0.0,5.0,-0.1166062493381812,72.48949930195218,52.19243949740557,11.192439497405573,0.7707862317914512
zRYzhAEAHAABAAAKCRtcAAsAtwB1gBAQ,2020-08-17 16:31:08.000,-1.2999998,-10.199999,4.25,49.0,13.345616,74.7551,11.126206859482751,8.0,10.0,1.547454334231876,128.8074607777164,46.3706858799779,2.6293141200221015,1.0343949868944322
zRYzhAEAHAABAAAKCRtcAAsAtwB1gBAQ,2020-08-17 16:31:13.000,-0.30000007,-9.6,8.75,43.0,13.345625,74.75546,12.992786461802565,-6.0,5.0,1.8665796023198133,38.96202895334105,28.052660846405555,14.947339153594445,1.480070972752915
zRYzhAEAHAABAAAKCRtcAAsAtwB1gBAQ,2020-08-17 16:31:18.000,-0.29999983,-7.7999988,4.0,44.0,13.345673,74.75628,8.770973787328376,1.0,5.0,-4.221812674474188,88.87795950737262,63.99213084530829,19.99213084530829,0.6770050378056857
zRYzhAEAHAABAAAKCRtcAAsAtwB1gBAQ,2020-08-17 16:31:28.000,-1.6000001,-8.400001,5.25,54.0,13.346233,74.75989,10.03406782516448,10.0,10.0,1.2630940378361029,395.5057733551222,142.38207840784398,88.38207840784398,0.37661610571998677
zRYzhAEAHAABAAAKCRtcAAsAtwB1gBAQ,2020-08-17 16:31:58.000,2.2000003,-5.3999987,1.5,53.0,13.346279,74.76053,6.020796233057699,-1.0,30.0,-4.01327159210678,69.43145893160009,8.331775071792011,44.66822492820799,5.679519661828094
zRYzhAEAHAABAAAKCRtcAAsAtwB1gBAQ,2020-08-17 16:32:05.000,-0.90000015,-7.8000007,4.25,49.0,13.346303,74.76171,8.928186332621005,-4.0,7.0,2.9073900995633055,127.69427341666938,65.6713406142871,16.671340614287104,0.7349484733399784
zRYzhAEAHAABAAAKCRtcAAsAtwB1gBAQ,2020-08-17 16:32:10.000,0.30000025,-8.599998,4.25,51.0,13.346403,74.76217,9.597523938496014,2.0,5.0,0.6693376058750093,50.99530070824288,36.71661650993488,14.28338349006512,1.3521891600898548
zRYzhAEAHAABAAAKCRtcAAsAtwB1gBAQ,2020-08-17 16:32:15.000,1.3999999,-10.200001,1.75,51.0,13.346416,74.762955,10.443300250399824,0.0,5.0,0.8457763119038102,84.94286202518921,61.158860658136234,10.158860658136234,0.8204783591593131
zRYzhAEAHAABAAAKCRtcAAsAtwB1gBAQ,2020-08-17 16:32:20.000,1.3000003,-7.5999985,3.25,50.0,13.346224,74.76373,8.367345934046371,-1.0,5.0,-2.075954316353453,86.52397460906117,62.29726171852405,12.297261718524048,0.7899235866212427
zRYzhAEAHAABAAAKCRtcAAsAtwB1gBAQ,2020-08-17 16:32:25.000,-1.6391277e-07,-9.800001,5.25,47.0,13.346073,74.76422,11.117667003467995,-3.0,5.0,2.7503210694216236,55.60941395111376,40.03877804480191,6.961221955198091,1.145258271303552
zRYzhAEAHAABAAAKCRtcAAsAtwB1gBAQ,2020-08-17 16:32:30.000,-1.3999997,-10.999998,5.25,47.0,13.345904,74.764885,12.268759316247266,0.0,5.0,1.1510923127792712,74.36131026674316,53.54014339205507,6.540143392055072,0.8617505763075524
zRYzhAEAHAABAAAKCRtcAAsAtwB1gBAQ,2020-08-17 16:32:35.000,-0.90000015,-6.000001,4.25,50.0,13.345792,74.76536,7.407598279469603,3.0,5.0,-4.861161036777663,52.8786892159612,38.07265623549206,11.927343764507938,1.2796672869806576
zRYzhAEAHAABAAAKCRtcAAsAtwB1gBAQ,2020-08-17 16:32:40.000,0.9000003,-9.399998,3.25,45.0,13.34569,74.76619,9.986614188002063,-5.0,5.0,2.57901590853246,90.51286018073108,65.16925933012638,20.16925933012638,0.6800741077588551
zRYzhAEAHAABAAAKCRtcAAsAtwB1gBAQ,2020-08-17 16:32:45.000,-0.30000013,-10.200001,5.25,48.0,13.345652,74.76666,11.47573616279152,3.0,5.0,1.489121974789457,51.02555363273671,36.73839861557043,11.261601384429568,1.2719140652723868
zRYzhAEAHAABAAAKCRtcAAsAtwB1gBAQ,2020-08-17 16:32:50.000,2.3000002,-6.5999975,3.5,50.0,13.345576,74.76738,7.816646846315003,2.0,5.0,-3.659089316476517,78.35540411939874,56.415890965967094,6.415890965967094,0.8708390509804539
zRYzhAEAHAABAAAKCRtcAAsAtwB1gBAQ,2020-08-17 16:32:53.000,2.3000002,-6.5999975,3.5,50.0,13.345576,74.76738,7.816646846315003,0.0,3.0,0.0,0.0,0.0,50.0,50.0
zRYzhAEAHAABAAAKCRtcAAsAtwB1gBAQ,2020-08-17 16:32:57.000,0.9999999,-9.800001,3.75,50.0,13.345487,74.768295,10.540517985374391,0.0,4.0,2.723871139059388,99.48928082332652,89.54035274099387,39.54035274099387,0.552239951428437
zRYzhAEAHAABAAAKCRtcAAsAtwB1gBAQ,2020-08-17 16:33:02.000,-0.79999983,-7.7999973,3.75,46.0,13.345471,74.76868,8.691516415908522,-4.0,5.0,-1.8490015694658695,41.6919800448065,30.018225632260684,15.981774367739316,1.482999077553857
zRYzhAEAHAABAAAKCRtcAAsAtwB1gBAQ,2020-08-17 16:33:07.000,-1.3000002,-8.600001,4.5,40.0,13.345414,74.76944,9.792855442617391,-6.0,5.0,1.1013390267088692,82.47000934119387,59.378406725659595,19.378406725659595,0.6624884982763352
zRYzhAEAHAABAAAKCRtcAAsAtwB1gBAQ,2020-08-17 16:33:12.000,4.0,-7.5999975,-2.0,24.0,13.345402,74.76994,8.818160919375778,-16.0,5.0,-0.9746945232416131,54.112577184508545,38.96105557284615,14.96105557284615,0.6005847357122415
zRYzhAEAHAABAAAKCRtcAAsAtwB1gBAQ,2020-08-17 16:33:17.000,-3.0000002,-13.200002,-2.0,20.0,13.345389,74.77014,13.68356875964761,-4.0,5.0,4.865407840271832,21.68668035664485,15.614409856784292,4.385590143215708,1.2037743243605636
zRYzhAEAHAABAAAKCRtcAAsAtwB1gBAQ,2020-08-17 16:33:22.000,3.4,-9.999997,3.5,20.0,13.345393,74.770454,11.126991507141947,0.0,5.0,-2.5565772525056634,33.97527927202703,24.462201075859465,4.462201075859465,0.785478048045181
zRYzhAEAHAABAAAKCRtcAAsAtwB1gBAQ,2020-08-17 16:33:27.000,0.8999998,-10.000002,3.25,8.0,13.345411,74.77058,10.55331889217814,-12.0,5.0,-0.5736726149638063,13.778372603904977,9.920428274811583,1.9204282748115826,0.7325720016359001
zRYzhAEAHAABAAAKCRtcAAsAtwB1gBAQ,2020-08-17 16:33:33.000,2.4,-6.7999973,1.25,15.0,13.34547,74.77069,7.31863807548968,7.0,6.0,-3.23468081668846,13.589607555840399,8.15376453350424,6.846235466495759,1.6386700733995947
zRYzhAEAHAABAAAKCRtcAAsAtwB1gBAQ,2020-08-17 16:33:38.000,3.1999998,-7.800002,5.5,10.0,13.345539,74.77078,10.06628183193795,-5.0,5.0,2.7476437564482694,12.396832904688365,8.925719691375622,1.0742803086243775,1.0074836194184407
zRYzhAEAHAABAAAKCRtcAAsAtwB1gBAQ,2020-08-17 16:33:43.000,1.4000001,-7.399997,3.25,27.0,13.345595,74.77104,8.20258836465716,17.0,5.0,-1.8636934672807897,28.810925774759642,20.74386655782694,6.256133442173059,1.24172947475531
zRYzhAEAHAABAAAKCRtcAAsAtwB1gBAQ,2020-08-17 16:33:48.000,-0.80000025,-10.200002,6.0,39.0,13.345624,74.77137,11.860861739351153,12.0,5.0,3.6582733746939926,35.84873752542114,25.811091018303223,13.188908981696777,1.4546218941025462
zRYzhAEAHAABAAAKCRtcAAsAtwB1gBAQ,2020-08-17 16:33:53.000,1.3000001,-7.999997,3.0,46.0,13.345886,74.77223,8.64233488474087,7.0,5.0,-3.218526854610282,97.49946017854076,70.19961132854934,24.199611328549338,0.6460709425467762
zRYzhAEAHAABAAAKCRtcAAsAtwB1gBAQ,2020-08-17 16:34:03.000,-0.10000024,-9.799997,4.5,48.0,13.346566,74.773125,10.784245047661381,2.0,10.0,2.14191016292051,122.85618493696467,44.22822657730728,3.7717734226927178,1.0612841500197892
zRYzhAEAHAABAAAKCRtcAAsAtwB1gBAQ,2020-08-17 16:34:08.000,1.0000001,-8.400002,3.25,46.0,13.346819,74.77339,9.062148409731769,-2.0,5.0,-1.7220966379296119,40.16766846056676,28.920721291608068,17.079278708391932,1.5373960925501393
zRYzhAEAHAABAAAKCRtcAAsAtwB1gBAQ,2020-08-17 16:34:13.000,0.7999998,-8.5999975,3.25,44.0,13.34728,74.77407,9.228350702048893,-2.0,5.0,0.16620229231712358,89.66746494645282,64.56057476144603,20.560574761446034,0.6711350557877495
zRYzhAEAHAABAAAKCRtcAAsAtwB1gBAQ,2020-08-17 16:34:18.000,0.5000001,-6.8000016,6.25,48.0,13.347469,74.774506,9.249460625355544,4.0,5.0,0.021109923306651623,51.64116470401785,37.18163858689285,10.818361413107148,1.2571487703641309
zRYzhAEAHAABAAAKCRtcAAsAtwB1gBAQ,2020-08-17 16:34:23.000,0.39999977,-8.799997,4.5,48.0,13.347645,74.77521,9.89191321312561,0.0,5.0,0.642452587770066,78.640686575595,56.6212943344284,8.621294334428399,0.8330253694304862
zRYzhAEAHAABAAAKCRtcAAsAtwB1gBAQ,2020-08-17 16:34:28.000,0.10000011,-9.000002,5.75,49.0,13.347779,74.7757,10.680474522323623,1.0,5.0,0.7885613091980126,55.0678257994567,39.648834575608824,9.351165424391176,1.2054466139455389
zRYzhAEAHAABAAAKCRtcAAsAtwB1gBAQ,2020-08-17 16:34:33.000,-0.60000026,-9.799997,5.5,47.0,13.347958,74.77645,11.253885618399053,-2.0,5.0,0.5734110960754304,83.54884486707998,60.15516830429759,13.15516830429759,0.7685368432989358
zRYzhAEAHAABAAAKCRtcAAsAtwB1gBAQ,2020-08-17 16:34:38.000,1.1175871e-07,-9.799997,4.25,43.0,13.348033,74.77681,10.681874423527407,-4.0,5.0,-0.5720111948716458,39.831615658375355,28.678763274030256,14.321236725969744,1.4488474335325892
zRYzhAEAHAABAAAKCRtcAAsAtwB1gBAQ,2020-08-17 16:34:43.000,0.09999975,-8.400002,3.5,39.0,13.348175,74.77755,9.100551277258102,-4.0,5.0,-1.5813231462693054,81.6035337678168,58.7545443128281,19.754544312828102,0.6526700261628049
zRYzhAEAHAABAAAKCRtcAAsAtwB1gBAQ,2020-08-17 16:34:48.000,-0.9999999,-7.7999973,5.0,40.0,13.348228,74.77793,9.318795935098445,1.0,5.0,0.21824465784034253,41.532823506054854,29.903632924359492,10.096367075640508,1.294346205117858
zRYzhAEAHAABAAAKCRtcAAsAtwB1gBAQ,2020-08-17 16:34:53.000,-0.9999999,-7.7999973,5.0,40.0,13.348266,74.77824,9.318795935098445,0.0,5.0,0.0,33.80432139316045,24.339111403075524,15.660888596924476,1.5785873215406052
zRYzhAEAHAABAAAKCRtcAAsAtwB1gBAQ,2020-08-17 16:35:00.000,0.49999976,-8.799997,5.5,41.0,13.348389,74.77924,10.389415140420997,1.0,7.0,1.0706192053225525,109.05200065633242,56.0838860518281,15.083886051828102,0.7182412206971144
zRYzhAEAHAABAAAKCRtcAAsAtwB1gBAQ,2020-08-17 16:35:05.000,1.1000001,-8.799997,2.75,43.0,13.348413,74.77958,9.28506582744619,2.0,5.0,-1.1043493129748079,36.88158473272725,26.554741007563617,16.445258992436383,1.5605300005613099
zRYzhAEAHAABAAAKCRtcAAsAtwB1gBAQ,2020-08-17 16:35:10.000,1.5999998,-8.200002,1.75,38.0,13.348493,74.78033,8.535955257614933,-5.0,5.0,-0.7491105698312559,81.62931022013947,58.773103358500414,20.773103358500414,0.6357374448518737
zRYzhAEAHAABAAAKCRtcAAsAtwB1gBAQ,2020-08-17 16:35:15.000,-0.099999875,-8.200002,4.25,34.0,13.348543,74.78062,9.236478375171135,-4.0,5.0,0.7005231175562017,31.864136652301486,22.94217838965707,11.05782161034293,1.4200879906018857
zRYzhAEAHAABAAAKCRtcAAsAtwB1gBAQ,2020-08-17 16:35:20.000,-0.9000003,-8.199997,5.5,35.0,13.348623,74.78117,9.914633192408537,1.0,5.0,0.6781548172374023,60.166195261275284,43.319660588118204,8.319660588118204,0.7897172391564582
zRYzhAEAHAABAAAKCRtcAAsAtwB1gBAQ,2020-08-17 16:35:25.000,-1.3999999,-8.600001,5.75,37.0,13.348652,74.78144,10.439469187655138,2.0,5.0,0.5248359952466011,29.388961312143635,21.160052144743418,15.839947855256582,1.6696711613459252
zRYzhAEAHAABAAAKCRtcAAsAtwB1gBAQ,2020-08-17 16:35:30.000,1.6999998,-7.999997,5.25,38.0,13.348533,74.782135,9.71866509969394,1.0,5.0,-0.7208040879611985,76.34802604939462,54.97057875556413,16.970578755564127,0.6789281233977299
zRYzhAEAHAABAAAKCRtcAAsAtwB1gBAQ,2020-08-17 16:35:35.000,1.6000001,-6.800001,4.25,38.0,13.348354,74.78237,8.176950160053625,0.0,5.0,-1.5417149396403147,32.28913645387488,23.248178246789916,14.751821753210084,1.5671280379601553
zRYzhAEAHAABAAAKCRtcAAsAtwB1gBAQ,2020-08-17 16:35:40.000,-0.10000022,-9.5999975,3.5,39.0,13.347815,74.78281,10.218608126550617,1.0,5.0,2.0416579664969916,76.53913255323526,55.10817543832939,16.10817543832939,0.6950858710931773
zRYzhAEAHAABAAAKCRtcAAsAtwB1gBAQ,2020-08-17 16:35:45.000,0.10000012,-8.000001,3.5,39.0,13.347631,74.783035,8.732698095319739,0.0,5.0,-1.485910031230878,31.79919594045339,22.895421077126443,16.104578922873557,1.6321118541548616
zRYzhAEAHAABAAAKCRtcAAsAtwB1gBAQ,2020-08-17 16:35:50.000,1.4999998,-7.1999974,1.75,32.0,13.347347,74.783646,7.55992473243,-7.0,5.0,-1.172773362889739,73.26058148862498,52.74761867180999,20.747618671809988,0.5953752145819929
zRYzhAEAHAABAAAKCRtcAAsAtwB1gBAQ,2020-08-17 16:35:53.000,1.4999998,-7.1999974,1.75,32.0,13.347347,74.783646,7.55992473243,0.0,3.0,0.0,0.0,0.0,32.0,32.0
zRYzhAEAHAABAAAKCRtcAAsAtwB1gBAQ,2020-08-17 16:35:55.000,-0.5999999,-10.400001,3.75,27.0,13.347302,74.78395,11.071699087312705,-5.0,2.0,3.5117743548827054,33.268630838128,59.883535508630395,32.883535508630395,0.4434696469979586
zRYzhAEAHAABAAAKCRtcAAsAtwB1gBAQ,2020-08-17 16:36:00.000,0.19999975,-8.399998,2.25,37.0,13.347449,74.78437,8.698417459515499,10.0,5.0,-2.3732816277972066,48.290868069192456,34.76942500981857,2.230574990181431,1.034402984947162
zRYzhAEAHAABAAAKCRtcAAsAtwB1gBAQ,2020-08-17 16:36:05.000,2.9,-7.4000006,3.5,47.0,13.347679,74.7846,8.6844694069356,10.0,5.0,-0.013948052579898729,35.68312309162761,25.69184862597188,21.30815137402812,1.760837200098151
zRYzhAEAHAABAAAKCRtcAAsAtwB1gBAQ,2020-08-17 16:36:10.000,0.39999974,-8.799997,3.25,43.0,13.348324,74.78514,9.389485981245675,-4.0,5.0,0.7050165743100756,92.50476422009136,66.60343023846578,23.603430238465776,0.6360623987321484
zRYzhAEAHAABAAAKCRtcAAsAtwB1gBAQ,2020-08-17 16:36:16.000,1.5000001,-8.000001,2.75,36.0,13.348576,74.785355,8.591421087340615,-7.0,6.0,-0.7980648939050603,36.41784221774862,21.850705330649173,14.149294669350827,1.5754437107774504
zRYzhAEAHAABAAAKCRtcAAsAtwB1gBAQ,2020-08-17 16:36:21.000,-0.60000026,-8.000001,3.0,41.0,13.349128,74.78575,8.56504619438804,5.0,5.0,-0.02637489295257467,74.79146665820815,53.84985599390987,12.84985599390987,0.747495125685514
zRYzhAEAHAABAAAKCRtcAAsAtwB1gBAQ,2020-08-17 16:36:26.000,-0.99999994,-8.999997,5.5,45.0,13.349438,74.785805,10.59480749612795,4.0,5.0,2.02976130173991,34.98025935771842,25.185786737557258,19.814213262442742,1.7184895168896432
zRYzhAEAHAABAAAKCRtcAAsAtwB1gBAQ,2020-08-17 16:36:31.000,2.6999998,-9.600001,1.75,45.0,13.350277,74.78574,10.124846572664746,0.0,5.0,-0.46996092346320495,93.55721694263958,67.36119619870051,22.36119619870051,0.6582681770108554
zRYzhAEAHAABAAAKCRtcAAsAtwB1gBAQ,2020-08-17 16:36:36.000,1.0000001,-9.5999975,5.25,39.0,13.35061,74.78572,10.987376948116701,-6.0,5.0,0.8625303754519553,37.09107966842473,26.705577361265807,12.294422638734193,1.4076588078804857
zRYzhAEAHAABAAAKCRtcAAsAtwB1gBAQ,2020-08-17 16:36:41.000,-0.60000026,-8.600001,4.75,40.0,13.351303,74.785904,9.842891725097918,1.0,5.0,-1.1444852230187834,79.58789880859001,57.30328714218481,17.303287142184807,0.6860676637742843
zRYzhAEAHAABAAAKCRtcAAsAtwB1gBAQ,2020-08-17 16:36:46.000,-0.1999999,-7.1999974,4.25,42.0,13.351542,74.78609,8.36316103635502,2.0,5.0,-1.4797306887428974,33.33477621842886,24.00103887726878,17.99896112273122,1.6799301903484845
zRYzhAEAHAABAAAKCRtcAAsAtwB1gBAQ,2020-08-17 16:36:51.000,0.5999998,-9.600001,3.0,34.0,13.352135,74.78652,10.075714315124316,-8.0,5.0,1.7125532787692954,80.6978377766224,58.10244319916814,24.102443199168142,0.5752723264827493
zRYzhAEAHAABAAAKCRtcAAsAtwB1gBAQ,2020-08-17 16:36:53.000,0.5999998,-9.600001,3.0,34.0,13.352135,74.78652,10.075714315124316,0.0,2.0,0.0,0.0,0.0,34.0,34.0
zRYzhAEAHAABAAAKCRtcAAsAtwB1gBAQ,2020-08-17 16:37:13.000,0.3000001,-7.9999967,3.0,14.0,13.35348,74.79055,8.549265890122433,-20.0,20.0,-1.5264484250018828,460.93878375390307,82.96898107570254,68.96898107570254,0.16672823488685956
zRYzhAEAHAABAAAKCRtcAAsAtwB1gBAQ,2020-08-17 16:37:47.000,0.39999965,-8.200001,2.75,7.0,13.353488,74.79061,8.658089634555715,-7.0,34.0,0.10882374443328224,6.551986029252531,0.693739697214974,6.306260302785026,4.132866467917201
zRYzhAEAHAABAAAKCRtcAAsAtwB1gBAQ,2020-08-17 16:37:52.000,1.3000001,-8.599997,4.0,8.0,13.353488,74.79061,9.573397968329166,1.0,5.0,0.9153083337734511,0.0,0.0,8.0,8.0
zRYzhAEAHAABAAAKCRtcAAsAtwB1gBAQ,2020-08-17 16:37:55.000,1.3000001,-8.599997,4.0,8.0,13.353488,74.79061,9.573397968329166,0.0,3.0,0.0,0.0,0.0,8.0,8.0
zRYzhAEAHAABAAAKCRtcAAsAtwB1gBAQ,2020-08-17 16:37:57.000,1.2999997,-8.400001,3.0,8.0,13.353661,74.79057,9.013879077289705,0.0,2.0,-0.5595188910394615,19.717482542729826,35.49146857691369,27.49146857691369,0.219229324332022
zRYzhAEAHAABAAAKCRtcAAsAtwB1gBAQ,2020-08-17 16:38:05.000,2.2,-7.3999968,3.5,12.0,13.353709,74.79052,8.476435137486174,4.0,8.0,-0.5374439398035307,7.599294266360943,3.4196824198624243,8.580317580137576,2.715127210514265
zRYzhAEAHAABAAAKCRtcAAsAtwB1gBAQ,2020-08-17 16:38:10.000,2.0999997,-8.000001,0.75,15.0,13.354005,74.7903,8.304969279895085,3.0,5.0,-0.17146585759108923,40.61798979834882,29.24495265481115,14.24495265481115,0.4959505201147639
zRYzhAEAHAABAAAKCRtcAAsAtwB1gBAQ,2020-08-17 16:38:15.000,1.2,-7.799997,2.25,11.0,13.354123,74.79024,8.206244768468036,-4.0,5.0,-0.09872451142704897,14.638909752290242,10.540015021648976,0.4599849783510237,0.9532049983786058
zRYzhAEAHAABAAAKCRtcAAsAtwB1gBAQ,2020-08-17 16:38:20.000,0.59999967,-10.000001,2.25,6.0,13.354208,74.79019,10.267546912675934,-5.0,5.0,2.0613021442078985,10.890084240812392,7.840860653384922,1.8408606533849223,0.6786669573513485
zRYzhAEAHAABAAAKCRtcAAsAtwB1gBAQ,2020-08-17 16:38:25.000,0.50000006,-8.799997,2.75,1.0,13.354275,74.790115,9.233225181918232,-5.0,5.0,-1.0343217307577017,11.015551042523526,7.931196750616939,6.931196750616939,0.11196707764062225
zRYzhAEAHAABAAAKCRtcAAsAtwB1gBAQ,2020-08-17 16:38:30.000,1.0999997,-9.000001,3.0,5.0,13.354275,74.790115,9.550393569900724,4.0,5.0,0.31716838798249114,0.0,0.0,5.0,5.0
zRYzhAEAHAABAAAKCRtcAAsAtwB1gBAQ,2020-08-17 16:38:35.000,1.7,-9.000001,4.25,6.0,13.354275,74.790115,10.097153955447098,1.0,5.0,0.5467603855463743,0.0,0.0,6.0,6.0
zRYzhAEAHAABAAAKCRtcAAsAtwB1gBAQ,2020-08-17 16:38:40.000,0.59999967,-8.199997,3.5,1.0,13.354275,74.790115,8.935879945702556,-5.0,5.0,-1.1612740097445418,0.0,0.0,1.0,1.0
zRYzhAEAHAABAAAKCRtcAAsAtwB1gBAQ,2020-08-17 16:38:45.000,0.6,-8.600001,4.0,1.0,13.354275,74.790115,9.503684401325678,0.0,5.0,0.5678044556231221,0.0,0.0,1.0,1.0
zRYzhAEAHAABAAAKCRtcAAsAtwB1gBAQ,2020-08-17 16:38:55.000,0.8999997,-8.799997,4.0,1.0,13.354275,74.790115,9.708241172324113,0.0,10.0,0.20455677099843506,0.0,0.0,1.0,1.0
zRYzhAEAHAABAAAKCRtcAAsAtwB1gBAQ,2020-08-17 16:39:00.000,0.8,-8.799997,3.75,1.0,13.354275,74.790115,9.599085748132943,0.0,5.0,-0.10915542419117052,0.0,0.0,1.0,1.0
zRYzhAEAHAABAAAKCRtcAAsAtwB1gBAQ,2020-08-17 16:45:22.000,0.90000004,-8.400001,3.5,0.0,13.354254,74.790245,9.14439811425558,-1.0,382.0,-0.4546876338773629,14.257003539420085,18.37141996819203,18.37141996819203,0.0
zRYzhAEAHAABAAAKCRtcAAsAtwB1gBAQ,2020-08-17 16:45:27.000,0.90000004,-8.6,3.75,0.0,13.354254,74.790245,9.425099472790725,0.0,5.0,0.2807013585351452,0.0,0.0,0.0,0.0
zRYzhAEAHAABAAAKCRtcAAsAtwB1gBAQ,2020-08-17 16:46:34.000,1.1,-7.6,3.5,3.0,13.354249,74.7902,8.439194274336858,3.0,67.0,-0.9859051984538674,4.900115799787267,0.26328980416767406,2.736710195832326,2.3747520086862157
zRYzhAEAHAABAAAKCRtcAAsAtwB1gBAQ,2020-08-17 16:46:44.000,1.2,-9.0,4.0,6.0,13.354249,74.7902,9.92169340384997,3.0,10.0,1.482499129513112,0.0,0.0,6.0,6.0
zRYzhAEAHAABAAAKCRtcAAsAtwB1gBAQ,2020-08-17 16:46:49.000,1.5,-9.0,1.5,15.0,13.354249,74.7902,9.246621004453464,9.0,5.0,-0.6750723993965053,0.0,0.0,15.0,15.0
zRYzhAEAHAABAAAKCRtcAAsAtwB1gBAQ,2020-08-17 16:46:59.000,1.2,-8.4,2.25,23.0,13.358381,74.78508,8.77852493303972,8.0,10.0,-0.4680960714137452,719.6719395908169,18.37141996819203,4.628580031807971,1.1873161615290009
zRYzhAEAHAABAAAKCRtcAAsAtwB1gBAQ,2020-08-17 16:49:18.000,-1.9000002,-10.0,4.0,29.0,13.358241,74.784935,10.936635714880515,6.0,139.0,2.1581107818407954,22.100308749666215,18.37141996819203,10.62858003180797,1.4970508123626534
zRYzhAEAHAABAAAKCRtcAAsAtwB1gBAQ,2020-08-17 16:49:23.000,-0.29999998,-8.2,5.5,30.0,13.358016,74.784836,9.878258955301789,1.0,5.0,-1.0583767595787261,27.215021686161588,19.594815614036346,10.405184385963654,1.456677280448851
zRYzhAEAHAABAAAKCRtcAAsAtwB1gBAQ,2020-08-17 16:49:28.000,0.29999983,-4.7999997,1.5,36.0,13.357263,74.78456,5.0378563911648095,6.0,5.0,-4.840402564136979,88.89470496727256,64.00418757643625,28.00418757643625,0.5538104750200716
zRYzhAEAHAABAAAKCRtcAAsAtwB1gBAQ,2020-08-17 16:49:33.000,1.0,-7.3999996,2.75,35.0,13.356999,74.78445,7.957543218858453,-1.0,5.0,2.919686827693644,31.675962755037194,22.80669318362678,12.19330681637322,1.4701747836222585
zRYzhAEAHAABAAAKCRtcAAsAtwB1gBAQ,2020-08-17 16:49:43.000,-0.8000002,-10.799999,5.0,39.0,13.356178,74.7841,11.928117148988814,4.0,10.0,3.970573930130361,98.83244198941476,35.57967911618932,3.420320883810682,1.066165722124651
zRYzhAEAHAABAAAKCRtcAAsAtwB1gBAQ,2020-08-17 16:49:49.000,-0.70000005,-10.4,3.75,36.0,13.355534,74.78382,11.077567425658037,-3.0,6.0,-0.8505497233307775,77.75321106262341,46.65192663757404,10.651926637574043,0.7554783728642279
zRYzhAEAHAABAAAKCRtcAAsAtwB1gBAQ,2020-08-17 16:49:56.000,0.59999985,-10.599999,4.0,29.0,13.354956,74.783875,11.34548274072113,-7.0,7.0,0.2679153150630924,64.54552776209867,33.19484284907932,4.194842849079322,0.8480811018197386
zRYzhAEAHAABAAAKCRtcAAsAtwB1gBAQ,2020-08-17 16:50:01.000,1.7,-8.799999,3.5,26.0,13.354682,74.78418,9.621849219354926,-3.0,5.0,-1.723633521366203,44.9120039891866,32.336642872214355,6.336642872214355,0.7799225644784602
zRYzhAEAHAABAAAKCRtcAAsAtwB1gBAQ,2020-08-17 16:50:06.000,-1.6000001,-10.4,8.25,27.0,13.354542,74.784325,13.370957344932338,1.0,5.0,3.7491081255774112,22.100479431430514,15.91234519062997,11.08765480937003,1.5964669414954316
zRYzhAEAHAABAAAKCRtcAAsAtwB1gBAQ,2020-08-17 16:50:11.000,1.4000001,-7.399999,8.25,28.0,13.354199,74.78443,11.170608106992251,1.0,5.0,-2.2003492379400864,39.795642359990396,28.652862499193088,0.6528624991930876,0.9442595972230989
zRYzhAEAHAABAAAKCRtcAAsAtwB1gBAQ,2020-08-17 16:50:13.000,1.4000001,-7.399999,8.25,28.0,13.354199,74.78443,11.170608106992251,0.0,2.0,0.0,0.0,0.0,28.0,28.0
zRYzhAEAHAABAAAKCRtcAAsAtwB1gBAQ,2020-08-17 16:50:18.000,0.8999999,-10.0,8.25,33.0,13.353596,74.78423,12.995095221659595,5.0,5.0,1.8244871146673436,70.45540844615512,50.72789408123168,17.727894081231682,0.6379536725036197
zRYzhAEAHAABAAAKCRtcAAsAtwB1gBAQ,2020-08-17 16:50:23.000,5.7000003,-2.3999991,1.25,30.0,13.353356,74.78414,6.309714660743456,-3.0,5.0,-6.685380560916139,28.407623484701087,20.45348890898478,9.546511091015219,1.3983739487443423
zRYzhAEAHAABAAAKCRtcAAsAtwB1gBAQ,2020-08-17 16:50:28.000,-7.2000003,-16.4,10.0,30.0,13.35282,74.78397,20.51341035322991,0.0,5.0,14.203695692486455,62.37376471781676,44.90911059682807,14.909110596828071,0.6534650663015185
zRYzhAEAHAABAAAKCRtcAAsAtwB1gBAQ,2020-08-17 16:50:33.000,6.4,-8.799999,-2.5,29.0,13.352349,74.78396,11.164675651356873,-1.0,5.0,-9.348734701873038,52.38398382150259,37.716468351481865,8.716468351481865,0.7490352616030906
zRYzhAEAHAABAAAKCRtcAAsAtwB1gBAQ,2020-08-17 16:50:38.000,1.8999999,-10.2,4.25,12.0,13.352154,74.784004,11.212158562025422,-17.0,5.0,0.04748291066854904,22.199406223841006,15.983572481165524,3.983572481165524,0.7065651242285911
zRYzhAEAHAABAAAKCRtcAAsAtwB1gBAQ,2020-08-17 16:50:43.000,1.5,-8.199999,2.75,7.0,13.352042,74.784035,8.777954408630805,-5.0,5.0,-2.4342041533946173,12.897532634437894,9.286223496795284,2.2862234967952837,0.6805218652094114
zRYzhAEAHAABAAAKCRtcAAsAtwB1gBAQ,2020-08-17 16:50:48.000,2.3,-9.8,5.0,16.0,13.352042,74.784035,11.23966191662365,9.0,5.0,2.4617075079928448,0.0,0.0,16.0,16.0
zRYzhAEAHAABAAAKCRtcAAsAtwB1gBAQ,2020-08-17 16:50:53.000,-0.40000004,-7.7999988,5.0,19.0,13.352372,74.783905,9.273617487906293,3.0,5.0,-1.9660444287173569,39.29740966185641,28.29413495653662,9.29413495653662,0.6485939942650666
zRYzhAEAHAABAAAKCRtcAAsAtwB1gBAQ,2020-08-17 16:50:58.000,-0.4000001,-7.6000004,4.5,18.0,13.352603,74.7839,8.841380331147404,-1.0,5.0,-0.4322371567588892,25.691723553044522,18.498040958192057,0.49804095819205685,0.9231696681013146
zRYzhAEAHAABAAAKCRtcAAsAtwB1gBAQ,2020-08-17 16:51:03.000,0.29999998,-8.799999,3.25,4.0,13.352826,74.78388,9.385759553067668,-14.0,5.0,0.5443792219202646,24.890697029661645,17.921301861356387,13.921301861356387,0.21140194418489433
zRYzhAEAHAABAAAKCRtcAAsAtwB1gBAQ,2020-08-17 16:51:08.000,-1.3000001,-8.0,5.0,5.0,13.352826,74.78388,9.523129751295002,1.0,5.0,0.13737019822733387,0.0,0.0,5.0,5.0
zRYzhAEAHAABAAAKCRtcAAsAtwB1gBAQ,2020-08-17 16:51:13.000,1.3,-8.0,3.0,1.0,13.352826,74.78388,8.642337646724988,-4.0,5.0,-0.8807921045700144,0.0,0.0,1.0,1.0
zRYzhAEAHAABAAAKCRtcAAsAtwB1gBAQ,2020-08-17 16:51:14.000,1.3,-8.0,3.0,1.0,13.352826,74.78388,8.642337646724988,0.0,1.0,0.0,0.0,0.0,1.0,1.0
zRYzhAEAHAABAAAKCRtcAAsAtwB1gBAQ,2020-08-17 16:51:18.000,0.19999996,-8.599999,4.5,1.0,13.352826,74.78388,9.7082430328047,0.0,4.0,1.065905386079713,0.0,0.0,1.0,1.0
zRYzhAEAHAABAAAKCRtcAAsAtwB1gBAQ,2020-08-17 16:51:23.000,0.39999995,-8.2,4.25,1.0,13.352826,74.78388,9.244593012134175,0.0,5.0,-0.4636500206705261,0.0,0.0,1.0,1.0
zRYzhAEAHAABAAAKCRtcAAsAtwB1gBAQ,2020-08-17 16:52:14.000,0.39999998,-8.4,4.25,1.0,13.352826,74.78388,9.422446602873375,0.0,51.0,0.17785359073920048,0.0,0.0,1.0,1.0
zRYzhAEAHAABAAAKCRtcAAsAtwB1gBAQ,2020-08-17 16:53:09.000,0.49999997,-8.4,4.5,1.0,13.352826,74.78388,9.542536348895927,0.0,55.0,0.12008974602255229,0.0,0.0,1.0,1.0
zRYzhAEAHAABAAAKCRtcAAsAtwB1gBAQ,2020-08-17 16:53:14.000,0.49999997,-8.4,4.5,1.0,13.352826,74.78388,9.542536348895927,0.0,5.0,0.0,0.0,0.0,1.0,1.0
zRYzhAEAHAABAAAKCRtcAAsAtwB1gBAQ,2020-08-17 16:53:19.000,0.39999995,-8.4,4.5,1.0,13.352826,74.78388,9.53781945520044,0.0,5.0,-0.004716893695487556,0.0,0.0,1.0,1.0
zRYzhAEAHAABAAAKCRtcAAsAtwB1gBAQ,2020-08-17 16:54:14.000,0.29999995,-8.4,4.5,1.0,13.352826,74.78388,9.534149147669131,0.0,55.0,-0.003670307531308481,0.0,0.0,1.0,1.0
zRYzhAEAHAABAAAKCRtcAAsAtwB1gBAQ,2020-08-17 16:55:14.000,0.39999995,-8.4,4.5,1.0,13.352826,74.78388,9.53781945520044,0.0,60.0,0.003670307531308481,0.0,0.0,1.0,1.0
zRYzhAEAHAABAAAKCRtcAAsAtwB1gBAQ,2020-08-17 16:56:14.000,0.39999995,-8.4,4.5,1.0,13.352826,74.78388,9.53781945520044,0.0,60.0,0.0,0.0,0.0,1.0,1.0
zRYzhAEAHAABAAAKCRtcAAsAtwB1gBAQ,2020-08-17 16:57:14.000,0.39999995,-8.4,4.5,1.0,13.352826,74.78388,9.53781945520044,0.0,60.0,0.0,0.0,0.0,1.0,1.0
zRYzhAEAHAABAAAKCRtcAAsAtwB1gBAQ,2020-08-17 16:58:14.000,0.39999995,-8.4,4.5,1.0,13.352826,74.78388,9.53781945520044,0.0,60.0,0.0,0.0,0.0,1.0,1.0
zRYzhAEAHAABAAAKCRtcAAsAtwB1gBAQ,2020-08-17 16:59:14.000,0.49999994,-8.4,4.5,1.0,13.352826,74.78388,9.542536347324019,0.0,60.0,0.004716892123578731,0.0,0.0,1.0,1.0
zRYzhAEAHAABAAAKCRtcAAsAtwB1gBAQ,2020-08-17 17:00:04.000,0.99999994,-6.1999993,3.0,4.0,13.352826,74.78388,6.959884424327784,3.0,50.0,-2.5826519229962344,0.0,0.0,4.0,4.0
zRYzhAEAHAABAAAKCRtcAAsAtwB1gBAQ,2020-08-17 17:00:09.000,-0.20000005,-9.799999,4.75,4.0,13.352826,74.78388,10.89231290498033,0.0,5.0,3.932428480652545,0.0,0.0,4.0,4.0
zRYzhAEAHAABAAAKCRtcAAsAtwB1gBAQ,2020-08-17 17:00:15.000,-0.20000005,-9.799999,4.75,7.0,13.352826,74.78388,10.89231290498033,3.0,6.0,0.0,0.0,0.0,7.0,7.0
zRYzhAEAHAABAAAKCRtcAAsAtwB1gBAQ,2020-08-17 17:00:19.000,-0.4000001,-10.799999,3.0,29.0,13.352826,74.78388,11.216058954909295,22.0,4.0,0.3237460499289657,0.0,0.0,29.0,29.0
zRYzhAEAHAABAAAKCRtcAAsAtwB1gBAQ,2020-08-17 17:00:24.000,1.9,-10.799999,1.5,9.0,13.353344,74.78407,11.067970834800795,-20.0,5.0,-0.14808812010850048,61.15705601367888,44.033080329848794,35.033080329848794,0.19985308431221452
zRYzhAEAHAABAAAKCRtcAAsAtwB1gBAQ,2020-08-17 17:00:29.000,0.39999992,-10.4,4.5,13.0,13.353372,74.78412,11.338871193200848,4.0,5.0,0.2709003584000538,6.241442047325018,4.493838274074013,8.506161725925988,2.3662873480182944
zRYzhAEAHAABAAAKCRtcAAsAtwB1gBAQ,2020-08-17 17:00:34.000,-1.8000001,-8.799999,9.25,25.0,13.353102,74.78408,12.893505448868472,12.0,5.0,1.554634255667624,30.33291955517856,21.839702079728564,3.160297920271436,1.0945852057408758
zRYzhAEAHAABAAAKCRtcAAsAtwB1gBAQ,2020-08-17 17:00:39.000,1.4,-6.3999996,3.0,31.0,13.35289,74.78401,7.2055530585792065,6.0,5.0,-5.687952390289266,24.759953056501043,17.827166200680754,13.172833799319246,1.6465568779479463
zRYzhAEAHAABAAAKCRtcAAsAtwB1gBAQ,2020-08-17 17:00:44.000,0.9,-6.999999,2.5,31.0,13.352316,74.784,7.487321684020328,0.0,5.0,0.2817686254411216,63.83505660619232,45.96124075645847,14.961240756458473,0.6601188448313441
zRYzhAEAHAABAAAKCRtcAAsAtwB1gBAQ,2020-08-17 17:00:49.000,2.0,-11.0,4.0,36.0,13.352075,74.784065,11.874342087037917,5.0,5.0,4.387020403017589,27.705320940343093,19.947831077047027,16.052168922952973,1.7185550077996354
zRYzhAEAHAABAAAKCRtcAAsAtwB1gBAQ,2020-08-17 17:00:54.000,1.8,-6.599999,2.25,36.0,13.351448,74.78424,7.201561414026892,0.0,5.0,-4.672780673011025,72.2442625845204,52.01586906085468,16.015869060854683,0.6790419668246335
zRYzhAEAHAABAAAKCRtcAAsAtwB1gBAQ,2020-08-17 17:00:59.000,1.2,-7.4,2.25,33.0,13.351167,74.78423,7.827036476214992,-3.0,5.0,0.6254750621881007,31.264499293465498,22.51043949129516,10.489560508704841,1.403631778649582
zRYzhAEAHAABAAAKCRtcAAsAtwB1gBAQ,2020-08-17 17:01:04.000,1.5999999,-8.799999,1.75,23.0,13.35059,74.78415,9.113862083661404,-10.0,5.0,1.2868256074464117,64.74063745053716,46.61325896438676,23.61325896438676,0.4830587214625087
zRYzhAEAHAABAAAKCRtcAAsAtwB1gBAQ,2020-08-17 17:01:10.000,0.70000005,-9.0,2.75,1.0,13.350449,74.784134,9.436763219981733,-22.0,6.0,0.32290113632032913,15.77375599534493,9.464253597206959,8.464253597206959,0.09556343323587958
zRYzhAEAHAABAAAKCRtcAAsAtwB1gBAQ,2020-08-17 17:01:15.000,0.70000005,-9.0,2.75,1.0,13.350449,74.784134,9.436763219981733,0.0,5.0,0.0,0.0,0.0,1.0,1.0
zRYzhAEAHAABAAAKCRtcAAsAtwB1gBAQ,2020-08-17 17:01:17.000,1.3999999,-8.199999,4.25,10.0,13.350449,74.784134,9.341439039034672,9.0,2.0,-0.09532418094706152,0.0,0.0,10.0,10.0
zRYzhAEAHAABAAAKCRtcAAsAtwB1gBAQ,2020-08-17 17:01:22.000,1.0,-6.4,4.25,30.0,13.350232,74.78413,7.747418925035615,20.0,5.0,-1.5940201139990569,24.13317955681386,17.37588928090598,12.62411071909402,1.6325740507792676
zRYzhAEAHAABAAAKCRtcAAsAtwB1gBAQ,2020-08-17 17:01:27.000,-0.100000165,-6.599999,5.25,33.0,13.349956,74.78412,8.434007756280582,3.0,5.0,0.6865888312449675,30.708863862535946,22.11038198102588,10.889618018974119,1.4279296649918511
zRYzhAEAHAABAAAKCRtcAAsAtwB1gBAQ,2020-08-17 17:01:32.000,-0.20000002,-9.6,3.5,22.0,13.349445,74.78412,10.220078277978109,-11.0,5.0,1.7860705216975266,56.82060751546331,40.910837411133585,18.910837411133585,0.5249238946047811
zRYzhAEAHAABAAAKCRtcAAsAtwB1gBAQ,2020-08-17 17:01:38.000,0.79999983,-8.599999,3.75,1.0,13.349187,74.78412,9.416075749907762,-21.0,6.0,-0.8040025280703471,28.688291074204397,17.21297464452264,16.21297464452264,0.0549059129284375
zRYzhAEAHAABAAAKCRtcAAsAtwB1gBAQ,2020-08-17 17:01:43.000,1.3,-9.0,3.75,1.0,13.349187,74.78412,9.836284867774012,0.0,5.0,0.4202091178662499,0.0,0.0,1.0,1.0
zRYzhAEAHAABAAAKCRtcAAsAtwB1gBAQ,2020-08-17 17:01:48.000,1.2999998,-9.0,3.25,1.0,13.349187,74.78412,9.656733375215452,0.0,5.0,-0.1795514925585593,0.0,0.0,1.0,1.0
zRYzhAEAHAABAAAKCRtcAAsAtwB1gBAQ,2020-08-17 17:02:13.000,1.3,-8.6,3.5,1.0,13.349187,74.78412,9.375499986667377,0.0,25.0,-0.2812333885480758,0.0,0.0,1.0,1.0
zRYzhAEAHAABAAAKCRtcAAsAtwB1gBAQ,2020-08-17 17:02:15.000,1.3,-8.6,3.5,1.0,13.349187,74.78412,9.375499986667377,0.0,2.0,0.0,0.0,0.0,1.0,1.0
zRYzhAEAHAABAAAKCRtcAAsAtwB1gBAQ,2020-08-17 17:02:18.000,1.5999998,-8.2,3.0,1.0,13.349187,74.78412,8.876936372420387,0.0,3.0,-0.49856361424699003,0.0,0.0,1.0,1.0
zRYzhAEAHAABAAAKCRtcAAsAtwB1gBAQ,2020-08-17 17:03:13.000,0.9999998,-8.599999,3.75,1.0,13.349187,74.78412,9.43517262163237,0.0,55.0,0.5582362492119834,0.0,0.0,1.0,1.0
zRYzhAEAHAABAAAKCRtcAAsAtwB1gBAQ,2020-08-17 17:03:15.000,0.9999998,-8.599999,3.75,1.0,13.349187,74.78412,9.43517262163237,0.0,2.0,0.0,0.0,0.0,1.0,1.0
zRYzhAEAHAABAAAKCRtcAAsAtwB1gBAQ,2020-08-17 17:03:18.000,1.1999998,-8.400001,3.75,1.0,13.349187,74.78412,9.276988537235617,0.0,3.0,-0.15818408439675302,0.0,0.0,1.0,1.0
zRYzhAEAHAABAAAKCRtcAAsAtwB1gBAQ,2020-08-17 17:04:14.000,1.2999997,-8.4,2.75,1.0,13.349187,74.78412,8.93378414894831,0.0,56.0,-0.3432043882873064,0.0,0.0,1.0,1.0
zRYzhAEAHAABAAAKCRtcAAsAtwB1gBAQ,2020-08-17 17:04:15.000,1.2999997,-8.4,2.75,1.0,13.349187,74.78412,8.93378414894831,0.0,1.0,0.0,0.0,0.0,1.0,1.0
zRYzhAEAHAABAAAKCRtcAAsAtwB1gBAQ,2020-08-17 17:05:14.000,1.1999998,-9.000001,3.5,1.0,13.349187,74.78412,9.730879586142304,0.0,59.0,0.7970954371939936,0.0,0.0,1.0,1.0
zRYzhAEAHAABAAAKCRtcAAsAtwB1gBAQ,2020-08-17 17:05:15.000,1.1999998,-9.000001,3.5,1.0,13.349187,74.78412,9.730879586142304,0.0,1.0,0.0,0.0,0.0,1.0,1.0
zRYzhAEAHAABAAAKCRtcAAsAtwB1gBAQ,2020-08-17 17:05:19.000,1.2999997,-8.4,3.5,1.0,13.349187,74.78412,9.192388112998715,0.0,4.0,-0.5384914731435888,0.0,0.0,1.0,1.0
zRYzhAEAHAABAAAKCRtcAAsAtwB1gBAQ,2020-08-17 17:06:10.000,0.99999976,-8.4,3.5,1.0,13.349187,74.78412,9.154780145912849,0.0,51.0,-0.03760796708586689,0.0,0.0,1.0,1.0
zRYzhAEAHAABAAAKCRtcAAsAtwB1gBAQ,2020-08-17 17:06:15.000,1.2999997,-8.800001,3.5,1.0,13.349187,74.78412,9.55928955623801,0.0,5.0,0.4045094103251614,0.0,0.0,1.0,1.0
zRYzhAEAHAABAAAKCRtcAAsAtwB1gBAQ,2020-08-17 17:06:20.000,1.5999998,-8.599999,3.5,1.0,13.349187,74.78412,9.421782323955538,0.0,5.0,-0.13750723228247175,0.0,0.0,1.0,1.0
zRYzhAEAHAABAAAKCRtcAAsAtwB1gBAQ,2020-08-17 17:07:10.000,1.2999998,-8.4,3.75,1.0,13.349187,74.78412,9.290452060045304,0.0,50.0,-0.13133026391023428,0.0,0.0,1.0,1.0
zRYzhAEAHAABAAAKCRtcAAsAtwB1gBAQ,2020-08-17 17:07:15.000,1.4999998,-9.000001,3.75,1.0,13.349187,74.78412,9.86471071040611,0.0,5.0,0.5742586503608056,0.0,0.0,1.0,1.0
zRYzhAEAHAABAAAKCRtcAAsAtwB1gBAQ,2020-08-17 17:08:11.000,1.6999998,-8.600001,3.25,1.0,13.349187,74.78412,9.349466108821458,0.0,56.0,-0.5152446015846515,0.0,0.0,1.0,1.0
zRYzhAEAHAABAAAKCRtcAAsAtwB1gBAQ,2020-08-17 17:08:15.000,1.6999998,-8.600001,3.25,1.0,13.349187,74.78412,9.349466108821458,0.0,4.0,0.0,0.0,0.0,1.0,1.0
zRYzhAEAHAABAAAKCRtcAAsAtwB1gBAQ,2020-08-17 17:08:17.000,0.8999998,-8.599998,3.25,1.0,13.349187,74.78412,9.23755731998476,0.0,2.0,-0.11190878883669875,0.0,0.0,1.0,1.0
zRYzhAEAHAABAAAKCRtcAAsAtwB1gBAQ,2020-08-17 17:09:14.000,1.6999998,-8.399999,3.0,1.0,13.349187,74.78412,9.080197273187462,0.0,57.0,-0.15736004679729731,0.0,0.0,1.0,1.0
zRYzhAEAHAABAAAKCRtcAAsAtwB1gBAQ,2020-08-17 17:09:15.000,1.6999998,-8.399999,3.0,1.0,13.349187,74.78412,9.080197273187462,0.0,1.0,0.0,0.0,0.0,1.0,1.0
zRYzhAEAHAABAAAKCRtcAAsAtwB1gBAQ,2020-08-17 17:09:19.000,1.0999999,-8.600001,3.0,1.0,13.349187,74.78412,9.17442188805382,0.0,4.0,0.09422461486635747,0.0,0.0,1.0,1.0
zRYzhAEAHAABAAAKCRtcAAsAtwB1gBAQ,2020-08-17 17:09:39.000,0.8999998,-7.3999987,4.5,15.0,13.349187,74.78412,8.70746693361518,14.0,20.0,-0.46695495443863955,0.0,0.0,15.0,15.0
zRYzhAEAHAABAAAKCRtcAAsAtwB1gBAQ,2020-08-17 17:09:44.000,1.5999999,-9.800001,3.25,15.0,13.349187,74.78412,10.44808687176753,0.0,5.0,1.7406199381523493,0.0,0.0,15.0,15.0
zRYzhAEAHAABAAAKCRtcAAsAtwB1gBAQ,2020-08-17 17:09:49.000,0.19999978,-10.399999,3.25,27.0,13.348828,74.784096,10.897819924737288,12.0,5.0,0.4497330529697585,40.003338117275526,28.802403444438376,1.8024034444383759,0.9059671999386563
zRYzhAEAHAABAAAKCRtcAAsAtwB1gBAQ,2020-08-17 17:09:54.000,0.69999987,-8.000001,4.0,32.0,13.348499,74.7841,8.971622808500198,5.0,5.0,-1.9261971162370894,36.5856904799558,26.341697145568176,5.658302854431824,1.1703735810411056
zRYzhAEAHAABAAAKCRtcAAsAtwB1gBAQ,2020-08-17 17:09:59.000,2.6,-1.5999985,1.75,34.0,13.347988,74.78414,3.518876979947189,2.0,5.0,-5.4527458285530095,56.98517261652552,41.029324283898376,7.029324283898376,0.8089589965886165
zRYzhAEAHAABAAAKCRtcAAsAtwB1gBAQ,2020-08-17 17:10:04.000,0.49999988,-7.400001,2.0,23.0,13.347665,74.784164,7.681797620349094,-11.0,5.0,4.1629206404019055,36.00970071174966,25.926984512459754,2.9269845124597538,0.8541617420754023
zRYzhAEAHAABAAAKCRtcAAsAtwB1gBAQ,2020-08-17 17:10:09.000,0.39999986,-8.199999,2.75,6.0,13.347392,74.7842,8.65808775007513,-17.0,5.0,0.9762901297260349,30.605063792445048,22.035645930560435,16.035645930560435,0.26046588917396274
zRYzhAEAHAABAAAKCRtcAAsAtwB1gBAQ,2020-08-17 17:10:14.000,0.2999999,-8.600001,3.75,8.0,13.347392,74.7842,9.386826787578485,2.0,5.0,0.728739037503356,0.0,0.0,8.0,8.0
zRYzhAEAHAABAAAKCRtcAAsAtwB1gBAQ,2020-08-17 17:10:15.000,0.2999999,-8.600001,3.75,8.0,13.347392,74.7842,9.386826787578485,0.0,1.0,0.0,0.0,0.0,8.0,8.0
zRYzhAEAHAABAAAKCRtcAAsAtwB1gBAQ,2020-08-17 17:10:19.000,0.29999986,-8.600001,3.75,5.0,13.347272,74.784164,9.386826786300098,-3.0,4.0,-1.2783871738974995e-09,13.900225017146282,12.510202515431654,7.510202515431654,0.37009067734468737
zRYzhAEAHAABAAAKCRtcAAsAtwB1gBAQ,2020-08-17 17:10:24.000,1.0999999,-8.399999,4.25,12.0,13.347272,74.784164,9.47799994619123,7.0,5.0,0.09117315989113273,0.0,0.0,12.0,12.0
zRYzhAEAHAABAAAKCRtcAAsAtwB1gBAQ,2020-08-17 17:10:29.000,0.49999988,-8.400002,4.25,30.0,13.347226,74.783875,9.427222999378133,18.0,5.0,-0.05077694681309808,31.682932919631803,22.811711702134897,7.188288297865103,1.2598842273615414
zRYzhAEAHAABAAAKCRtcAAsAtwB1gBAQ,2020-08-17 17:10:34.000,0.09999989,-10.599998,4.25,37.0,13.347336,74.78354,11.420703024683025,7.0,5.0,1.9934800253048923,38.252379179849285,27.541713009491485,9.458286990508515,1.2963482600955216
zRYzhAEAHAABAAAKCRtcAAsAtwB1gBAQ,2020-08-17 17:10:39.000,0.7999999,-10.200002,3.75,42.0,13.347582,74.78298,10.896905094567172,5.0,5.0,-0.5237979301158529,66.4758651079353,47.86262287771342,5.86262287771342,0.8595527117959214
zRYzhAEAHAABAAAKCRtcAAsAtwB1gBAQ,2020-08-17 17:10:44.000,1.8,-8.799998,1.5,43.0,13.347869,74.78265,9.106589087029457,1.0,5.0,-1.7903160075377151,47.88681707125909,34.47850829130654,8.52149170869346,1.2120013515488328
zRYzhAEAHAABAAAKCRtcAAsAtwB1gBAQ,2020-08-17 17:10:50.000,-0.20000012,-11.600001,4.0,37.0,13.348344,74.78222,12.271920112517073,-6.0,6.0,3.1653310254876157,70.38471361843501,42.23082817106101,5.230828171061013,0.8558707192375286
zRYzhAEAHAABAAAKCRtcAAsAtwB1gBAQ,2020-08-17 17:11:00.000,2.2,-8.800001,1.0,43.0,13.348507,74.78128,9.125788601540197,6.0,10.0,-3.1461315109768755,103.30190550880671,37.188685983170416,5.811314016829584,1.125987943626809
zRYzhAEAHAABAAAKCRtcAAsAtwB1gBAQ,2020-08-17 17:11:05.000,-0.10000012,-9.799998,3.5,43.0,13.34845,74.78081,10.406726710354416,0.0,5.0,1.2809381088142189,51.24319061658471,36.895097243940995,6.104902756059005,1.1347114304311547
zRYzhAEAHAABAAAKCRtcAAsAtwB1gBAQ,2020-08-17 17:11:10.000,0.8,-10.400002,2.75,46.0,13.34839,74.78016,10.787147055640059,3.0,5.0,0.3804203452856427,70.63984842007565,50.860690862454476,4.860690862454476,0.886991654661943
zRYzhAEAHAABAAAKCRtcAAsAtwB1gBAQ,2020-08-17 17:11:15.000,1.1999999,-9.599998,3.75,47.0,13.348349,74.77968,10.376052301333296,1.0,5.0,-0.4110947543067631,52.13137051455635,37.53458677048057,9.465413229519427,1.2196835087382942
zRYzhAEAHAABAAAKCRtcAAsAtwB1gBAQ,2020-08-17 17:11:20.000,1.7,-8.800001,1.75,48.0,13.348296,74.77917,9.131950372182331,1.0,5.0,-1.2441019291509647,55.4912118376714,39.95367252312341,8.046327476876591,1.1720560585353625
zRYzhAEAHAABAAAKCRtcAAsAtwB1gBAQ,2020-08-17 17:11:25.000,0.4999999,-8.599998,1.75,50.0,13.348242,74.77842,8.790475840362909,2.0,5.0,-0.3414745318194221,81.36508501318998,58.582861209496784,8.582861209496784,0.8391674885198465
zRYzhAEAHAABAAAKCRtcAAsAtwB1gBAQ,2020-08-17 17:11:30.000,2.2351742e-08,-8.599998,4.5,50.0,13.348111,74.77761,9.706181823971978,0.0,5.0,0.9157059836090689,88.83708248874989,63.96269939189992,13.962699391899918,0.7696724500065096
zRYzhAEAHAABAAAKCRtcAAsAtwB1gBAQ,2020-08-17 17:11:35.000,0.1999999,-8.400002,2.75,51.0,13.348037,74.77711,8.840957728662886,1.0,5.0,-0.8652240953090917,54.71775679759365,39.396784894267434,11.603215105732566,1.2624767078242711
zRYzhAEAHAABAAAKCRtcAAsAtwB1gBAQ,2020-08-17 17:11:40.000,1.5,-7.9999986,2.75,51.0,13.347856,74.77632,8.591418835093652,0.0,5.0,-0.24953889356923398,87.80862715006448,63.222211548046424,12.222211548046424,0.7941177790466695
zRYzhAEAHAABAAAKCRtcAAsAtwB1gBAQ,2020-08-17 17:11:45.000,0.5999999,-8.600001,3.25,51.0,13.347723,74.77582,9.213170848301957,0.0,5.0,0.6217520132083045,56.08070205811487,40.37810548184271,10.62189451815729,1.2325358883910118
zRYzhAEAHAABAAAKCRtcAAsAtwB1gBAQ,2020-08-17 17:11:50.000,0.59999996,-9.799998,4.25,44.0,13.347506,74.77507,10.698713041857138,-7.0,5.0,1.4855421935551814,84.6550736373385,60.951653018883725,16.951653018883725,0.7102312505945271
zRYzhAEAHAABAAAKCRtcAAsAtwB1gBAQ,2020-08-17 17:12:00.000,0.39999992,-8.399999,3.25,50.0,13.347124,74.77394,9.015679848796816,6.0,10.0,-1.6830331930603215,129.4250599403611,46.59302157853,3.4069784214700007,1.0505741880140644
zRYzhAEAHAABAAAKCRtcAAsAtwB1gBAQ,2020-08-17 17:12:05.000,0.19999996,-9.000001,3.5,49.0,13.346824,74.773506,9.658675788326317,-1.0,5.0,0.6429959395295004,57.59837093026367,41.47082706978984,7.529172930210159,1.1537331241390978
zRYzhAEAHAABAAAKCRtcAAsAtwB1gBAQ,2020-08-17 17:12:10.000,0.99999994,-8.599998,3.5,45.0,13.346332,74.77294,9.33862760152711,-4.0,5.0,-0.3200481867992071,82.11495295925639,59.1227661306646,14.122766130664601,0.7484685568558448
zRYzhAEAHAABAAAKCRtcAAsAtwB1gBAQ,2020-08-17 17:12:15.000,1.1,-7.400001,1.5,43.0,13.346045,74.77261,7.630204112604131,-2.0,5.0,-1.7084234889229784,47.88698649267696,34.47863027472741,8.521369725272592,1.211997184418653
zRYzhAEAHAABAAAKCRtcAAsAtwB1gBAQ,2020-08-17 17:12:16.000,1.1,-7.400001,1.5,43.0,13.346045,74.77261,7.630204112604131,0.0,1.0,0.0,0.0,0.0,43.0,43.0
zRYzhAEAHAABAAAKCRtcAAsAtwB1gBAQ,2020-08-17 17:12:20.000,0.19999993,-8.999998,2.0,34.0,13.345769,74.77215,9.221711553285756,-9.0,4.0,1.5915074406816245,58.47008238696226,52.623074148266035,18.623074148266035,0.6340554050666904
zRYzhAEAHAABAAAKCRtcAAsAtwB1gBAQ,2020-08-17 17:12:40.000,0.6999999,-6.999998,5.5,45.0,13.345353,74.76917,8.9297240640461,11.0,20.0,-0.2919874892396557,325.7140788122635,58.62853418620743,13.628534186207432,0.7546722490188074
zRYzhAEAHAABAAAKCRtcAAsAtwB1gBAQ,2020-08-17 17:13:06.000,0.49999982,-8.000001,4.5,43.0,13.345421,74.76844,9.192389015919693,-2.0,26.0,0.2626649518735924,79.34146302937894,10.985741034837085,32.01425896516292,3.587596284202921
zRYzhAEAHAABAAAKCRtcAAsAtwB1gBAQ,2020-08-17 17:13:11.000,1.0999999,-9.399998,3.0,46.0,13.345458,74.768105,9.928240638703517,3.0,5.0,0.7358516227838248,36.47715884356383,26.263554367365955,19.736445632634045,1.6872341507702047
zRYzhAEAHAABAAAKCRtcAAsAtwB1gBAQ,2020-08-17 17:13:16.000,1.0999999,-9.399998,3.0,46.0,13.345496,74.76763,9.928240638703517,0.0,5.0,0.0,51.564716883826684,37.12659615635521,8.873403843644788,1.2065068649547512
zRYzhAEAHAABAAAKCRtcAAsAtwB1gBAQ,2020-08-17 17:13:18.000,-0.10000019,-7.600001,3.25,45.0,13.345551,74.76713,8.266348361761741,-1.0,2.0,-1.661892276941776,54.44069978140824,97.99325960653483,52.993259606534835,0.45457640428105894
zRYzhAEAHAABAAAKCRtcAAsAtwB1gBAQ,2020-08-17 17:13:23.000,2.5,-7.600001,3.25,45.0,13.345604,74.766525,8.635537921866883,0.0,5.0,0.36918956010514137,65.72102966316656,47.31914135747993,2.3191413574799284,0.9313079399957898
zRYzhAEAHAABAAAKCRtcAAsAtwB1gBAQ,2020-08-17 17:13:28.000,0.59999985,-8.999998,2.75,47.0,13.345715,74.76581,9.429870827323354,2.0,5.0,0.7943329054564714,78.33584271991755,56.40180675834064,9.40180675834064,0.8187895582776368
zRYzhAEAHAABAAAKCRtcAAsAtwB1gBAQ,2020-08-17 17:13:33.000,1.4,-7.400001,2.75,48.0,13.345785,74.765335,8.0176377319009,1.0,5.0,-1.4122330954224545,51.97735197139253,37.423693419402625,10.576306580597375,1.249229205429837
zRYzhAEAHAABAAAKCRtcAAsAtwB1gBAQ,2020-08-17 17:13:38.000,0.9999999,-7.400001,2.75,50.0,13.345911,74.76457,7.95754450820107,2.0,5.0,-0.0600932236998295,83.94437734429852,60.43995168789493,10.439951687894933,0.8138027232506945
zRYzhAEAHAABAAAKCRtcAAsAtwB1gBAQ,2020-08-17 17:13:44.000,1.0,-7.399998,3.0,47.0,13.346043,74.76405,8.047357976379825,-3.0,6.0,0.0898134681787548,58.14296922992192,34.88578153795315,12.11421846204685,1.309710921309944
zRYzhAEAHAABAAAKCRtcAAsAtwB1gBAQ,2020-08-17 17:13:49.000,0.49999988,-6.800001,3.0,44.0,13.346234,74.76334,7.44916193138537,-3.0,5.0,-0.598196044994455,79.69818481262085,57.38269306508702,13.382693065087018,0.753648002344587
zRYzhAEAHAABAAAKCRtcAAsAtwB1gBAQ,2020-08-17 17:13:59.000,-0.70000005,-7.400001,2.5,37.0,13.346306,74.76232,7.842194518755639,-7.0,10.0,0.3930325873702696,110.64572547597422,39.83246117135072,2.8324611713507224,0.9061418033248583
zRYzhAEAHAABAAAKCRtcAAsAtwB1gBAQ,2020-08-17 17:14:04.000,0.69999987,-7.400001,4.0,37.0,13.346245,74.76196,8.440972373962671,0.0,5.0,0.5987778552070315,39.53526990152752,28.465394329099816,8.534605670900184,1.2557103287587454
zRYzhAEAHAABAAAKCRtcAAsAtwB1gBAQ,2020-08-17 17:14:09.000,1.0,-9.599998,4.0,31.0,13.346194,74.76141,10.447964471609003,-6.0,5.0,2.0069920976463322,59.77514820922983,43.03810671064548,12.03810671064548,0.7039358027738796
zRYzhAEAHAABAAAKCRtcAAsAtwB1gBAQ,2020-08-17 17:14:14.000,0.09999986,-8.600001,4.0,18.0,13.346166,74.76114,9.485252615086274,-13.0,5.0,-0.9627118565227288,29.3772641518702,21.151630189346545,3.1516301893465446,0.8125812793975226
zRYzhAEAHAABAAAKCRtcAAsAtwB1gBAQ,2020-08-17 17:14:16.000,0.09999986,-8.600001,4.0,18.0,13.346016,74.76099,9.485252615086274,0.0,2.0,0.0,23.271671045008926,41.88900788101607,23.88900788101607,0.41968795477704035
zRYzhAEAHAABAAAKCRtcAAsAtwB1gBAQ,2020-08-17 17:14:19.000,1.7,-11.199999,3.75,26.0,13.346016,74.76099,11.932831918702325,8.0,3.0,2.4475793036160507,0.0,0.0,26.0,26.0
zRYzhAEAHAABAAAKCRtcAAsAtwB1gBAQ,2020-08-17 17:14:24.000,1.7999998,-11.400002,1.25,28.0,13.34568,74.76088,11.608727099902213,2.0,5.0,-0.3241048188001123,39.211198929468004,28.232063229216966,0.23206322921696554,0.9578523342825306
zRYzhAEAHAABAAAKCRtcAAsAtwB1gBAQ,2020-08-17 17:14:29.000,1.8000001,-5.9999986,3.5,30.0,13.345195,74.760765,7.175652134823842,2.0,5.0,-4.4330749650783705,55.346194489796744,39.84926003265365,9.849260032653653,0.7344074280909596
zRYzhAEAHAABAAAKCRtcAAsAtwB1gBAQ,2020-08-17 17:14:34.000,1.3999999,-8.600001,3.75,30.0,13.344954,74.76071,9.485911496530052,0.0,5.0,2.31025936170621,27.450701483856566,19.764505068376728,10.235494931623272,1.4447731790963059
zRYzhAEAHAABAAAKCRtcAAsAtwB1gBAQ,2020-08-17 17:14:39.000,0.30000004,-8.999999,4.25,29.0,13.344482,74.76058,9.957533932857121,-1.0,5.0,0.4716224363270687,54.335954502468624,39.12188724177741,10.121887241777408,0.722797505143362
zRYzhAEAHAABAAAKCRtcAAsAtwB1gBAQ,2020-08-17 17:14:49.000,1.6999998,-4.399999,2.5,26.0,13.343912,74.76037,5.33853823813233,-3.0,10.0,-4.618995694724791,67.33041916024297,24.238950897687467,1.7610491023125334,1.0301537534344292
zRYzhAEAHAABAAAKCRtcAAsAtwB1gBAQ,2020-08-17 17:14:59.000,2.3000002,-7.399999,3.0,21.0,13.343246,74.76013,8.309632129041637,-5.0,10.0,2.971093890909307,78.47620810737727,28.25143491865582,7.251434918655821,0.7179134992316816
zRYzhAEAHAABAAAKCRtcAAsAtwB1gBAQ,2020-08-17 17:15:04.000,-2.6000001,-12.600001,6.0,27.0,13.343073,74.76008,14.195774924955701,6.0,5.0,5.886142795914065,19.982891070474285,14.387681570741485,12.612318429258515,1.754650294514702
zRYzhAEAHAABAAAKCRtcAAsAtwB1gBAQ,2020-08-17 17:15:09.000,2.2000003,-11.199999,3.75,26.0,13.342663,74.76013,12.01426148042405,-1.0,5.0,-2.1815134445316513,45.90975190147451,33.05502136906165,7.055021369061649,0.7634703769007326
zRYzhAEAHAABAAAKCRtcAAsAtwB1gBAQ,2020-08-17 17:15:14.000,0.8999999,-9.600001,3.75,28.0,13.342358,74.760124,10.345652179539046,2.0,5.0,-1.668609300885004,33.920664900648376,24.42287872846683,3.5771212715331693,1.1013701594952534
zRYzhAEAHAABAAAKCRtcAAsAtwB1gBAQ,2020-08-17 17:15:16.000,0.8999999,-9.600001,3.75,28.0,13.342016,74.759995,10.345652179539046,0.0,2.0,0.0,40.50897197558801,72.91614955605843,44.91614955605843,0.37880761062593826
zRYzhAEAHAABAAAKCRtcAAsAtwB1gBAQ,2020-08-17 17:15:19.000,0.40000027,-5.199999,3.0,28.0,13.342016,74.759995,6.0166427362775226,0.0,3.0,-4.329009443261524,0.0,0.0,28.0,28.0
zRYzhAEAHAABAAAKCRtcAAsAtwB1gBAQ,2020-08-17 17:15:24.000,0.099999905,-9.200002,4.25,13.0,13.341699,74.7598,10.134719373569453,-15.0,5.0,4.118076637291931,41.08034088086652,29.5778454342239,16.5778454342239,0.42514440816192695
zRYzhAEAHAABAAAKCRtcAAsAtwB1gBAQ,2020-08-17 17:15:29.000,1.0000002,-8.599998,4.75,22.0,13.341504,74.75967,9.87534637367237,9.0,5.0,-0.2593729998970833,25.845370739419476,18.608666932382025,3.3913330676179747,1.1219528627756379
zRYzhAEAHAABAAAKCRtcAAsAtwB1gBAQ,2020-08-17 17:15:34.000,-0.7000001,-8.800002,4.0,26.0,13.341363,74.75959,9.691750891351056,4.0,5.0,-0.18359548232131395,17.90901852303453,12.894493336584862,13.105506663415138,1.871244914813897
zRYzhAEAHAABAAAKCRtcAAsAtwB1gBAQ,2020-08-17 17:15:39.000,1.2000003,-13.999998,6.0,28.0,13.341009,74.759384,15.278741594778154,2.0,5.0,5.586990703427098,45.234949849293514,32.569163891491336,4.5691638914913355,0.8340988202895654
zRYzhAEAHAABAAAKCRtcAAsAtwB1gBAQ,2020-08-17 17:15:45.000,3.1,-5.200002,0.25,31.0,13.340732,74.75922,6.0590858056314065,3.0,6.0,-9.219655789146747,35.54639084035276,21.327834504211655,9.672165495788345,1.3884015484866001
zRYzhAEAHAABAAAKCRtcAAsAtwB1gBAQ,2020-08-17 17:15:50.000,-2.9999998,0.8000021,5.5,36.0,13.340259,74.758965,6.31585324085388,5.0,5.0,0.25676743522247314,59.392257361743425,42.76242530045526,6.762425300455263,0.8226235121302907
zRYzhAEAHAABAAAKCRtcAAsAtwB1gBAQ,2020-08-17 17:15:55.000,-0.90000015,-14.800002,4.75,34.0,13.339973,74.75885,15.56960370304922,-2.0,5.0,9.25375046219534,34.1491446956991,24.587384180903353,9.412615819096647,1.3287798299200604
zRYzhAEAHAABAAAKCRtcAAsAtwB1gBAQ,2020-08-17 17:16:00.000,-0.7999997,-8.199998,6.0,34.0,13.339448,74.75866,10.192152212364379,0.0,5.0,-5.377451490684841,61.89106675023305,44.5615680601678,10.5615680601678,0.7462429729174422
zRYzhAEAHAABAAAKCRtcAAsAtwB1gBAQ,2020-08-17 17:16:20.000,0.9999998,-7.799998,3.5,29.0,13.336966,74.7574,8.607552985605377,-5.0,20.0,-1.5845992267590017,307.81979238978766,55.407562630161785,26.407562630161785,0.51411545983895
zRYzhAEAHAABAAAKCRtcAAsAtwB1gBAQ,2020-08-17 17:16:52.000,0.8000003,-7.400002,0.75,24.0,13.336548,74.75739,7.4808107902823,-5.0,32.0,-1.126742195323077,46.49207071677149,5.2303579556367925,18.76964204436321,3.8521061182827347
zRYzhAEAHAABAAAKCRtcAAsAtwB1gBAQ,2020-08-17 17:16:59.000,1.2999998,-11.5999975,2.25,23.0,13.336253,74.75723,11.887490966558348,-1.0,7.0,4.406680176276048,37.090281253013664,19.07500178726417,3.9249982127358294,1.145703509455799
zRYzhAEAHAABAAAKCRtcAAsAtwB1gBAQ,2020-08-17 17:17:09.000,1.2000003,-7.5999975,3.5,17.0,13.33614,74.756805,8.452807978417962,-6.0,10.0,-3.434682988140386,47.66925941228665,17.160933388423196,0.16093338842319582,0.9360752355843538
zRYzhAEAHAABAAAKCRtcAAsAtwB1gBAQ,2020-08-17 17:17:14.000,5.1,-1.0000019,0.75,25.0,13.335775,74.75669,5.250952656423747,8.0,5.0,-3.2018553219942145,42.45060186296331,30.564433341333583,5.564433341333583,0.79203069257266
zRYzhAEAHAABAAAKCRtcAAsAtwB1gBAQ,2020-08-17 17:17:19.000,5.1,-1.0000019,0.75,25.0,13.335531,74.75661,5.250952656423747,0.0,5.0,0.0,28.478822126057846,20.50475193076165,4.49524806923835,1.1625337544228327
zRYzhAEAHAABAAAKCRtcAAsAtwB1gBAQ,2020-08-17 17:17:22.000,1.8000003,-8.399998,2.75,26.0,13.335335,74.756546,9.020114604593674,1.0,3.0,3.769161948169927,22.867823255604407,27.441387906725286,1.4413879067252857,0.9141607324251574
zRYzhAEAHAABAAAKCRtcAAsAtwB1gBAQ,2020-08-17 17:17:27.000,0.6999998,-6.800002,4.0,20.0,13.335139,74.75651,7.920228968912707,-6.0,5.0,-1.099885635680967,22.13953668370946,15.94046641227081,4.05953358772919,1.1806050384488247
zRYzhAEAHAABAAAKCRtcAAsAtwB1gBAQ,2020-08-17 17:17:32.000,1.0000002,-8.199998,3.0,23.0,13.334811,74.75639,8.788627173797057,3.0,5.0,0.8683982048843495,38.71403833232227,27.874107599272033,4.874107599272033,0.7965614147874087
zRYzhAEAHAABAAAKCRtcAAsAtwB1gBAQ,2020-08-17 17:17:37.000,4.1,-2.000002,3.0,24.0,13.334602,74.756325,5.459854210508189,1.0,5.0,-3.328772963288868,24.280565914714845,17.482007458594687,6.517992541405313,1.2985602377754306
zRYzhAEAHAABAAAKCRtcAAsAtwB1gBAQ,2020-08-17 17:17:42.000,-1.1999998,-12.5999975,7.75,24.0,13.334203,74.75617,14.841241070746284,0.0,5.0,9.381386860238095,47.43060762866904,34.15003749264171,10.150037492641708,0.6827873229160608
zRYzhAEAHAABAAAKCRtcAAsAtwB1gBAQ,2020-08-17 17:17:47.000,-2.3000002,-9.4000025,6.75,28.0,13.334029,74.756096,11.7988367189315,4.0,5.0,-3.042404351814783,20.939139221708732,15.076180239630286,12.923819760369714,1.7417072701745184
zRYzhAEAHAABAAAKCRtcAAsAtwB1gBAQ,2020-08-17 17:17:52.000,0.9000002,-8.999997,3.0,27.0,13.33358,74.75589,9.529425290121596,-1.0,5.0,-2.2694114288099048,54.67579494586948,39.36657236102603,12.36657236102603,0.6688702661826331
zRYzhAEAHAABAAAKCRtcAAsAtwB1gBAQ,2020-08-17 17:17:57.000,1.9999999,-8.800002,3.5,29.0,13.333381,74.755775,9.679361280580656,2.0,5.0,0.1499359904590598,25.386225631323505,18.278082454552926,10.721917545447074,1.5042989917885239
zRYzhAEAHAABAAAKCRtcAAsAtwB1gBAQ,2020-08-17 17:18:02.000,-0.3999998,-11.999997,5.5,23.0,13.332901,74.75572,13.206435092030288,-6.0,5.0,3.5270738114496325,53.70428604253251,38.6670859506234,15.667085950623402,0.5798258039077997
zRYzhAEAHAABAAAKCRtcAAsAtwB1gBAQ,2020-08-17 17:18:07.000,0.89999986,-8.200002,3.75,23.0,13.332719,74.755714,9.061596578308041,0.0,5.0,-4.144838513722247,20.24788644035247,14.578478237053778,8.421521762946222,1.4763958102976937
zRYzhAEAHAABAAAKCRtcAAsAtwB1gBAQ,2020-08-17 17:18:12.000,0.8000002,-8.399997,5.25,25.0,13.332314,74.75566,9.937929860892009,2.0,5.0,0.8763332825839676,45.411378420071145,32.69619246245123,7.696192462451229,0.7419235875940084
zRYzhAEAHAABAAAKCRtcAAsAtwB1gBAQ,2020-08-17 17:18:17.000,0.19999984,-17.400002,4.5,25.0,13.332141,74.755646,17.973593673386635,0.0,5.0,8.035663812494626,19.29626973541776,13.893314209500787,11.106685790499213,1.6786055573884238
zRYzhAEAHAABAAAKCRtcAAsAtwB1gBAQ,2020-08-17 17:18:20.000,0.19999984,-17.400002,4.5,25.0,13.331847,74.75563,17.973593673386635,0.0,3.0,0.0,32.73711355208317,39.28453626249981,14.284536262499813,0.6205855228690338
zRYzhAEAHAABAAAKCRtcAAsAtwB1gBAQ,2020-08-17 17:18:22.000,-0.19999982,-10.799996,5.75,27.0,13.331676,74.75562,12.236928271752516,2.0,2.0,-5.736665401634118,19.045091944946858,34.28116550090434,7.2811655009043434,0.7652808408301569
zRYzhAEAHAABAAAKCRtcAAsAtwB1gBAQ,2020-08-17 17:18:27.000,0.79999983,-4.2000012,2.75,28.0,13.33149,74.7556,5.083552872549027,1.0,5.0,-7.153375399203489,20.795155412095454,14.972511896708728,13.027488103291272,1.7530116853924296
zRYzhAEAHAABAAAKCRtcAAsAtwB1gBAQ,2020-08-17 17:18:32.000,1.9000002,-9.199996,1.25,23.0,13.330961,74.755585,9.476941867502198,-5.0,5.0,4.393388994953171,58.84450198886338,42.36804143198163,19.36804143198163,0.5303444481363809
zRYzhAEAHAABAAAKCRtcAAsAtwB1gBAQ,2020-08-17 17:18:37.000,1.3999999,-9.200002,3.5,13.0,13.330804,74.75552,9.94233556665656,-10.0,5.0,0.4653936991543617,18.820995332986445,13.55111663975024,0.5511166397502407,0.8934022262241406
zRYzhAEAHAABAAAKCRtcAAsAtwB1gBAQ,2020-08-17 17:18:42.000,1.7000002,-7.999996,3.0,13.0,13.330728,74.75532,8.711483035626944,0.0,5.0,-1.2308525310296154,23.23134722896313,16.726570004853453,3.7265700048534534,0.7333624043704259
zRYzhAEAHAABAAAKCRtcAAsAtwB1gBAQ,2020-08-17 17:18:52.000,0.79999983,-8.999996,5.25,31.0,13.330644,74.7546,10.449996542009764,18.0,10.0,1.7385135063828194,78.46110765757194,28.2459987567259,2.7540012432741,1.059974058600776
zRYzhAEAHAABAAAKCRtcAAsAtwB1gBAQ,2020-08-17 17:18:57.000,1.0000001,-9.400002,5.25,31.0,13.330609,74.754364,10.813072542067033,0.0,5.0,0.36307600005726925,25.8298090098851,18.597462487117273,12.402537512882727,1.5818374455559427
zRYzhAEAHAABAAAKCRtcAAsAtwB1gBAQ,2020-08-17 17:19:02.000,0.49999982,-5.199996,4.75,30.0,13.330566,74.75381,7.0606273248215015,-1.0,5.0,-3.7524452172455316,60.13257534765378,43.295454250310726,13.295454250310726,0.6772703995870988
zRYzhAEAHAABAAAKCRtcAAsAtwB1gBAQ,2020-08-17 17:19:07.000,0.7000001,-9.800001,3.25,27.0,13.33053,74.75358,10.34855157691167,-3.0,5.0,3.2879242520901677,25.20564511801647,18.148064484971858,8.851935515028142,1.4100641880118299
zRYzhAEAHAABAAAKCRtcAAsAtwB1gBAQ,2020-08-17 17:19:12.000,0.39999983,-12.199996,5.25,26.0,13.330443,74.753075,13.287678588226616,-1.0,5.0,2.9391270113149464,55.490225632029144,39.952962455060984,13.952962455060984,0.6348747060369722
zRYzhAEAHAABAAAKCRtcAAsAtwB1gBAQ,2020-08-17 17:19:17.000,0.80000013,-12.000001,2.5,26.0,13.3304,74.75289,12.283730060856962,0.0,5.0,-1.0039485273696531,20.579945818251215,14.817560989140874,11.182439010859126,1.6437426742245285
zRYzhAEAHAABAAAKCRtcAAsAtwB1gBAQ,2020-08-17 17:19:20.000,0.80000013,-12.000001,2.5,26.0,13.330336,74.752625,12.283730060856962,0.0,3.0,0.0,29.542675058462848,35.45121007015542,9.451210070155419,0.7132822188881902
zRYzhAEAHAABAAAKCRtcAAsAtwB1gBAQ,2020-08-17 17:19:23.000,0.79999983,-6.399996,3.25,28.0,13.330303,74.75243,7.222357546398269,2.0,3.0,-5.061372514458693,21.41551591865233,25.698619102382796,2.3013808976172037,1.0487433785480336
zRYzhAEAHAABAAAKCRtcAAsAtwB1gBAQ,2020-08-17 17:19:28.000,-0.5999999,-11.800001,4.0,28.0,13.330256,74.75221,12.473973844769798,0.0,5.0,5.251616298371529,24.370738856642657,17.546931976782712,10.453068023217288,1.5096836519943437
zRYzhAEAHAABAAAKCRtcAAsAtwB1gBAQ,2020-08-17 17:19:33.000,2.3,-11.800001,1.0,28.0,13.330121,74.751724,12.0635825358805,0.0,5.0,-0.41039130888929876,54.68541681202558,39.37350010465842,11.373500104658419,0.6935242158202002
zRYzhAEAHAABAAAKCRtcAAsAtwB1gBAQ,2020-08-17 17:19:38.000,2.1000001,-10.799995,4.5,29.0,13.330064,74.75151,11.88696312857178,1.0,5.0,-0.17661940730871883,24.00640592246033,17.28461226417144,11.71538773582856,1.5860330851436912
zRYzhAEAHAABAAAKCRtcAAsAtwB1gBAQ,2020-08-17 17:19:43.000,-0.20000008,-10.800001,5.25,29.0,13.329941,74.751015,12.010100816895793,0.0,5.0,0.12313768832401273,55.2773076617113,39.79966151643214,10.799661516432138,0.7107902105589822
zRYzhAEAHAABAAAKCRtcAAsAtwB1gBAQ,2020-08-17 17:19:48.000,1.3000002,-7.999995,2.75,20.0,13.329896,74.75082,8.558762791433411,-9.0,5.0,-3.451338025462382,21.684067751788092,15.612528781287427,4.387471218712573,1.2039106305433924
zRYzhAEAHAABAAAKCRtcAAsAtwB1gBAQ,2020-08-17 17:19:58.000,-1.2,-6.7999954,4.25,29.0,13.329819,74.7503,8.108171029277884,9.0,10.0,-0.4505917621555273,56.91132912976103,20.488078486713974,8.511921513286026,1.3495855396251755
zRYzhAEAHAABAAAKCRtcAAsAtwB1gBAQ,2020-08-17 17:20:03.000,2.0000002,-11.000002,2.75,32.0,13.32963,74.74984,11.513580885198316,3.0,5.0,3.405409855920432,54.02669749713759,38.89922219793907,6.899222197939068,0.8020206469501782
zRYzhAEAHAABAAAKCRtcAAsAtwB1gBAQ,2020-08-17 17:20:08.000,2.0,-9.799995,3.25,30.0,13.329507,74.74961,10.516767659315526,-2.0,5.0,-0.9968132258827893,28.39656822415781,20.445529121393623,9.554470878606377,1.398892973457699
zRYzhAEAHAABAAAKCRtcAAsAtwB1gBAQ,2020-08-17 17:20:13.000,-0.2999998,-9.600002,5.25,27.0,13.3292,74.74902,10.94589138809645,-3.0,5.0,0.4291237287809242,72.39179248716398,52.12209059075807,25.12209059075807,0.5082631293260385
zRYzhAEAHAABAAAKCRtcAAsAtwB1gBAQ,2020-08-17 17:20:18.000,0.09999997,-9.599996,10.5,23.0,13.329103,74.74883,14.227435580385384,-4.0,5.0,3.2815441922889335,23.21558651089207,16.71522228784229,6.284777712157709,1.2983184532651662
zRYzhAEAHAABAAAKCRtcAAsAtwB1gBAQ,2020-08-17 17:20:21.000,0.09999997,-9.599996,10.5,23.0,13.32904,74.748665,14.227435580385384,0.0,3.0,0.0,19.178137832010883,23.01376539841306,0.013765398413060126,0.9577839884085794
zRYzhAEAHAABAAAKCRtcAAsAtwB1gBAQ,2020-08-17 17:20:23.000,0.8000002,-10.800002,5.0,18.0,13.329032,74.748505,11.92811986525974,-5.0,2.0,-2.299315715125644,17.33477173743257,31.202589127378623,13.202589127378623,0.5589612664000488
zRYzhAEAHAABAAAKCRtcAAsAtwB1gBAQ,2020-08-17 17:20:28.000,1.8,-6.399996,1.5,20.0,13.329127,74.74844,6.815419928369491,2.0,5.0,-5.112699936890249,12.690571175018917,9.13721124601362,10.86278875398638,1.9729291927170645
zRYzhAEAHAABAAAKCRtcAAsAtwB1gBAQ,2020-08-17 17:20:33.000,0.6000002,-9.4000025,2.5,4.0,13.329443,74.74834,9.745257679507827,-16.0,5.0,2.9298377511383356,36.76577146862177,26.471355457407675,22.471355457407675,0.14560621175761448
zRYzhAEAHAABAAAKCRtcAAsAtwB1gBAQ,2020-08-17 17:20:38.000,-0.100000076,-7.5999956,3.25,9.0,13.329443,74.74834,8.26634339567498,5.0,5.0,-1.4789142838328466,0.0,0.0,9.0,9.0
zRYzhAEAHAABAAAKCRtcAAsAtwB1gBAQ,2020-08-17 17:20:43.000,1.3000002,-9.800002,1.75,22.0,13.329294,74.74817,10.03954878069747,13.0,5.0,1.7732053850224894,24.75551935101526,17.823973932730986,4.176026067269014,1.1687224004144292
zRYzhAEAHAABAAAKCRtcAAsAtwB1gBAQ,2020-08-17 17:20:48.000,1.5999999,-8.799995,2.75,22.0,13.329132,74.74806,9.357478916889153,0.0,5.0,-0.6820698638083158,21.590397936215894,15.545086514075443,6.454913485924557,1.3296999070560245
zRYzhAEAHAABAAAKCRtcAAsAtwB1gBAQ,2020-08-17 17:20:53.000,1.0000002,-7.400002,3.75,22.0,13.328828,74.74781,8.355987673519154,0.0,5.0,-1.0014912433699994,43.2938487040511,31.17157106691679,9.17157106691679,0.6838335608242462
zRYzhAEAHAABAAAKCRtcAAsAtwB1gBAQ,2020-08-17 17:20:58.000,0.7999999,-6.7999954,3.75,19.0,13.328698,74.74771,7.806563730606519,-3.0,5.0,-0.5494239429126351,18.0562624802374,13.000508985770928,5.999491014229072,1.3570935184792339
zRYzhAEAHAABAAAKCRtcAAsAtwB1gBAQ,2020-08-17 17:21:03.000,2.1000001,-6.7999954,2.0,19.0,13.328401,74.7475,7.392559628438662,0.0,5.0,-0.41400410216785666,40.08654246495729,28.862310574769246,9.862310574769246,0.6362535126820748
zRYzhAEAHAABAAAKCRtcAAsAtwB1gBAQ,2020-08-17 17:21:08.000,0.5999999,-8.200002,3.5,17.0,13.32828,74.74741,8.935884549388717,-2.0,5.0,1.543324920950055,16.608863116661336,11.958381443996162,5.041618556003838,1.3118922354208356
zRYzhAEAHAABAAAKCRtcAAsAtwB1gBAQ,2020-08-17 17:21:13.000,0.40000013,-9.799995,4.0,17.0,13.328114,74.74719,10.592445520465281,0.0,5.0,1.6565609710765639,30.122099534897295,21.68791166512605,4.687911665126052,0.7492976987446125
zRYzhAEAHAABAAAKCRtcAAsAtwB1gBAQ,2020-08-17 17:21:18.000,0.6999999,-8.400002,2.75,9.0,13.328096,74.74705,8.866370929529399,-8.0,5.0,-1.7260745909358821,15.27965671734935,11.001352836491533,2.0013528364915327,0.7499154572503223
zRYzhAEAHAABAAAKCRtcAAsAtwB1gBAQ,2020-08-17 17:21:21.000,0.6999999,-8.400002,2.75,9.0,13.328059,74.74692,8.866370929529399,0.0,3.0,0.0,14.655344297504254,17.586413157005104,8.586413157005104,0.4842246819746367
zRYzhAEAHAABAAAKCRtcAAsAtwB1gBAQ,2020-08-17 17:21:24.000,0.80000013,-7.999995,3.0,13.0,13.328048,74.746864,8.581370532031874,4.0,3.0,-0.2850003974975248,6.181423536514427,7.417708243817312,5.582291756182688,1.5443633377942645
zRYzhAEAHAABAAAKCRtcAAsAtwB1gBAQ,2020-08-17 17:21:29.000,0.49999994,-9.600001,3.0,15.0,13.328048,74.746864,10.07025417454798,2.0,5.0,1.4888836425161056,0.0,0.0,15.0,15.0
zRYzhAEAHAABAAAKCRtcAAsAtwB1gBAQ,2020-08-17 17:21:39.000,-0.09999988,-8.400002,3.25,19.0,13.328428,74.74646,9.007359967049393,4.0,10.0,-1.0628942074985872,60.79648945638004,21.886736204296817,2.8867362042968168,0.8301751647940474
zRYzhAEAHAABAAAKCRtcAAsAtwB1gBAQ,2020-08-17 17:21:44.000,1.0999999,-8.399996,2.5,14.0,13.328644,74.74627,8.832889254372887,-5.0,5.0,-0.1744707126765057,31.61485610678082,22.76269639688219,8.762696396882191,0.5891587287138376
zRYzhAEAHAABAAAKCRtcAAsAtwB1gBAQ,2020-08-17 17:21:49.000,0.30000013,-9.400002,3.75,1.0,13.328699,74.74622,10.124847538506643,-13.0,5.0,1.2919582841337558,8.165170039963526,5.8789224287737385,4.8789224287737385,0.14537160585168332
zRYzhAEAHAABAAAKCRtcAAsAtwB1gBAQ,2020-08-17 17:21:54.000,0.49999988,-9.400002,3.0,1.0,13.328699,74.74622,9.879779222229818,0.0,5.0,-0.24506831627682502,0.0,0.0,1.0,1.0
zRYzhAEAHAABAAAKCRtcAAsAtwB1gBAQ,2020-08-17 17:21:59.000,0.40000013,-8.599996,3.5,1.0,13.328699,74.74622,9.293542451832671,0.0,5.0,-0.5862367703971465,0.0,0.0,1.0,1.0
zRYzhAEAHAABAAAKCRtcAAsAtwB1gBAQ,2020-08-17 17:22:04.000,-1.2665987e-07,-7.8000016,4.75,10.0,13.328699,74.74622,9.13249828688747,9.0,5.0,-0.16104416494520102,0.0,0.0,10.0,10.0
zRYzhAEAHAABAAAKCRtcAAsAtwB1gBAQ,2020-08-17 17:22:09.000,2.1000001,-8.199996,2.5,26.0,13.328699,74.74622,8.826093972988053,16.0,5.0,-0.30640431389941725,0.0,0.0,26.0,26.0
zRYzhAEAHAABAAAKCRtcAAsAtwB1gBAQ,2020-08-17 17:22:14.000,0.3999999,-10.200002,0.0,20.0,13.329132,74.74585,10.207842118685221,-6.0,5.0,1.381748145697168,62.6169516268209,45.08420517131105,25.084205171311048,0.4339881728599426
zRYzhAEAHAABAAAKCRtcAAsAtwB1gBAQ,2020-08-17 17:22:19.000,2.3000002,-7.599996,5.0,22.0,13.329236,74.745705,9.383492959448311,2.0,5.0,-0.8243491592369097,19.490379323374842,14.033073112829888,7.966926887170112,1.4634399656597312
zRYzhAEAHAABAAAKCRtcAAsAtwB1gBAQ,2020-08-17 17:22:22.000,2.3000002,-7.599996,5.0,22.0,13.329181,74.74555,9.383492959448311,0.0,3.0,0.0,17.851215040042227,21.421458048050674,0.578541951949326,0.9812029152097307
zRYzhAEAHAABAAAKCRtcAAsAtwB1gBAQ,2020-08-17 17:22:24.000,0.69999987,-11.000002,4.25,25.0,13.329101,74.7454,11.813235958788093,3.0,2.0,2.4297429993397817,18.507895661386993,33.31421219049659,8.31421219049659,0.7285610947793758
zRYzhAEAHAABAAAKCRtcAAsAtwB1gBAQ,2020-08-17 17:22:29.000,0.60000014,-9.399996,2.75,12.0,13.329016,74.745224,9.812360825408737,-13.0,5.0,-2.000875133379356,21.259649782658137,15.30694784351386,3.3069478435138606,0.735882650460125
zRYzhAEAHAABAAAKCRtcAAsAtwB1gBAQ,2020-08-17 17:22:34.000,-0.30000013,-9.000002,2.75,10.0,13.328872,74.745026,9.415547571862405,-2.0,5.0,-0.39681325354633223,26.74609797435008,19.257190541532058,9.257190541532058,0.49365187040609715
zRYzhAEAHAABAAAKCRtcAAsAtwB1gBAQ,2020-08-17 17:22:39.000,1.5000001,-9.199996,2.5,9.0,13.328872,74.745026,9.650902895585263,-1.0,5.0,0.2353553237228585,0.0,0.0,9.0,9.0
zRYzhAEAHAABAAAKCRtcAAsAtwB1gBAQ,2020-08-17 17:22:44.000,1.1999999,-9.199996,3.25,1.0,13.328731,74.74488,9.83068797999489,-8.0,5.0,0.1797850844096267,22.25679530417618,16.02489261900685,15.024892619006849,0.0587375217206119
zRYzhAEAHAABAAAKCRtcAAsAtwB1gBAQ,2020-08-17 17:22:49.000,0.80000013,-9.200002,4.0,1.0,13.328731,74.74488,10.06379833899726,0.0,5.0,0.23311035900237087,0.0,0.0,1.0,1.0
zRYzhAEAHAABAAAKCRtcAAsAtwB1gBAQ,2020-08-17 17:22:54.000,0.99999994,-8.599996,4.0,1.0,13.328731,74.74488,9.537291600869505,0.0,5.0,-0.5265067381277557,0.0,0.0,1.0,1.0
zRYzhAEAHAABAAAKCRtcAAsAtwB1gBAQ,2020-08-17 17:23:09.000,-0.6000001,-8.399996,6.25,11.0,13.328731,74.74488,10.487250970584046,10.0,15.0,0.9499593697145414,0.0,0.0,11.0,11.0
zRYzhAEAHAABAAAKCRtcAAsAtwB1gBAQ,2020-08-17 17:23:14.000,0.20000014,-5.6000013,3.75,26.0,13.328435,74.74479,6.742589607561897,15.0,5.0,-3.744661363022149,34.32404100611176,24.71330952440047,1.2866904755995314,1.0111494973187904
zRYzhAEAHAABAAAKCRtcAAsAtwB1gBAQ,2020-08-17 17:23:19.000,-2.6000001,-11.199996,6.0,28.0,13.328228,74.74478,12.969190835206954,2.0,5.0,6.226601227645056,23.04276706852745,16.590792289339763,11.409207710660237,1.591741835128617
zRYzhAEAHAABAAAKCRtcAAsAtwB1gBAQ,2020-08-17 17:23:22.000,-2.6000001,-11.199996,6.0,28.0,13.327908,74.74479,12.969190835206954,0.0,3.0,0.0,35.59882362447206,42.71858834936648,14.718588349366478,0.6404598377295443
zRYzhAEAHAABAAAKCRtcAAsAtwB1gBAQ,2020-08-17 17:23:25.000,1.2000002,-11.199996,2.25,28.0,13.327698,74.74481,11.486618774905697,0.0,3.0,-1.4825720603012567,23.450992591593106,28.14119110991173,0.14119110991173045,0.9608392427884124
zRYzhAEAHAABAAAKCRtcAAsAtwB1gBAQ,2020-08-17 17:23:32.000,-0.7000001,-10.399996,3.75,18.0,13.327229,74.74488,11.077563673480554,-10.0,7.0,-0.40905510142514245,52.69755346085504,27.10159892272545,9.10159892272545,0.6405329479470864
zRYzhAEAHAABAAAKCRtcAAsAtwB1gBAQ,2020-08-17 17:23:37.000,0.5000002,-8.400002,4.0,7.0,13.327111,74.74491,9.317190230965775,-11.0,5.0,-1.76037344251478,13.516555489296437,9.731919952293435,2.7319199522934348,0.652259803568893
zRYzhAEAHAABAAAKCRtcAAsAtwB1gBAQ,2020-08-17 17:23:47.000,-9.685755e-08,-7.6000013,6.25,14.0,13.327039,74.74516,9.83984348249512,7.0,10.0,0.5226532515293449,28.210019910358398,10.155607167729023,3.8443928322709766,1.254974273430786
zRYzhAEAHAABAAAKCRtcAAsAtwB1gBAQ,2020-08-17 17:23:52.000,-1.9999999,-8.599996,5.25,11.0,13.327046,74.745316,10.2724111483145,-3.0,5.0,0.43256766581938066,16.897210063799367,12.165991245935544,1.165991245935544,0.8354858965439306
zRYzhAEAHAABAAAKCRtcAAsAtwB1gBAQ,2020-08-17 17:23:57.000,0.4999999,-8.600001,6.5,20.0,13.32722,74.7454,10.791664241441216,9.0,5.0,0.5192530931267161,21.376361697502922,15.390980422202103,4.609019577797897,1.2201832645049935
zRYzhAEAHAABAAAKCRtcAAsAtwB1gBAQ,2020-08-17 17:24:02.000,1.1000001,-7.7999954,2.75,19.0,13.327454,74.74544,8.343406286404923,-1.0,5.0,-2.4482579550362935,26.377110388461787,18.991519479692485,0.008480520307514894,0.9504029955952235
zRYzhAEAHAABAAAKCRtcAAsAtwB1gBAQ,2020-08-17 17:24:08.000,0.39999992,-9.000001,4.0,19.0,13.327757,74.7454,9.856978134093684,0.0,6.0,1.5135718476887607,33.9689086182708,20.381345170962483,1.3813451709624829,0.8886251004358448
zRYzhAEAHAABAAAKCRtcAAsAtwB1gBAQ,2020-08-17 17:24:13.000,1.4000001,-7.3999953,3.25,19.0,13.327948,74.74539,8.202586830995578,0.0,5.0,-1.6543913030981052,21.26577489371371,15.311357923473873,3.6886420765261274,1.1648325105205908
zRYzhAEAHAABAAAKCRtcAAsAtwB1gBAQ,2020-08-17 17:24:18.000,0.5999999,-8.600001,2.5,19.0,13.328209,74.74542,8.976080273705277,0.0,5.0,0.7734934427096984,29.202838816670397,21.026043948002688,2.0260439480026875,0.8626151861339091
zRYzhAEAHAABAAAKCRtcAAsAtwB1gBAQ,2020-08-17 17:24:22.000,0.5999999,-8.600001,2.5,19.0,13.328344,74.74549,8.976080273705277,0.0,4.0,0.0,16.813832629708173,15.132449366737356,3.8675506332626437,1.1777504809142683
zRYzhAEAHAABAAAKCRtcAAsAtwB1gBAQ,2020-08-17 17:24:25.000,7.4505806e-08,-8.599996,4.5,19.0,13.328429,74.74556,9.7061800519059,0.0,3.0,0.7300997782006231,12.111873788306294,14.534248545967554,4.465751454032446,1.223103901278321
zRYzhAEAHAABAAAKCRtcAAsAtwB1gBAQ,2020-08-17 17:24:30.000,0.7999999,-8.800001,3.75,18.0,13.328521,74.745705,9.599089406813597,-1.0,5.0,-0.1070906450923026,18.729534652089974,13.485264949504781,4.514735050495219,1.2426420961402835
zRYzhAEAHAABAAAKCRtcAAsAtwB1gBAQ,2020-08-17 17:24:35.000,0.4000001,-8.799995,3.5,1.0,13.328702,74.74596,9.478919351910585,-17.0,5.0,-0.1201700549030118,34.15153295905648,24.589103730520666,23.589103730520666,0.03907913346755005
zRYzhAEAHAABAAAKCRtcAAsAtwB1gBAQ,2020-08-17 17:24:40.000,0.5999999,-8.799995,3.5,1.0,13.328702,74.74596,9.489463202943831,0.0,5.0,0.010543851033245843,0.0,0.0,1.0,1.0
zRYzhAEAHAABAAAKCRtcAAsAtwB1gBAQ,2020-08-17 17:25:15.000,0.4000001,-8.200001,3.75,17.0,13.328702,74.74596,9.02565878371219,16.0,35.0,-0.46380441923164106,0.0,0.0,17.0,17.0
zRYzhAEAHAABAAAKCRtcAAsAtwB1gBAQ,2020-08-17 17:25:20.000,0.19999988,-8.200001,3.75,17.0,13.328702,74.74596,9.019008612480699,0.0,5.0,-0.006650171231491697,0.0,0.0,17.0,17.0
zRYzhAEAHAABAAAKCRtcAAsAtwB1gBAQ,2020-08-17 17:25:22.000,0.19999988,-8.200001,3.75,17.0,13.328702,74.74596,9.019008612480699,0.0,2.0,0.0,0.0,0.0,17.0,17.0
zRYzhAEAHAABAAAKCRtcAAsAtwB1gBAQ,2020-08-17 17:25:25.000,0.3000001,-8.599995,3.25,5.0,13.32881,74.74607,9.19850064195383,-12.0,3.0,0.17949202947313125,16.907813391363064,20.289376069635676,15.289376069635676,0.23485892605050707
zRYzhAEAHAABAAAKCRtcAAsAtwB1gBAQ,2020-08-17 17:25:30.000,1.3,-6.8000007,3.25,24.0,13.32881,74.74607,7.648039586717664,19.0,5.0,-1.5504610552361662,0.0,0.0,24.0,24.0
zRYzhAEAHAABAAAKCRtcAAsAtwB1gBAQ,2020-08-17 17:25:35.000,-0.099999905,-6.8000007,6.75,20.0,13.32912,74.74579,9.581884444147743,-4.0,5.0,1.9338448574300795,45.891734737852055,33.04204901125348,13.042049011253482,0.5875087011768441
zRYzhAEAHAABAAAKCRtcAAsAtwB1gBAQ,2020-08-17 17:25:40.000,2.5,-8.399995,2.5,20.0,13.329296,74.74567,9.113721303618243,0.0,5.0,-0.4681631405294997,23.485732148761862,16.90972714710854,3.0902728528914594,1.1167115967609214
zRYzhAEAHAABAAAKCRtcAAsAtwB1gBAQ,2020-08-17 17:25:45.000,1.1000001,-7.8000007,2.5,20.0,13.329655,74.7454,8.264382078534396,0.0,5.0,-0.8493392250838472,49.46688653024897,35.61615830177926,15.616158301779258,0.5462069459926974
zRYzhAEAHAABAAAKCRtcAAsAtwB1gBAQ,2020-08-17 17:25:50.000,-0.20000005,-9.399995,3.0,12.0,13.329797,74.745285,9.869139071875773,-8.0,5.0,1.6047569933413772,20.10323688962559,14.474330560530426,2.4743305605304258,0.7754778116610601
zRYzhAEAHAABAAAKCRtcAAsAtwB1gBAQ,2020-08-17 17:25:55.000,0.70000017,-8.6,3.25,1.0,13.329831,74.745186,9.220222352958741,-11.0,5.0,-0.6489167189170324,11.359320667358812,8.178710880498345,7.178710880498345,0.10894776107663023
zRYzhAEAHAABAAAKCRtcAAsAtwB1gBAQ,2020-08-17 17:26:00.000,0.39999998,-8.799994,3.75,1.0,13.329831,74.745186,9.574047962279904,0.0,5.0,0.3538256093211629,0.0,0.0,1.0,1.0
zRYzhAEAHAABAAAKCRtcAAsAtwB1gBAQ,2020-08-17 17:26:05.000,-0.39999986,-8.799994,3.75,8.0,13.329831,74.745186,9.574047957266352,7.0,5.0,-5.0135522400296395e-09,0.0,0.0,8.0,8.0
zRYzhAEAHAABAAAKCRtcAAsAtwB1gBAQ,2020-08-17 17:26:10.000,0.7,-8.8,2.5,19.0,13.329819,74.745056,9.174965939991276,11.0,5.0,-0.39908201727507553,14.129047216863176,10.172913996141487,8.827086003858513,1.700541148581432
zRYzhAEAHAABAAAKCRtcAAsAtwB1gBAQ,2020-08-17 17:26:15.000,0.60000014,-8.8,5.25,27.0,13.329615,74.74474,10.264623722670015,8.0,5.0,1.0896577826787386,41.031397828842465,29.54260643676658,2.5426064367665795,0.8840109980757221
zRYzhAEAHAABAAAKCRtcAAsAtwB1gBAQ,2020-08-17 17:26:20.000,0.8,-9.199994,3.75,28.0,13.329528,74.74455,9.967065245097777,1.0,5.0,-0.2975584775722382,22.720291710260618,16.358610031387645,11.641389968612355,1.6130323769801103
zRYzhAEAHAABAAAKCRtcAAsAtwB1gBAQ,2020-08-17 17:26:23.000,0.8,-9.199994,3.75,28.0,13.329383,74.74423,9.967065245097777,0.0,3.0,0.0,38.19381462224866,45.832577546698396,17.832577546698396,0.5978744170568068
zRYzhAEAHAABAAAKCRtcAAsAtwB1gBAQ,2020-08-17 17:26:25.000,1.3000002,-9.6,3.25,17.0,13.329396,74.744125,10.218243514420667,-11.0,2.0,0.25117826932289056,11.452532506047655,20.61455851088578,3.6145585108857787,0.7865069273304037
zRYzhAEAHAABAAAKCRtcAAsAtwB1gBAQ,2020-08-17 17:26:35.000,0.1,-9.200001,4.5,18.0,13.329746,74.743965,10.242071001511414,1.0,10.0,0.023827487090747113,42.59495103600862,15.334182372963102,2.6658176270368976,1.1019835329985181
zRYzhAEAHAABAAAKCRtcAAsAtwB1gBAQ,2020-08-17 17:26:40.000,0.5000002,-7.1999936,3.5,11.0,13.329872,74.74391,8.021216119768933,-7.0,5.0,-2.220854881742481,15.222013985978759,10.959850069904707,0.040149930095292774,0.91974397134626
zRYzhAEAHAABAAAKCRtcAAsAtwB1gBAQ,2020-08-17 17:26:46.000,1.5,-8.200001,3.25,13.0,13.330064,74.74386,8.947207184367702,2.0,6.0,0.9259910645987688,22.02420559191919,13.214523355151515,0.2145233551515151,0.9145575743339043
zRYzhAEAHAABAAAKCRtcAAsAtwB1gBAQ,2020-08-17 17:26:51.000,1.0000002,-10.999993,3.0,12.0,13.330064,74.74386,11.445516432212617,-1.0,5.0,2.498309247844915,0.0,0.0,12.0,12.0
zRYzhAEAHAABAAAKCRtcAAsAtwB1gBAQ,2020-08-17 17:26:56.000,3.6000001,-6.600001,2.5,5.0,13.330258,74.74404,7.9227529255935405,-7.0,5.0,-3.522763506619077,29.062885431833916,20.92527751092042,15.92527751092042,0.2280472845787073
zRYzhAEAHAABAAAKCRtcAAsAtwB1gBAQ,2020-08-17 17:27:01.000,1.7000003,-9.399993,2.0,9.0,13.330258,74.74404,9.759603958155735,4.0,5.0,1.836851032562194,0.0,0.0,9.0,9.0
zRYzhAEAHAABAAAKCRtcAAsAtwB1gBAQ,2020-08-17 17:27:06.000,1.8000001,-8.400001,1.5,8.0,13.330127,74.74415,8.720666096119093,-1.0,5.0,-1.0389378620366418,18.810611159565372,13.543640034887067,5.543640034887067,0.5500686197409809
zRYzhAEAHAABAAAKCRtcAAsAtwB1gBAQ,2020-08-17 17:27:11.000,0.30000025,-8.599993,3.75,1.0,13.330088,74.74418,9.386819469343653,-7.0,5.0,0.6661533732245601,5.41686792905046,3.9001449089163316,2.9001449089163316,0.20407559747475923
zRYzhAEAHAABAAAKCRtcAAsAtwB1gBAQ,2020-08-17 17:27:16.000,0.40000004,-8.599993,3.5,1.0,13.330088,74.74418,9.293539671839197,0.0,5.0,-0.09327979750445614,0.0,0.0,1.0,1.0
zRYzhAEAHAABAAAKCRtcAAsAtwB1gBAQ,2020-08-17 17:27:21.000,0.10000025,-9.000001,3.5,1.0,13.330088,74.74418,9.657122658949769,0.0,5.0,0.363582987110572,0.0,0.0,1.0,1.0
zRYzhAEAHAABAAAKCRtcAAsAtwB1gBAQ,2020-08-17 17:27:24.000,0.10000025,-9.000001,3.5,1.0,13.330088,74.74418,9.657122658949769,0.0,3.0,0.0,0.0,0.0,1.0,1.0
zRYzhAEAHAABAAAKCRtcAAsAtwB1gBAQ,2020-08-17 17:27:27.000,0.70000005,-7.999993,3.5,1.0,13.330088,74.74418,8.76013059663205,0.0,3.0,-0.8969920623177181,0.0,0.0,1.0,1.0
zRYzhAEAHAABAAAKCRtcAAsAtwB1gBAQ,2020-08-17 19:11:00.000,0.7,-8.6,3.25,0.0,,,9.220222340052326,-1.0,6213.0,0.4600917434202749,25.841654944943237,18.37141996819203,18.37141996819203,0.0
zRYzhAEAHAABAAAKCRtcAAsAtwB1gBAQ,2020-08-17 19:11:41.000,0.3,-8.6,3.5,0.0,,,9.289779329994873,0.0,41.0,0.06955698994254789,25.841654944943237,18.37141996819203,18.37141996819203,0.0
zRYzhAEAHAABAAAKCRtcAAsAtwB1gBAQ,2020-08-17 19:13:04.000,0.7,-8.6,3.5,0.0,,,9.311283477587823,0.0,83.0,0.021504147592949607,25.841654944943237,18.37141996819203,18.37141996819203,0.0
zRYzhAEAHAABAAAKCRtcAAsAtwB1gBAQ,2020-08-17 19:13:07.000,0.7,-8.6,3.5,0.0,,,9.311283477587823,0.0,3.0,0.0,25.841654944943237,18.37141996819203,18.37141996819203,0.0
zRYzhAEAHAABAAAKCRtcAAsAtwB1gBAQ,2020-08-17 19:14:05.000,0.7,-8.8,3.5,0.0,,,9.496315074806649,0.0,58.0,0.1850315972188259,25.841654944943237,18.37141996819203,18.37141996819203,0.0
zRYzhAEAHAABAAAKCRtcAAsAtwB1gBAQ,2020-08-17 19:15:31.000,0.10000002,-8.8,4.0,0.0,,,9.666954018924473,0.0,86.0,0.1706389441178242,25.841654944943237,18.37141996819203,18.37141996819203,0.0
zRYzhAEAHAABAAAKCRtcAAsAtwB1gBAQ,2020-08-17 19:15:34.000,0.10000002,-8.8,4.0,0.0,,,9.666954018924473,0.0,3.0,0.0,25.841654944943237,18.37141996819203,18.37141996819203,0.0
zRYzhAEAHAABAAAKCRtcAAsAtwB1gBAQ,2020-08-17 19:15:38.000,0.099999964,-8.8,4.0,0.0,,,9.66695401834518,0.0,4.0,-5.792930579673339e-10,25.841654944943237,18.37141996819203,18.37141996819203,0.0
zRYzhAEAHAABAAAKCRtcAAsAtwB1gBAQ,2020-08-17 19:16:29.000,0.40000004,-8.8,3.75,0.0,,,9.57405347969187,0.0,51.0,-0.0929005386533106,25.841654944943237,18.37141996819203,18.37141996819203,0.0
zRYzhAEAHAABAAAKCRtcAAsAtwB1gBAQ,2020-08-17 19:16:34.000,0.40000004,-8.8,3.75,0.0,,,9.57405347969187,0.0,5.0,0.0,25.841654944943237,18.37141996819203,18.37141996819203,0.0
zRYzhAEAHAABAAAKCRtcAAsAtwB1gBAQ,2020-08-17 19:16:39.000,0.59999996,-8.8,3.75,0.0,,,9.584492680992563,0.0,5.0,0.010439201300693313,25.841654944943237,18.37141996819203,18.37141996819203,0.0
zRYzhAEAHAABAAAKCRtcAAsAtwB1gBAQ,2020-08-17 19:17:05.000,0.29999998,-8.6,3.75,0.0,,,9.386825873957607,0.0,26.0,-0.1976668070349561,25.841654944943237,18.37141996819203,18.37141996819203,0.0
zRYzhAEAHAABAAAKCRtcAAsAtwB1gBAQ,2020-08-17 19:18:40.000,0.4000001,-8.6,3.75,0.0,,,9.390553768548477,0.0,95.0,0.0037278945908703065,25.841654944943237,18.37141996819203,18.37141996819203,0.0
zRYzhAEAHAABAAAKCRtcAAsAtwB1gBAQ,2020-08-17 19:19:10.000,1.1175871e-07,-8.8,3.75,0.0,,,9.565693911055279,0.0,30.0,0.17514014250680177,25.841654944943237,18.37141996819203,18.37141996819203,0.0
zRYzhAEAHAABAAAKCRtcAAsAtwB1gBAQ,2020-08-17 19:20:41.000,0.6,-8.6,3.5,0.0,,,9.304300081145277,0.0,91.0,-0.26139382991000204,25.841654944943237,18.37141996819203,18.37141996819203,0.0
zRYzhAEAHAABAAAKCRtcAAsAtwB1gBAQ,2020-08-17 19:21:38.000,0.40000013,-8.8,3.75,0.0,,,9.574053483452035,0.0,57.0,0.26975340230675826,25.841654944943237,18.37141996819203,18.37141996819203,0.0
zRYzhAEAHAABAAAKCRtcAAsAtwB1gBAQ,2020-08-17 19:21:41.000,0.40000013,-8.8,3.75,0.0,,,9.574053483452035,0.0,3.0,0.0,25.841654944943237,18.37141996819203,18.37141996819203,0.0
zRYzhAEAHAABAAAKCRtcAAsAtwB1gBAQ,2020-08-17 19:21:44.000,0.5,-8.8,3.5,0.0,,,9.483670175622938,0.0,3.0,-0.09038330782909654,25.841654944943237,18.37141996819203,18.37141996819203,0.0
zRYzhAEAHAABAAAKCRtcAAsAtwB1gBAQ,2020-08-17 19:22:36.000,0.19999999,-8.400001,3.75,0.0,,,9.201223657536046,0.0,52.0,-0.2824465180868927,25.841654944943237,18.37141996819203,18.37141996819203,0.0
zRYzhAEAHAABAAAKCRtcAAsAtwB1gBAQ,2020-08-17 19:22:41.000,0.3000001,-8.400001,3.75,0.0,,,9.203940289897638,0.0,5.0,0.0027166323615919197,25.841654944943237,18.37141996819203,18.37141996819203,0.0
zRYzhAEAHAABAAAKCRtcAAsAtwB1gBAQ,2020-08-17 19:22:46.000,0.29999998,-8.400001,3.75,0.0,,,9.203940285986269,0.0,5.0,-3.9113690064596085e-09,25.841654944943237,18.37141996819203,18.37141996819203,0.0
zRYzhAEAHAABAAAKCRtcAAsAtwB1gBAQ,2020-08-17 19:23:41.000,0.6000001,-8.8,3.5,0.0,,,9.489467852308685,0.0,55.0,0.2855275663224166,25.841654944943237,18.37141996819203,18.37141996819203,0.0
zRYzhAEAHAABAAAKCRtcAAsAtwB1gBAQ,2020-08-17 19:23:42.000,0.6000001,-8.8,3.5,0.0,,,9.489467852308685,0.0,1.0,0.0,25.841654944943237,18.37141996819203,18.37141996819203,0.0
zRYzhAEAHAABAAAKCRtcAAsAtwB1gBAQ,2020-08-17 19:24:37.000,0.39999998,-8.8,3.5,0.0,,,9.478923988723615,0.0,55.0,-0.010543863585070312,25.841654944943237,18.37141996819203,18.37141996819203,0.0
zRYzhAEAHAABAAAKCRtcAAsAtwB1gBAQ,2020-08-17 19:24:42.000,0.6000001,-8.8,3.5,0.0,,,9.489467852308685,0.0,5.0,0.010543863585070312,25.841654944943237,18.37141996819203,18.37141996819203,0.0
zRYzhAEAHAABAAAKCRtcAAsAtwB1gBAQ,2020-08-17 19:25:40.000,0.50000006,-9.0,3.5,0.0,,,9.669539806009384,0.0,58.0,0.18007195370069873,25.841654944943237,18.37141996819203,18.37141996819203,0.0
zRYzhAEAHAABAAAKCRtcAAsAtwB1gBAQ,2020-08-17 19:25:42.000,0.50000006,-9.0,3.5,0.0,,,9.669539806009384,0.0,2.0,0.0,25.841654944943237,18.37141996819203,18.37141996819203,0.0
zRYzhAEAHAABAAAKCRtcAAsAtwB1gBAQ,2020-08-17 19:25:45.000,0.6,-8.8,3.5,0.0,,,9.489467845985885,0.0,3.0,-0.1800719600234988,25.841654944943237,18.37141996819203,18.37141996819203,0.0
zRYzhAEAHAABAAAKCRtcAAsAtwB1gBAQ,2020-08-17 19:26:42.000,0.6000001,-8.6,3.75,0.0,,,9.401196738713642,0.0,57.0,-0.0882711072722433,25.841654944943237,18.37141996819203,18.37141996819203,0.0
zRYzhAEAHAABAAAKCRtcAAsAtwB1gBAQ,2020-08-17 19:26:44.000,0.7,-8.6,3.75,0.0,,,9.408108205160056,0.0,2.0,0.006911466446414494,25.841654944943237,18.37141996819203,18.37141996819203,0.0
zRYzhAEAHAABAAAKCRtcAAsAtwB1gBAQ,2020-08-17 19:27:19.000,0.5000001,-8.6,3.5,0.0,,,9.298386962263939,0.0,35.0,-0.10972124289611784,25.841654944943237,18.37141996819203,18.37141996819203,0.0
zRYzhAEAHAABAAAKCRtcAAsAtwB1gBAQ,2020-08-17 19:28:49.000,0.20000012,-8.6,3.75,0.0,,,9.38416219211923,0.0,90.0,0.08577522985529207,25.841654944943237,18.37141996819203,18.37141996819203,0.0
zRYzhAEAHAABAAAKCRtcAAsAtwB1gBAQ,2020-08-17 19:28:51.000,0.20000012,-8.6,3.75,0.0,,,9.38416219211923,0.0,2.0,0.0,25.841654944943237,18.37141996819203,18.37141996819203,0.0
zRYzhAEAHAABAAAKCRtcAAsAtwB1gBAQ,2020-08-17 19:28:55.000,0.40000004,-8.6,3.75,0.0,,,9.390553765992717,0.0,4.0,0.0063915738734863226,25.841654944943237,18.37141996819203,18.37141996819203,0.0
zRYzhAEAHAABAAAKCRtcAAsAtwB1gBAQ,2020-08-17 19:29:51.000,0.5,-8.6,3.5,0.0,,,9.298386956886661,0.0,56.0,-0.09216680910605568,25.841654944943237,18.37141996819203,18.37141996819203,0.0
zRYzhAEAHAABAAAKCRtcAAsAtwB1gBAQ,2020-08-17 19:30:29.000,0.40000004,-8.8,3.75,0.0,,,9.57405347969187,0.0,38.0,0.2756665228052082,25.841654944943237,18.37141996819203,18.37141996819203,0.0
zRYzhAEAHAABAAAKCRtcAAsAtwB1gBAQ,2020-08-17 19:31:54.000,0.40000018,-8.6,3.5,0.0,,,9.293546155478007,0.0,85.0,-0.28050732421386293,25.841654944943237,18.37141996819203,18.37141996819203,0.0
zRYzhAEAHAABAAAKCRtcAAsAtwB1gBAQ,2020-08-17 19:31:57.000,0.30000007,-8.6,3.5,0.0,,,9.289779332255423,0.0,3.0,-0.003766823222584037,25.841654944943237,18.37141996819203,18.37141996819203,0.0
zRYzhAEAHAABAAAKCRtcAAsAtwB1gBAQ,2020-08-17 19:32:54.000,0.50000006,-8.6,4.0,0.0,,,9.497894506678836,0.0,57.0,0.20811517442341376,25.841654944943237,18.37141996819203,18.37141996819203,0.0
zRYzhAEAHAABAAAKCRtcAAsAtwB1gBAQ,2020-08-17 19:38:14.000,0.4,-8.6,3.5,0.0,,,9.293546147730693,0.0,320.0,-0.20434835894814363,25.841654944943237,18.37141996819203,18.37141996819203,0.0
zRYzhAEAHAABAAAKCRtcAAsAtwB1gBAQ,2020-08-17 19:39:06.000,0.4,-8.6,3.5,0.0,,,9.293546147730693,0.0,52.0,0.0,25.841654944943237,18.37141996819203,18.37141996819203,0.0
zRYzhAEAHAABAAAKCRtcAAsAtwB1gBAQ,2020-08-17 19:40:28.000,0.4,-8.6,3.5,0.0,,,9.293546147730693,0.0,82.0,0.0,25.841654944943237,18.37141996819203,18.37141996819203,0.0
zRYzhAEAHAABAAAKCRtcAAsAtwB1gBAQ,2020-08-17 19:41:29.000,0.5,-8.6,3.75,0.0,,,9.395344591871018,0.0,61.0,0.10179844414032502,25.841654944943237,18.37141996819203,18.37141996819203,0.0
zRYzhAEAHAABAAAKCRtcAAsAtwB1gBAQ,2020-08-17 19:42:29.000,0.4,-8.6,3.75,0.0,,,9.390553764288876,0.0,60.0,-0.004790827582141333,25.841654944943237,18.37141996819203,18.37141996819203,0.0
zRYzhAEAHAABAAAKCRtcAAsAtwB1gBAQ,2020-08-17 19:43:29.000,0.4,-8.6,3.75,0.0,,,9.390553764288876,0.0,60.0,0.0,25.841654944943237,18.37141996819203,18.37141996819203,0.0
zRYzhAEAHAABAAAKCRtcAAsAtwB1gBAQ,2020-08-17 19:45:29.000,0.4,-8.6,3.75,0.0,,,9.390553764288876,0.0,120.0,0.0,25.841654944943237,18.37141996819203,18.37141996819203,0.0
zRYzhAEAHAABAAAKCRtcAAsAtwB1gBAQ,2020-08-17 19:45:44.000,0.19999999,-8.8,4.25,5.0,,,9.774584389936997,5.0,15.0,0.38403062564812096,25.841654944943237,18.37141996819203,13.37141996819203,0.25811220902804366
zRYzhAEAHAABAAAKCRtcAAsAtwB1gBAQ,2020-08-17 19:45:49.000,1.3000001,-8.8,4.0,5.0,,,9.753460937533918,0.0,5.0,-0.021123452403079668,25.841654944943237,18.37141996819203,13.37141996819203,0.25811220902804366
zRYzhAEAHAABAAAKCRtcAAsAtwB1gBAQ,2020-08-17 19:45:54.000,2.5,-7.8000007,4.0,7.0,,,9.115372231565779,2.0,5.0,-0.6380887059681388,25.841654944943237,18.37141996819203,11.37141996819203,0.36135709263926113
zRYzhAEAHAABAAAKCRtcAAsAtwB1gBAQ,2020-08-17 19:45:59.000,1.4000001,-7.2000003,4.0,7.0,13.330171,74.74408,8.354639704978313,0.0,5.0,-0.760732526587466,25.841654944943237,18.37141996819203,11.37141996819203,0.36135709263926113
zRYzhAEAHAABAAAKCRtcAAsAtwB1gBAQ,2020-08-17 19:46:05.000,2.3,-9.000001,2.75,9.0,13.330167,74.744064,9.687750925782568,2.0,6.0,1.3331112208042555,1.7874089785079603,1.0724453871047763,7.927554612895223,4.342695858718417
zRYzhAEAHAABAAAKCRtcAAsAtwB1gBAQ,2020-08-17 19:46:10.000,1.3000001,-6.8,3.75,21.0,13.330346,74.744125,7.873531625642968,12.0,5.0,-1.8142193001395999,20.969663098595742,15.098157430988934,5.901842569011066,1.3044971196253197
zRYzhAEAHAABAAAKCRtcAAsAtwB1gBAQ,2020-08-17 19:46:15.000,1.0999999,-11.800001,4.0,23.0,13.330538,74.74424,12.507998376239142,2.0,5.0,4.634466750596173,24.710791613141012,17.79176996146153,5.2082300385384706,1.2239400571190888
zRYzhAEAHAABAAAKCRtcAAsAtwB1gBAQ,2020-08-17 19:46:20.000,2.1000001,-11.800001,4.0,27.0,13.330774,74.74456,12.635269052141352,4.0,5.0,0.12727067590220997,43.44466162349341,31.280156368915254,4.280156368915254,0.8364271749934931
zRYzhAEAHAABAAAKCRtcAAsAtwB1gBAQ,2020-08-17 19:46:25.000,-3.6000001,-8.2,5.5,30.0,13.330979,74.74482,10.50951952850367,3.0,5.0,-2.1257495236376815,36.20775295913061,26.069582130574037,3.9304178694259626,1.108255009452701
zRYzhAEAHAABAAAKCRtcAAsAtwB1gBAQ,2020-08-17 19:46:29.000,-3.6000001,-8.2,5.5,30.0,13.331141,74.74503,10.50951952850367,0.0,4.0,0.0,28.99595819561962,26.09636237605766,3.903637623942341,1.1071596837850086
zRYzhAEAHAABAAAKCRtcAAsAtwB1gBAQ,2020-08-17 19:46:31.000,-0.3999999,-10.800001,5.5,18.0,13.331284,74.74521,12.126418330240838,-12.0,2.0,1.6168988017371682,25.14244588934248,45.256402600816465,27.256402600816465,0.3891353193921372
zRYzhAEAHAABAAAKCRtcAAsAtwB1gBAQ,2020-08-17 19:46:36.000,0.09999991,-9.0,2.25,3.0,13.331528,74.7455,9.277526609069898,-15.0,5.0,-2.84889172117094,41.481002040631374,29.86632146925459,26.86632146925459,0.09719331158357332
zRYzhAEAHAABAAAKCRtcAAsAtwB1gBAQ,2020-08-17 19:46:41.000,-0.2999999,-8.400002,4.25,1.0,13.331528,74.7455,9.418733117569689,-2.0,5.0,0.14120650849979022,0.0,0.0,1.0,1.0
zRYzhAEAHAABAAAKCRtcAAsAtwB1gBAQ,2020-08-17 19:46:46.000,-8.940697e-08,-8.6,4.25,1.0,13.331528,74.7455,9.592835868501036,0.0,5.0,0.17410275093134686,0.0,0.0,1.0,1.0
zRYzhAEAHAABAAAKCRtcAAsAtwB1gBAQ,2020-08-17 19:46:51.000,0.40000013,-8.6,4.0,1.0,13.331528,74.7455,9.493155434522286,0.0,5.0,-0.09968043397874915,0.0,0.0,1.0,1.0
zRYzhAEAHAABAAAKCRtcAAsAtwB1gBAQ,2020-08-17 19:46:56.000,-0.20000009,-8.600001,3.5,16.0,13.331528,74.7455,9.28708873845841,15.0,5.0,-0.20606669606387662,0.0,0.0,16.0,16.0
zRYzhAEAHAABAAAKCRtcAAsAtwB1gBAQ,2020-08-17 19:47:01.000,0.20000012,-8.600001,5.25,16.0,13.331528,74.7455,10.077823041113643,0.0,5.0,0.7907343026552329,0.0,0.0,16.0,16.0
zRYzhAEAHAABAAAKCRtcAAsAtwB1gBAQ,2020-08-17 19:47:06.000,-0.7000001,-7.8,5.5,31.0,13.331528,74.7455,9.569743995530915,15.0,5.0,-0.5080790455827273,0.0,0.0,31.0,31.0
zRYzhAEAHAABAAAKCRtcAAsAtwB1gBAQ,2020-08-17 19:47:11.000,-3.1999998,-7.8,6.75,33.0,13.331113,74.74501,10.800115680861943,2.0,5.0,1.2303716853310274,70.28710243143213,50.60671375063114,17.606713750631137,0.6394516837374947
zRYzhAEAHAABAAAKCRtcAAsAtwB1gBAQ,2020-08-17 19:47:16.000,2.8999999,-4.6000013,-2.25,33.0,13.330747,74.74452,5.884939369271505,0.0,5.0,-4.915176311590438,66.83648705831877,48.12227068198951,15.122270681989512,0.6717930490965541
zRYzhAEAHAABAAAKCRtcAAsAtwB1gBAQ,2020-08-17 19:47:21.000,-1.0999998,-10.0,2.25,20.0,13.330572,74.74432,10.308855395241512,-13.0,5.0,4.423916025970007,29.10217669243869,20.953567218555857,0.9535672185558575,0.9110136772257841
zRYzhAEAHAABAAAKCRtcAAsAtwB1gBAQ,2020-08-17 19:47:26.000,0.19999981,-8.800001,2.5,1.0,13.330417,74.74414,9.150410784440284,-19.0,5.0,-1.1584446108012276,26.006914784895024,18.72497864512442,17.72497864512442,0.0506971398038587
zRYzhAEAHAABAAAKCRtcAAsAtwB1gBAQ,2020-08-17 19:47:29.000,0.19999981,-8.800001,2.5,1.0,13.330381,74.7441,9.150410784440284,0.0,3.0,0.0,5.895368862136826,7.074442634564192,6.074442634564192,0.12384755769015054
zRYzhAEAHAABAAAKCRtcAAsAtwB1gBAQ,2020-08-17 19:47:31.000,0.7000002,-8.8,3.0,1.0,13.330381,74.7441,9.323625919136829,0.0,2.0,0.17321513469654448,0.0,0.0,1.0,1.0
zRYzhAEAHAABAAAKCRtcAAsAtwB1gBAQ,2020-08-17 19:47:36.000,0.6999998,-8.8,3.25,1.0,13.330381,74.7441,9.407045217282633,0.0,5.0,0.08341929814580418,0.0,0.0,1.0,1.0
zRYzhAEAHAABAAAKCRtcAAsAtwB1gBAQ,2020-08-17 19:48:26.000,0.50000024,-8.600001,3.75,1.0,13.330381,74.7441,9.395345519990261,0.0,50.0,-0.011699697292371525,0.0,0.0,1.0,1.0
zRYzhAEAHAABAAAKCRtcAAsAtwB1gBAQ,2020-08-17 19:48:29.000,0.50000024,-8.600001,3.75,1.0,13.330381,74.7441,9.395345519990261,0.0,3.0,0.0,0.0,0.0,1.0,1.0
zRYzhAEAHAABAAAKCRtcAAsAtwB1gBAQ,2020-08-17 19:48:32.000,0.6999998,-8.600001,3.5,1.0,13.330381,74.7441,9.311284386162901,0.0,3.0,-0.08406113382736002,0.0,0.0,1.0,1.0
zRYzhAEAHAABAAAKCRtcAAsAtwB1gBAQ,2020-08-17 19:49:29.000,0.60000026,-8.6,3.5,1.0,13.330381,74.7441,9.304300097911721,0.0,57.0,-0.0069842882511803595,0.0,0.0,1.0,1.0
zRYzhAEAHAABAAAKCRtcAAsAtwB1gBAQ,2020-08-17 19:49:32.000,0.3999998,-8.6,3.5,1.0,13.330381,74.7441,9.29354613912257,0.0,3.0,-0.01075395878915053,0.0,0.0,1.0,1.0
zRYzhAEAHAABAAAKCRtcAAsAtwB1gBAQ,2020-08-17 19:50:07.000,0.7000002,-8.400002,3.0,5.0,13.330292,74.744,8.947068451733454,4.0,35.0,-0.34647768738911644,14.663148923784025,1.5082096035892139,3.491790396410786,1.993453813766229
zRYzhAEAHAABAAAKCRtcAAsAtwB1gBAQ,2020-08-17 19:50:27.000,0.3000002,-8.8,3.5,5.0,13.330292,74.744,9.47523087423204,0.0,20.0,0.5281624224985855,0.0,0.0,5.0,5.0
zRYzhAEAHAABAAAKCRtcAAsAtwB1gBAQ,2020-08-17 19:50:29.000,0.3000002,-8.8,3.5,5.0,13.330292,74.744,9.47523087423204,0.0,2.0,0.0,0.0,0.0,5.0,5.0
zRYzhAEAHAABAAAKCRtcAAsAtwB1gBAQ,2020-08-17 19:50:32.000,0.59999985,-9.200002,3.5,2.0,13.330205,74.744026,9.861543318365742,-3.0,3.0,0.38631244413370247,10.074692462134042,12.08963095456085,10.08963095456085,0.15279269575611187
zRYzhAEAHAABAAAKCRtcAAsAtwB1gBAQ,2020-08-17 19:50:37.000,-1.6999998,-11.2,3.75,14.0,13.330205,74.744026,11.932832828796355,12.0,5.0,2.0712895104306135,0.0,0.0,14.0,14.0
zRYzhAEAHAABAAAKCRtcAAsAtwB1gBAQ,2020-08-17 19:50:42.000,3.6999998,-9.000002,1.5,9.0,13.330205,74.744026,9.845813045147874,-5.0,5.0,-2.087019783648481,0.0,0.0,9.0,9.0
zRYzhAEAHAABAAAKCRtcAAsAtwB1gBAQ,2020-08-17 19:50:48.000,0.50000024,-9.0,3.0,1.0,13.330205,74.744026,9.500000012631583,-8.0,6.0,-0.3458130325162916,0.0,0.0,1.0,1.0
zRYzhAEAHAABAAAKCRtcAAsAtwB1gBAQ,2020-08-17 19:50:53.000,0.89999974,-9.0,3.25,3.0,13.330205,74.744026,9.61106131142654,2.0,5.0,0.11106129879495796,0.0,0.0,3.0,3.0
zRYzhAEAHAABAAAKCRtcAAsAtwB1gBAQ,2020-08-18 10:21:11.000,0.7,-8.599999,4.0,1.0,13.330148,74.74429,9.510519586226664,-2.0,52218.0,-0.10054172519987681,29.25927813142023,18.37141996819203,17.37141996819203,0.05162244180560873
zRYzhAEAHAABAAAKCRtcAAsAtwB1gBAQ,2020-08-18 10:22:39.000,0.8,-8.2,3.0,0.0,13.330148,74.74417,8.76812408671319,-1.0,88.0,-0.7423954995134743,12.983889417139107,0.5311591125193271,0.5311591125193271,0.0
zRYzhAEAHAABAAAKCRtcAAsAtwB1gBAQ,2020-08-18 10:22:44.000,0.4,-8.400001,3.5,0.0,13.330148,74.74417,9.108787888627168,0.0,5.0,0.34066380191397805,0.0,0.0,0.0,0.0
zRYzhAEAHAABAAAKCRtcAAsAtwB1gBAQ,2020-08-18 10:23:39.000,0.40000004,-8.8,3.75,0.0,13.330148,74.74417,9.57405347969187,0.0,55.0,0.46526559106470167,0.0,0.0,0.0,0.0
zRYzhAEAHAABAAAKCRtcAAsAtwB1gBAQ,2020-08-18 10:23:44.000,0.5,-8.6,3.75,0.0,13.330148,74.74417,9.395344591871018,0.0,5.0,-0.17870888782085181,0.0,0.0,0.0,0.0
zRYzhAEAHAABAAAKCRtcAAsAtwB1gBAQ,2020-08-18 10:24:35.000,0.4,-8.8,3.75,0.0,13.330148,74.74417,9.574053478020687,0.0,51.0,0.1787088861496695,0.0,0.0,0.0,0.0
zRYzhAEAHAABAAAKCRtcAAsAtwB1gBAQ,2020-08-18 10:24:39.000,0.4,-8.8,3.75,0.0,13.330148,74.74417,9.574053478020687,0.0,4.0,0.0,0.0,0.0,0.0,0.0
zRYzhAEAHAABAAAKCRtcAAsAtwB1gBAQ,2020-08-18 10:25:39.000,0.70000005,-8.6,3.5,0.0,13.330148,74.74417,9.311283481346704,0.0,60.0,-0.26276999667398293,0.0,0.0,0.0,0.0
zRYzhAEAHAABAAAKCRtcAAsAtwB1gBAQ,2020-08-18 10:25:42.000,0.2,-8.6,4.0,0.0,13.330148,74.74417,9.486832980505138,0.0,3.0,0.17554949915843387,0.0,0.0,0.0,0.0
zRYzhAEAHAABAAAKCRtcAAsAtwB1gBAQ,2020-08-18 10:26:22.000,1.2,-8.200001,3.75,2.0,13.330148,74.74417,9.09629135417292,2.0,40.0,-0.3905416263322188,0.0,0.0,2.0,2.0
zRYzhAEAHAABAAAKCRtcAAsAtwB1gBAQ,2020-08-18 10:26:27.000,2.4,-9.0,2.75,5.0,13.330148,74.74417,9.711977141653495,3.0,5.0,0.6156857874805759,0.0,0.0,5.0,5.0
zRYzhAEAHAABAAAKCRtcAAsAtwB1gBAQ,2020-08-18 10:26:32.000,1.6,-8.400001,4.0,8.0,13.330148,74.74417,9.440339866763326,3.0,5.0,-0.2716372748901694,0.0,0.0,8.0,8.0
zRYzhAEAHAABAAAKCRtcAAsAtwB1gBAQ,2020-08-18 10:26:37.000,0.40000007,-8.2,4.75,16.0,13.330369,74.74424,9.484856353999252,8.0,5.0,0.04451648723592605,25.714777750118596,18.51463998008539,2.5146399800853914,0.8198972677091626
zRYzhAEAHAABAAAKCRtcAAsAtwB1gBAQ,2020-08-18 10:26:39.000,0.40000007,-8.2,4.75,16.0,13.330369,74.74424,9.484856353999252,0.0,2.0,0.0,0.0,0.0,16.0,16.0
zRYzhAEAHAABAAAKCRtcAAsAtwB1gBAQ,2020-08-18 10:26:42.000,-0.3,-8.6,6.75,21.0,13.330483,74.744354,10.93674997428395,5.0,3.0,1.4518936202846984,17.68702757813637,21.224433093763643,0.2244330937636434,0.9449059920404795
zRYzhAEAHAABAAAKCRtcAAsAtwB1gBAQ,2020-08-18 10:26:47.000,-0.59999996,-9.2,6.0,20.0,13.330767,74.74453,10.99999999781818,-1.0,5.0,0.06325002353423059,36.87671058692382,26.55123162258515,6.551231622585149,0.7259203608017647
zRYzhAEAHAABAAAKCRtcAAsAtwB1gBAQ,2020-08-18 10:26:52.000,1.6,-6.4000006,2.0,27.0,13.330913,74.74464,6.893475732894138,7.0,5.0,-4.106524264924043,20.129879500712086,14.493513240512703,12.506486759487297,1.7426647901523031
zRYzhAEAHAABAAAKCRtcAAsAtwB1gBAQ,2020-08-18 10:26:57.000,3.0,-10.599999,3.75,27.0,13.331212,74.74498,11.63711642976906,0.0,5.0,4.743640696874922,49.58533539056452,35.70144148120646,8.701441481206459,0.735665927830812
zRYzhAEAHAABAAAKCRtcAAsAtwB1gBAQ,2020-08-18 10:27:02.000,-0.90000004,-7.200001,4.0,27.0,13.331341,74.74518,8.285530427920774,0.0,5.0,-3.351586001848286,25.96212170554516,18.692727627992518,8.307272372007482,1.3710645122426033
zRYzhAEAHAABAAAKCRtcAAsAtwB1gBAQ,2020-08-18 10:27:07.000,1.4,-9.599999,4.25,25.0,13.331601,74.745575,10.591623142842696,-2.0,5.0,2.306092714921922,51.59843495672903,37.1508731688449,12.150873168844903,0.6552929965549443
zRYzhAEAHAABAAAKCRtcAAsAtwB1gBAQ,2020-08-18 10:27:12.000,0.09999998,-9.400001,1.5,20.0,13.331685,74.745735,9.51945475308334,-5.0,5.0,-1.0721683897593568,19.670768065385957,14.16295300707789,5.83704699292211,1.3190042856865831
zRYzhAEAHAABAAAKCRtcAAsAtwB1gBAQ,2020-08-18 10:27:17.000,0.49999997,-7.9999995,4.75,10.0,13.331829,74.74606,9.317322145874332,-10.0,5.0,-0.20213260720900728,38.63840152079151,27.81964909496989,17.81964909496989,0.34698548781932864
zRYzhAEAHAABAAAKCRtcAAsAtwB1gBAQ,2020-08-18 10:27:23.000,1.8,-6.4000006,5.5,26.0,13.331829,74.74606,8.628441787484016,16.0,6.0,-0.6888803583903158,0.0,0.0,26.0,26.0
zRYzhAEAHAABAAAKCRtcAAsAtwB1gBAQ,2020-08-18 10:27:28.000,-1.2,-11.0,6.5,32.0,13.332246,74.745605,12.833160171991933,6.0,5.0,4.204718384507917,67.62861817512758,48.692605086091866,16.692605086091866,0.6439589943928351
zRYzhAEAHAABAAAKCRtcAAsAtwB1gBAQ,2020-08-18 10:27:33.000,0.29999992,-9.000001,3.75,39.0,13.332421,74.7454,9.754615212913372,7.0,5.0,-3.0785449590785614,29.506550672860488,21.244716484459552,17.755283515540448,1.7532253120531298
zRYzhAEAHAABAAAKCRtcAAsAtwB1gBAQ,2020-08-18 10:27:38.000,1.0,-8.6,3.5,41.0,13.332832,74.744865,9.338629449764028,2.0,5.0,-0.41598576314934377,73.75209076390982,53.101505350015074,12.101505350015074,0.7578347355539632
zRYzhAEAHAABAAAKCRtcAAsAtwB1gBAQ,2020-08-18 10:27:39.000,1.0,-8.6,3.5,41.0,13.332832,74.744865,9.338629449764028,0.0,1.0,0.0,0.0,0.0,41.0,41.0
zRYzhAEAHAABAAAKCRtcAAsAtwB1gBAQ,2020-08-18 10:27:52.000,2.6,-7.600001,1.5,38.0,13.333918,74.743675,8.171292137722222,-3.0,13.0,-1.1673373120418056,176.52285237278483,48.88325142630964,10.883251426309641,0.7617787316076569
zRYzhAEAHAABAAAKCRtcAAsAtwB1gBAQ,2020-08-18 10:27:57.000,1.5,-9.400001,3.0,40.0,13.334291,74.74319,9.980481892173392,2.0,5.0,1.80918975445117,66.88746382720755,48.15897395558944,8.158973955589438,0.8136866330069517
zRYzhAEAHAABAAAKCRtcAAsAtwB1gBAQ,2020-08-18 10:28:05.000,2.1999998,-8.400001,2.5,42.0,13.334597,74.74281,9.03603983612296,2.0,8.0,-0.9444420560504323,53.36835462591014,24.015759581659566,17.984240418340434,1.6789416232954413
zRYzhAEAHAABAAAKCRtcAAsAtwB1gBAQ,2020-08-18 10:28:10.000,2.6,-6.8000007,3.75,42.0,13.334906,74.74232,8.18917025833512,0.0,5.0,-0.8468695777878406,63.17681733322857,45.48730847992457,3.4873084799245717,0.9034723965173762
zRYzhAEAHAABAAAKCRtcAAsAtwB1gBAQ,2020-08-18 10:28:15.000,1.2999998,-9.6,4.0,39.0,13.335149,74.74196,10.48093504798117,-3.0,5.0,2.2917647896460505,47.40539482450547,34.13188427364394,4.868115726356059,1.1101027117198474
zRYzhAEAHAABAAAKCRtcAAsAtwB1gBAQ,2020-08-18 10:28:20.000,0.39999986,-10.400001,5.25,39.0,13.335522,74.74146,11.65686581753436,0.0,5.0,1.1759307695531902,68.16794607665898,49.08092117519447,10.080921175194469,0.7787396694156068
zRYzhAEAHAABAAAKCRtcAAsAtwB1gBAQ,2020-08-18 10:28:25.000,0.19999981,-9.400001,4.75,44.0,13.335796,74.7411,10.533874820027103,5.0,5.0,-1.122990997507257,49.45125230718542,35.60490166117351,8.395098338826493,1.2020248109741654
zRYzhAEAHAABAAAKCRtcAAsAtwB1gBAQ,2020-08-18 10:28:30.000,1.9999999,-4.4000006,4.75,44.0,13.336189,74.74053,6.776614558907743,0.0,5.0,-3.7572602611193604,75.58497973414089,54.421185408581444,10.421185408581444,0.7939202251922063
zRYzhAEAHAABAAAKCRtcAAsAtwB1gBAQ,2020-08-18 10:28:35.000,-0.2000002,-12.400001,7.0,33.0,13.336399,74.74023,14.240787368681586,-11.0,5.0,7.464172809773843,39.985575245276515,28.78961417659909,4.210385823400909,1.1077686271587497
zRYzhAEAHAABAAAKCRtcAAsAtwB1gBAQ,2020-08-18 10:28:39.000,-0.2000002,-12.400001,7.0,33.0,13.336539,74.740036,14.240787368681586,0.0,4.0,0.0,26.132807896270144,23.51952710664313,9.480472893356868,1.3458660869140187
zRYzhAEAHAABAAAKCRtcAAsAtwB1gBAQ,2020-08-18 10:28:41.000,-2.2000003,-12.000001,5.0,33.0,13.336724,74.7398,13.184840739273307,0.0,2.0,-1.0559466294082789,32.789768639074026,59.02158355033325,26.021583550333247,0.5498022219344925
zRYzhAEAHAABAAAKCRtcAAsAtwB1gBAQ,2020-08-18 10:28:46.000,3.8999999,-5.8000007,1.75,34.0,13.336769,74.739586,7.205033472510763,1.0,5.0,-5.979807266762544,23.688480214023336,17.055705754096802,16.944294245903198,1.8830612584770037
zRYzhAEAHAABAAAKCRtcAAsAtwB1gBAQ,2020-08-18 10:28:51.000,0.89999974,-9.400001,4.25,35.0,13.33679,74.739136,10.355313531322992,1.0,5.0,3.1502800588122284,48.74421319764196,35.09583350230221,0.09583350230221299,0.9696409974233641
zRYzhAEAHAABAAAKCRtcAAsAtwB1gBAQ,2020-08-18 10:28:56.000,5.4,-2.6000006,-1.0,33.0,13.336758,74.73873,6.076183269125477,-2.0,5.0,-4.279130262197515,44.071498904047864,31.731479210914465,1.2685207890855352,1.0082037474492138
zRYzhAEAHAABAAAKCRtcAAsAtwB1gBAQ,2020-08-18 10:29:01.000,4.2,-8.000001,0.5,30.0,13.336715,74.73825,9.049310249958335,-3.0,5.0,2.973126980832858,52.153779766975376,37.55072143222227,7.550721432222268,0.7781955534280812
zRYzhAEAHAABAAAKCRtcAAsAtwB1gBAQ,2020-08-18 10:29:06.000,2.8,-10.6,0.25,27.0,13.336746,74.73781,10.966426035860543,-3.0,5.0,1.917115785902208,47.730930603596946,34.3662700345898,7.366270034589803,0.7634392875921827
zRYzhAEAHAABAAAKCRtcAAsAtwB1gBAQ,2020-08-18 10:29:12.000,-0.100000255,-8.800001,5.5,28.0,13.336792,74.73763,10.37786190171179,1.0,6.0,-0.5885641341487524,20.135794544716845,12.081476726830108,15.918523273169892,2.1404311290461573
zRYzhAEAHAABAAAKCRtcAAsAtwB1gBAQ,2020-08-18 10:29:17.000,3.7,-8.0,2.0,16.0,13.336992,74.737144,9.038252043398657,-12.0,5.0,-1.3396098583131337,57.09268211139722,41.10673112020599,25.106731120205993,0.37998675210201704
zRYzhAEAHAABAAAKCRtcAAsAtwB1gBAQ,2020-08-18 10:29:27.000,0.7999998,-9.4,3.25,6.0,13.337015,74.73673,9.97810100570244,-10.0,10.0,0.9398489623037829,44.86609908718198,16.151795671385514,10.151795671385514,0.3498176001484119
zRYzhAEAHAABAAAKCRtcAAsAtwB1gBAQ,2020-08-18 10:29:32.000,-0.5,-11.200001,4.0,15.0,13.337015,74.73673,11.90336181084995,9.0,5.0,1.9252608051475093,0.0,0.0,15.0,15.0
zRYzhAEAHAABAAAKCRtcAAsAtwB1gBAQ,2020-08-18 10:29:37.000,0.5999998,-10.2,3.5,31.0,13.33659,74.736626,10.800462941929851,16.0,5.0,-1.1028988689200983,48.5790096949442,34.97688698035982,3.976886980359822,0.8616643240123372
zRYzhAEAHAABAAAKCRtcAAsAtwB1gBAQ,2020-08-18 10:29:39.000,0.5999998,-10.2,3.5,31.0,13.33659,74.736626,10.800462941929851,0.0,2.0,0.0,0.0,0.0,31.0,31.0
zRYzhAEAHAABAAAKCRtcAAsAtwB1gBAQ,2020-08-18 10:29:42.000,1.1,-6.8000007,5.0,38.0,13.336233,74.7366,8.511757134693195,7.0,3.0,-2.2887058072366564,39.796139419234855,47.755367303081826,9.755367303081826,0.7794013685463101
zRYzhAEAHAABAAAKCRtcAAsAtwB1gBAQ,2020-08-18 10:29:47.000,0.6999998,-9.4,5.0,39.0,13.335656,74.7366,10.67005153314641,1.0,5.0,2.158294398453215,64.159472673845,46.1948203251684,7.194820325168401,0.8263618704614878
zRYzhAEAHAABAAAKCRtcAAsAtwB1gBAQ,2020-08-18 10:29:52.000,-0.099999994,-10.200001,4.25,47.0,13.335335,74.7366,11.050453402408474,8.0,5.0,0.3804018692620641,35.6935714529249,25.69937144610593,21.30062855389407,1.7603410662633743
zRYzhAEAHAABAAAKCRtcAAsAtwB1gBAQ,2020-08-18 10:29:57.000,0.3999998,-10.200001,3.25,53.0,13.334436,74.73663,10.712727021631842,6.0,5.0,-0.33772638077663153,100.01692363372511,72.01218501628207,19.012185016282075,0.7259062304214117
zRYzhAEAHAABAAAKCRtcAAsAtwB1gBAQ,2020-08-18 10:30:02.000,1.8000001,-9.2,2.5,56.0,13.334024,74.73668,9.702061655132892,3.0,5.0,-1.0106653664989498,46.130622587830686,33.2140482632381,22.785951736761902,1.636754574294858
zRYzhAEAHAABAAAKCRtcAAsAtwB1gBAQ,2020-08-18 10:30:07.000,2.2999997,-5.4000006,1.75,58.0,13.333023,74.736755,6.124745308990445,2.0,5.0,-3.5773163461424478,111.60153656523153,80.35310632696671,22.35310632696671,0.7129414304954981
zRYzhAEAHAABAAAKCRtcAAsAtwB1gBAQ,2020-08-18 10:30:12.000,0.30000004,-5.4000006,3.25,60.0,13.33258,74.73683,6.3097152474577145,2.0,5.0,0.18496993846726983,49.92328581881683,35.94476578954812,24.05523421045188,1.6240460243213757
zRYzhAEAHAABAAAKCRtcAAsAtwB1gBAQ,2020-08-18 10:30:17.000,0.4999997,-7.7999997,2.5,63.0,13.331546,74.73729,8.206094992138476,3.0,5.0,1.896379744680762,125.28586752030274,90.20582461461798,27.20582461461798,0.6907453582729046
zRYzhAEAHAABAAAKCRtcAAsAtwB1gBAQ,2020-08-18 10:30:27.000,3.7252903e-08,-9.8,4.5,64.0,13.330026,74.73795,10.783784122468328,1.0,10.0,2.5776891303298513,183.4831483937065,66.05393342173434,2.0539334217343423,0.9544555663494535
zRYzhAEAHAABAAAKCRtcAAsAtwB1gBAQ,2020-08-18 10:30:32.000,0.7999997,-9.400001,4.5,64.0,13.329568,74.738144,10.452273356547899,0.0,5.0,-0.33151076592042905,55.08352694138116,39.66013939779444,24.33986060220556,1.5740231329229433
zRYzhAEAHAABAAAKCRtcAAsAtwB1gBAQ,2020-08-18 10:30:37.000,1.0,-9.0,4.25,65.0,13.328455,74.73849,10.003124511871277,1.0,5.0,-0.4491488446766212,129.29833447633433,93.09480082296072,28.09480082296072,0.6907926838837508
zRYzhAEAHAABAAAKCRtcAAsAtwB1gBAQ,2020-08-18 10:30:39.000,1.0,-9.0,4.25,65.0,13.328455,74.73849,10.003124511871277,0.0,2.0,0.0,0.0,0.0,65.0,65.0
zRYzhAEAHAABAAAKCRtcAAsAtwB1gBAQ,2020-08-18 10:30:42.000,-0.5000003,-9.0,4.25,60.0,13.327819,74.738686,9.965565729049208,-5.0,3.0,-0.03755878282206915,73.83129269458847,88.59755123350617,28.597551233506167,0.6696611589710749
zRYzhAEAHAABAAAKCRtcAAsAtwB1gBAQ,2020-08-18 10:30:47.000,1.1,-8.6,3.0,52.0,13.326862,74.73901,9.174420962654809,-8.0,5.0,-0.7911447663943996,112.03940977671508,80.66837503923486,28.66837503923486,0.6367213744000456
zRYzhAEAHAABAAAKCRtcAAsAtwB1gBAQ,2020-08-18 10:30:52.000,0.5999997,-9.6,4.0,56.0,13.326491,74.73914,10.417293297205378,4.0,5.0,1.2428723345505688,43.58544360467443,31.38151939536559,24.61848060463441,1.7293814819577202
zRYzhAEAHAABAAAKCRtcAAsAtwB1gBAQ,2020-08-18 10:30:57.000,1.0,-9.6,2.75,60.0,13.325553,74.7395,10.036059983878136,4.0,5.0,-0.3812333133272414,111.3370993984273,80.16271156686766,20.162711566867657,0.7392557350744461
zRYzhAEAHAABAAAKCRtcAAsAtwB1gBAQ,2020-08-18 10:31:02.000,-0.60000026,-10.0,3.5,61.0,13.325122,74.73962,10.61178591529249,1.0,5.0,0.5757259314143539,49.65274411844538,35.749975765280674,25.250024234719326,1.659865040173153
zRYzhAEAHAABAAAKCRtcAAsAtwB1gBAQ,2020-08-18 10:31:07.000,2.9,-9.0,0.25,62.0,13.324052,74.73974,9.458990432387592,1.0,5.0,-1.1527954829048976,119.68495985387571,86.17317109479052,24.17317109479052,0.7112279984925904
zRYzhAEAHAABAAAKCRtcAAsAtwB1gBAQ,2020-08-18 10:31:12.000,1.8999997,-7.4,2.25,64.0,13.323572,74.73975,7.964452200873585,2.0,5.0,-1.4945382315140074,53.38453131490972,38.436862546735,25.563137453265,1.6228471502811928
zRYzhAEAHAABAAAKCRtcAAsAtwB1gBAQ,2020-08-18 10:31:23.000,0.2999997,-5.0,3.75,63.0,13.32195,74.73958,6.257195843187273,-1.0,11.0,-1.7072563576863118,181.2937505586983,59.33250018284671,3.667499817153292,1.044213314698861
zRYzhAEAHAABAAAKCRtcAAsAtwB1gBAQ,2020-08-18 10:31:28.000,0.5000001,-9.2,3.75,63.0,13.320838,74.739456,9.947487124897423,0.0,5.0,3.6902912817101496,124.3745791799286,89.5496970095486,26.549697009548595,0.6957505334706593
zRYzhAEAHAABAAAKCRtcAAsAtwB1gBAQ,2020-08-18 10:31:33.000,-0.10000029,-10.4,4.75,61.0,13.320366,74.73941,11.433831381387435,-2.0,5.0,1.4863442564900122,52.71949234801219,37.95803449056878,23.041965509431222,1.5657874119590733
zRYzhAEAHAABAAAKCRtcAAsAtwB1gBAQ,2020-08-18 10:31:38.000,1.3000002,-11.2,3.75,43.0,13.319748,74.73935,11.882445056468807,-18.0,5.0,0.44861367508137207,69.02446123295648,49.69761208772867,6.697612087728672,0.8481661804029647
zRYzhAEAHAABAAAKCRtcAAsAtwB1gBAQ,2020-08-18 10:31:55.000,0.40000018,-8.4,1.75,17.0,13.317308,74.739174,8.589674041778304,-26.0,17.0,-3.292771014690503,271.9831581788403,57.596433496695596,40.596433496695596,0.2901200463157655
zRYzhAEAHAABAAAKCRtcAAsAtwB1gBAQ,2020-08-18 10:32:43.000,3.8000002,-10.799999,3.0,35.0,13.320219,74.74097,11.835538852118269,18.0,48.0,3.245864810339965,377.54492765171887,28.315869573878913,6.6841304261210865,1.1938926086363058
zRYzhAEAHAABAAAKCRtcAAsAtwB1gBAQ,2020-08-18 10:32:49.000,0.9999997,-4.599999,2.5,40.0,13.320851,74.740906,5.330102269187815,5.0,6.0,-6.505436582930454,70.61556974634624,42.369341847807746,2.369341847807746,0.9223105146573014
zRYzhAEAHAABAAAKCRtcAAsAtwB1gBAQ,2020-08-18 10:32:54.000,1.1000001,-10.599999,2.5,41.0,13.321496,74.740814,10.946231270167875,1.0,5.0,5.6161290009800595,72.40827662668491,52.133959171213135,11.133959171213135,0.7716345749407837
zRYzhAEAHAABAAAKCRtcAAsAtwB1gBAQ,2020-08-18 10:32:59.000,-2.6000004,-9.999999,11.5,41.0,13.321771,74.74077,15.4599476739089,0.0,5.0,4.513716403741025,30.94701115475929,22.28184803142669,18.71815196857331,1.7610285895113094
zRYzhAEAHAABAAAKCRtcAAsAtwB1gBAQ,2020-08-18 10:33:04.000,2.0000002,-9.2,2.0,43.0,13.322467,74.74078,9.624967573971354,2.0,5.0,-5.834980099937546,77.39923257888168,55.727447456794806,12.727447456794806,0.758010485713287
zRYzhAEAHAABAAAKCRtcAAsAtwB1gBAQ,2020-08-18 10:33:09.000,-5.3,-11.799999,12.0,43.0,13.322841,74.74083,17.644545230750524,0.0,5.0,8.01957765677917,41.93733277204935,30.194879595875534,12.805120404124466,1.3784313501785497
zRYzhAEAHAABAAAKCRtcAAsAtwB1gBAQ,2020-08-18 10:33:14.000,-6.5,-8.599999,18.75,43.0,13.323525,74.74089,21.62804852038207,0.0,5.0,3.983503289631546,76.33390592292508,54.96041226450606,11.960412264506061,0.7684003433847745
zRYzhAEAHAABAAAKCRtcAAsAtwB1gBAQ,2020-08-18 10:33:19.000,-3.8000002,-15.199999,3.5,45.0,13.32397,74.740875,16.05397057179317,2.0,5.0,-5.574077948588901,49.50835333757272,35.64601440305236,9.353985596947638,1.2279643702877496
zRYzhAEAHAABAAAKCRtcAAsAtwB1gBAQ,2020-08-18 10:33:24.000,2.0000002,-7.799999,-7.0,33.0,13.324806,74.740746,10.669582241118958,-12.0,5.0,-5.384388330674211,94.00103265180664,67.68074350930078,34.68074350930078,0.48048402381565836
zRYzhAEAHAABAAAKCRtcAAsAtwB1gBAQ,2020-08-18 10:33:29.000,1.0999999,-5.5999985,1.5,18.0,13.324993,74.74071,5.900845954607039,-15.0,5.0,-4.768736286511919,21.155155384267847,15.23171187667285,2.7682881233271495,1.1089403346216622
zRYzhAEAHAABAAAKCRtcAAsAtwB1gBAQ,2020-08-18 10:33:34.000,0.9000002,-5.5999985,0.5,32.0,13.325032,74.740364,5.693854894533429,14.0,5.0,-0.20699106007361046,37.68800483012635,27.135363477690976,4.8646365223090235,1.1373586847517845
zRYzhAEAHAABAAAKCRtcAAsAtwB1gBAQ,2020-08-18 10:33:39.000,1.6999999,-9.599999,0.5,14.0,13.325017,74.740135,9.762170888690743,-18.0,5.0,4.068315994157315,24.834188061358468,17.880615404178098,3.880615404178098,0.741501254079988
zRYzhAEAHAABAAAKCRtcAAsAtwB1gBAQ,2020-08-18 10:33:43.000,1.6999999,-9.599999,0.5,14.0,13.325001,74.73996,9.762170888690743,0.0,4.0,0.0,19.01863869789647,17.116774828106823,3.1167748281068235,0.7727644756217892
zRYzhAEAHAABAAAKCRtcAAsAtwB1gBAQ,2020-08-18 10:33:45.000,0.50000024,-7.3999987,3.75,1.0,13.325001,74.73996,8.310985561291858,-13.0,2.0,-1.4511853273988855,0.0,0.0,1.0,1.0
zRYzhAEAHAABAAAKCRtcAAsAtwB1gBAQ,2020-08-18 10:33:57.000,-9.685755e-08,-6.5999985,4.5,33.0,13.325319,74.739914,7.988114934075639,32.0,12.0,-0.3228706272162185,35.70856727992789,10.712570183978368,22.287429816021632,2.817485785070532
zRYzhAEAHAABAAAKCRtcAAsAtwB1gBAQ,2020-08-18 10:34:02.000,2.3000002,-6.5999985,2.75,41.0,13.325695,74.739914,7.51082426368786,8.0,5.0,-0.47729067038777906,41.809292418331395,30.1026905411986,10.897309458801399,1.3182139321899315
zRYzhAEAHAABAAAKCRtcAAsAtwB1gBAQ,2020-08-18 10:34:07.000,2.1,-8.599999,-2.0,42.0,13.326339,74.73991,9.075791028885636,1.0,5.0,1.5649667651977754,71.61084066714734,51.55980528034608,9.559805280346083,0.7990897183880026
zRYzhAEAHAABAAAKCRtcAAsAtwB1gBAQ,2020-08-18 10:34:13.000,2.2000003,-9.599998,3.25,44.0,13.326794,74.73994,10.371232468709014,2.0,6.0,1.295441439823378,50.697714747918695,30.41862884875122,13.581371151248781,1.4004430368942993
zRYzhAEAHAABAAAKCRtcAAsAtwB1gBAQ,2020-08-18 10:34:18.000,0.7999999,-7.799999,0.0,43.0,13.327449,74.739944,7.840917308580738,-1.0,5.0,-2.530315160128276,72.83396288371925,52.440453276277864,9.440453276277864,0.8046338936853223
zRYzhAEAHAABAAAKCRtcAAsAtwB1gBAQ,2020-08-18 10:34:23.000,2.8000002,-8.599998,2.75,28.0,13.327836,74.73997,9.453172309865298,-15.0,5.0,1.6122550012845602,43.12429389733102,31.049491606078337,3.0494916060783375,0.8736488036736805
zRYzhAEAHAABAAAKCRtcAAsAtwB1gBAQ,2020-08-18 10:34:28.000,0.69999987,-8.199999,5.5,31.0,13.32815,74.7402,9.898483894920526,3.0,5.0,0.4453115850552276,42.87639399299802,30.871003674958573,0.12899632504142744,0.9726709681363775
zRYzhAEAHAABAAAKCRtcAAsAtwB1gBAQ,2020-08-18 10:34:33.000,2.1000001,-8.199999,5.5,38.0,13.328359,74.740425,10.09455219511995,7.0,5.0,0.19606830019942478,33.6565552383034,24.23271977157845,13.767280228421551,1.5059811365559697
zRYzhAEAHAABAAAKCRtcAAsAtwB1gBAQ,2020-08-18 10:34:38.000,2.1999998,-9.599998,3.0,42.0,13.32879,74.740814,10.295628233381585,4.0,5.0,0.20107603826163434,63.78362681400279,45.92421130608201,3.9242113060820074,0.8950603287935547
zRYzhAEAHAABAAAKCRtcAAsAtwB1gBAQ,2020-08-18 10:34:43.000,0.60000014,-10.799999,5.75,42.0,13.329097,74.74112,12.2499991252245,0.0,5.0,1.954370891842915,47.555603104406025,34.24003423517234,7.759965764827662,1.1918263109427027
zRYzhAEAHAABAAAKCRtcAAsAtwB1gBAQ,2020-08-18 10:34:48.000,0.6999998,-8.399999,2.75,45.0,13.32955,74.74164,8.86636807943371,3.0,5.0,-3.383631045790789,75.5173715248757,54.372507497910505,9.372507497910505,0.812677663219389
zRYzhAEAHAABAAAKCRtcAAsAtwB1gBAQ,2020-08-18 10:34:53.000,-2.1999998,-3.199999,7.25,47.0,13.32987,74.742004,8.224505621616478,2.0,5.0,-0.6418624578172327,53.07774662900011,38.21597757288008,8.784022427119922,1.198491097478161
zRYzhAEAHAABAAAKCRtcAAsAtwB1gBAQ,2020-08-18 10:34:58.000,-0.8000002,-3.199999,3.75,46.0,13.330401,74.742615,4.994246081241997,-1.0,5.0,-3.2302595403744814,88.63824368300338,63.81953545176244,17.81953545176244,0.7096625990822225
zRYzhAEAHAABAAAKCRtcAAsAtwB1gBAQ,2020-08-18 10:35:03.000,5.6000004,-8.599998,-2.75,30.0,13.330664,74.74298,10.6246162321283,-16.0,5.0,5.6303701508863035,49.14155673266367,35.38192084751785,5.381920847517847,0.824585379252914
zRYzhAEAHAABAAAKCRtcAAsAtwB1gBAQ,2020-08-18 10:35:08.000,2.1999998,-10.999999,3.0,33.0,13.330634,74.7434,11.612061708413414,3.0,5.0,0.9874454762851137,45.56579069296507,32.807369298934844,0.19263070106515556,0.9761185411442149
zRYzhAEAHAABAAAKCRtcAAsAtwB1gBAQ,2020-08-18 10:35:13.000,0.2000003,-9.599998,3.75,22.0,13.33042,74.74367,10.30836852853079,-11.0,5.0,-1.3036931798826235,37.67859607511609,27.128589174083586,5.1285891740835865,0.7821224116092466
zRYzhAEAHAABAAAKCRtcAAsAtwB1gBAQ,2020-08-18 10:35:18.000,0.09999978,-9.399999,2.25,15.0,13.330172,74.74391,9.666047856078565,-7.0,5.0,-0.6423206724522252,37.87848122042974,27.272506478709417,12.272506478709417,0.530550767095791
zRYzhAEAHAABAAAKCRtcAAsAtwB1gBAQ,2020-08-18 10:35:23.000,2.9802322e-07,-9.399999,3.5,12.0,13.330165,74.74403,10.03045269167853,-3.0,5.0,0.3644048355999647,13.007198278125617,9.365182760250445,2.6348172397495553,1.15772198885088
zRYzhAEAHAABAAAKCRtcAAsAtwB1gBAQ,2020-08-18 10:35:28.000,-0.20000023,-9.399999,4.75,9.0,13.33021,74.74414,10.533873043282847,-3.0,5.0,0.5034203516043174,12.910959530011704,9.295890861608427,0.29589086160842726,0.8741351400255633
zRYzhAEAHAABAAAKCRtcAAsAtwB1gBAQ,2020-08-18 10:35:33.000,0.4000003,-8.399999,3.75,1.0,13.33021,74.74414,9.207740409025499,-8.0,5.0,-1.3261326342573483,0.0,0.0,1.0,1.0
zRYzhAEAHAABAAAKCRtcAAsAtwB1gBAQ,2020-08-18 10:35:38.000,0.4999998,-8.399999,3.75,1.0,13.33021,74.74414,9.212626281359785,0.0,5.0,0.00488587233428639,0.0,0.0,1.0,1.0
zRYzhAEAHAABAAAKCRtcAAsAtwB1gBAQ,2020-08-18 10:35:44.000,0.4999998,-8.599998,3.75,1.0,13.33021,74.74414,9.395342750533587,0.0,6.0,0.18271646917380124,0.0,0.0,1.0,1.0
zRYzhAEAHAABAAAKCRtcAAsAtwB1gBAQ,2020-08-18 10:35:48.000,0.5000003,-8.599998,3.75,1.0,13.33021,74.74414,9.395342777142519,0.0,4.0,2.6608931946725534e-08,0.0,0.0,1.0,1.0
zRYzhAEAHAABAAAKCRtcAAsAtwB1gBAQ,2020-08-18 10:50:12.000,0.4,-8.2,3.75,0.0,13.33017,74.744194,9.02565787075934,-1.0,864.0,-0.3696849063831795,7.343065926630728,18.37141996819203,18.37141996819203,0.0
zRYzhAEAHAABAAAKCRtcAAsAtwB1gBAQ,2020-08-18 10:50:17.000,0.2,-8.6,4.0,0.0,13.33017,74.744194,9.486832980505138,0.0,5.0,0.461175109745799,0.0,0.0,0.0,0.0
zRYzhAEAHAABAAAKCRtcAAsAtwB1gBAQ,2020-08-18 10:51:13.000,0.3,-8.6,3.75,0.0,13.33017,74.744194,9.3868258745968,0.0,56.0,-0.10000710590833783,0.0,0.0,0.0,0.0
zRYzhAEAHAABAAAKCRtcAAsAtwB1gBAQ,2020-08-18 10:51:15.000,0.8,-8.6,3.5,0.0,13.33017,74.744194,9.31933474020544,0.0,2.0,-0.06749113439136067,0.0,0.0,0.0,0.0
zRYzhAEAHAABAAAKCRtcAAsAtwB1gBAQ,2020-08-18 10:52:08.000,0.49999997,-8.799999,3.5,0.0,13.33017,74.744194,9.483669246130477,0.0,53.0,0.16433450592503718,0.0,0.0,0.0,0.0
zRYzhAEAHAABAAAKCRtcAAsAtwB1gBAQ,2020-08-18 10:52:13.000,0.49999997,-8.799999,3.5,0.0,13.33017,74.744194,9.483669246130477,0.0,5.0,0.0,0.0,0.0,0.0,0.0
zRYzhAEAHAABAAAKCRtcAAsAtwB1gBAQ,2020-08-18 10:52:15.000,0.7,-8.799999,3.5,0.0,13.33017,74.744194,9.496314148131422,0.0,2.0,0.012644902000944924,0.0,0.0,0.0,0.0
zRYzhAEAHAABAAAKCRtcAAsAtwB1gBAQ,2020-08-18 10:53:10.000,0.40000007,-8.8,3.75,0.0,13.33017,74.744194,9.574053480945258,0.0,55.0,0.07773933281383627,0.0,0.0,0.0,0.0
zRYzhAEAHAABAAAKCRtcAAsAtwB1gBAQ,2020-08-18 10:53:13.000,0.40000007,-8.8,3.75,0.0,13.33017,74.744194,9.574053480945258,0.0,3.0,0.0,0.0,0.0,0.0,0.0
zRYzhAEAHAABAAAKCRtcAAsAtwB1gBAQ,2020-08-18 10:54:11.000,0.40000007,-8.8,3.5,0.0,13.33017,74.744194,9.478923992521514,0.0,58.0,-0.09512948842374414,0.0,0.0,0.0,0.0
zRYzhAEAHAABAAAKCRtcAAsAtwB1gBAQ,2020-08-18 10:54:13.000,0.40000007,-8.8,3.5,0.0,13.33017,74.744194,9.478923992521514,0.0,2.0,0.0,0.0,0.0,0.0,0.0
zRYzhAEAHAABAAAKCRtcAAsAtwB1gBAQ,2020-08-18 10:54:16.000,0.5999999,-8.8,3.5,0.0,13.33017,74.744194,9.489467839663087,0.0,3.0,0.010543847141573082,0.0,0.0,0.0,0.0
zRYzhAEAHAABAAAKCRtcAAsAtwB1gBAQ,2020-08-18 10:54:26.000,0.50000006,-8.799999,3.25,2.0,13.33017,74.744194,9.3942792411127,2.0,10.0,-0.09518859855038642,0.0,0.0,2.0,2.0
zRYzhAEAHAABAAAKCRtcAAsAtwB1gBAQ,2020-08-18 10:54:36.000,0.39999992,-8.6,3.75,2.0,13.33017,74.744194,9.390553760881197,0.0,10.0,-0.003725480231503653,0.0,0.0,2.0,2.0
zRYzhAEAHAABAAAKCRtcAAsAtwB1gBAQ,2020-08-18 10:55:11.000,0.4999999,-8.400001,4.0,1.0,13.33017,74.744194,9.317189313306937,-1.0,35.0,-0.07336444757426008,0.0,0.0,1.0,1.0
zRYzhAEAHAABAAAKCRtcAAsAtwB1gBAQ,2020-08-18 10:55:14.000,0.4999999,-8.400001,4.0,1.0,13.33017,74.744194,9.317189313306937,0.0,3.0,0.0,0.0,0.0,1.0,1.0
zRYzhAEAHAABAAAKCRtcAAsAtwB1gBAQ,2020-08-18 10:56:14.000,0.6999999,-9.0,3.5,1.0,13.33017,74.744194,9.681941946737751,0.0,60.0,0.36475263343081465,0.0,0.0,1.0,1.0
zRYzhAEAHAABAAAKCRtcAAsAtwB1gBAQ,2020-08-18 10:56:17.000,0.2000001,-9.0,4.25,1.0,13.33017,74.744194,9.95502385933856,0.0,3.0,0.2730819126008086,0.0,0.0,1.0,1.0
zRYzhAEAHAABAAAKCRtcAAsAtwB1gBAQ,2020-08-18 10:56:27.000,0.5999999,-8.6,3.75,6.0,13.33017,74.744194,9.401196725949308,5.0,10.0,-0.5538271333892517,0.0,0.0,6.0,6.0
zRYzhAEAHAABAAAKCRtcAAsAtwB1gBAQ,2020-08-18 10:56:32.000,-0.39999992,-10.199999,3.75,6.0,13.33017,74.744194,10.874855380003957,0.0,5.0,1.473658654054649,0.0,0.0,6.0,6.0
zRYzhAEAHAABAAAKCRtcAAsAtwB1gBAQ,2020-08-18 10:56:42.000,1.4000001,-9.199999,4.75,9.0,13.330119,74.74393,10.448085081966026,3.0,10.0,-0.42677029803793154,29.12204489127171,10.483936160857816,1.4839361608578159,0.7837034161401788
zRYzhAEAHAABAAAKCRtcAAsAtwB1gBAQ,2020-08-18 10:56:47.000,0.09999989,-10.2,4.75,19.0,13.330024,74.743774,11.252222001809242,10.0,5.0,0.8041369198432164,19.912072545602364,14.336692232833702,4.663307767166298,1.238859051974954
zRYzhAEAHAABAAAKCRtcAAsAtwB1gBAQ,2020-08-18 10:56:52.000,0.8000001,-8.799999,5.0,25.0,13.329923,74.743614,10.152831258324007,6.0,5.0,-1.0993907434852357,20.635624905108333,14.857649931678,10.142350068322,1.5765261629378513
zRYzhAEAHAABAAAKCRtcAAsAtwB1gBAQ,2020-08-18 10:56:57.000,1.5999999,-2.9999998,-2.25,30.0,13.329559,74.743225,4.077069839970864,5.0,5.0,-6.075761418353142,58.393055200614114,42.04299974444216,12.042999744442163,0.6969774453016297
zRYzhAEAHAABAAAKCRtcAAsAtwB1gBAQ,2020-08-18 10:57:02.000,2.1000001,-2.3999991,2.75,32.0,13.329399,74.743034,4.21099704345667,2.0,5.0,0.1339272034858059,27.26927374135047,19.63387709377234,12.366122906227659,1.5508476596314587
zRYzhAEAHAABAAAKCRtcAAsAtwB1gBAQ,2020-08-18 10:57:07.000,-1.9000001,-12.2,4.0,33.0,13.329011,74.74256,12.978828929452764,1.0,5.0,8.767831885996094,67.02003063422092,48.254422056639065,15.254422056639065,0.6699906043370555
zRYzhAEAHAABAAAKCRtcAAsAtwB1gBAQ,2020-08-18 10:57:12.000,1.6000001,-5.999999,5.25,34.0,13.328805,74.74238,8.131573545138789,1.0,5.0,-4.847255384313975,30.066658221959823,21.647993919811075,12.352006080188925,1.5012367152862438
zRYzhAEAHAABAAAKCRtcAAsAtwB1gBAQ,2020-08-18 10:57:15.000,1.6000001,-5.999999,5.25,34.0,13.328533,74.742165,8.131573545138789,0.0,3.0,0.0,38.15659586516979,45.78791503820375,11.78791503820375,0.726683374803899
zRYzhAEAHAABAAAKCRtcAAsAtwB1gBAQ,2020-08-18 10:57:17.000,0.79999995,-5.999999,3.5,34.0,13.328533,74.742165,6.992137578738064,0.0,2.0,-1.1394359664007245,0.0,0.0,34.0,34.0
zRYzhAEAHAABAAAKCRtcAAsAtwB1gBAQ,2020-08-18 10:57:22.000,2.1000001,-7.799999,0.75,31.0,13.328136,74.7419,8.112489434199652,-3.0,5.0,1.120351855461588,52.63901651771174,37.90009189275245,6.9000918927524495,0.7969132845615634
zRYzhAEAHAABAAAKCRtcAAsAtwB1gBAQ,2020-08-18 10:57:27.000,1.3,-6.7999997,-1.0,31.0,13.327716,74.74151,6.994997921372106,0.0,5.0,-1.117491512827546,62.94234012568544,45.318484890493515,14.318484890493515,0.6692792321098243
zRYzhAEAHAABAAAKCRtcAAsAtwB1gBAQ,2020-08-18 10:57:32.000,-1.3999999,-11.999999,5.0,17.0,13.327492,74.741356,13.075166374467326,-14.0,5.0,6.08016845309522,29.96734423311848,21.576487847845307,4.576487847845307,0.7529957766049281
zRYzhAEAHAABAAAKCRtcAAsAtwB1gBAQ,2020-08-18 10:57:37.000,0.9,-8.4,3.75,1.0,13.32724,74.74124,9.242970301802337,-16.0,5.0,-3.8321960726649884,30.703693806181818,22.10665954045091,21.10665954045091,0.04327756672267504
zRYzhAEAHAABAAAKCRtcAAsAtwB1gBAQ,2020-08-18 10:57:42.000,0.90000015,-8.799999,3.75,1.0,13.32724,74.74124,9.60793852342952,0.0,5.0,0.3649682216271817,0.0,0.0,1.0,1.0
zRYzhAEAHAABAAAKCRtcAAsAtwB1gBAQ,2020-08-18 10:59:29.000,0.90000004,-8.6,3.75,0.0,13.327256,74.7413,9.425099472790725,-1.0,107.0,-0.18283905063879402,6.731390693221832,0.22647669622054764,0.22647669622054764,0.0
zRYzhAEAHAABAAAKCRtcAAsAtwB1gBAQ,2020-08-18 10:59:34.000,0.90000004,-8.400001,3.75,0.0,13.327256,74.7413,9.242971214495965,0.0,5.0,-0.18212825829476031,0.0,0.0,0.0,0.0
zRYzhAEAHAABAAAKCRtcAAsAtwB1gBAQ,2020-08-18 11:05:35.000,0.90000004,-8.400001,3.75,0.0,13.327283,74.74127,9.242971214495965,0.0,361.0,0.0,4.421557483654083,18.37141996819203,18.37141996819203,0.0
zRYzhAEAHAABAAAKCRtcAAsAtwB1gBAQ,2020-08-18 11:05:40.000,1.0,-8.400001,3.75,0.0,13.327283,74.74127,9.253243582657975,0.0,5.0,0.010272368162009826,0.0,0.0,0.0,0.0
zRYzhAEAHAABAAAKCRtcAAsAtwB1gBAQ,2020-08-18 11:09:35.000,0.90000004,-8.400001,3.75,0.0,13.327286,74.7413,9.242971214495965,0.0,235.0,-0.010272368162009826,3.2631066243652187,18.37141996819203,18.37141996819203,0.0
zRYzhAEAHAABAAAKCRtcAAsAtwB1gBAQ,2020-08-18 11:09:40.000,0.90000004,-8.400001,3.75,0.0,13.327286,74.7413,9.242971214495965,0.0,5.0,0.0,0.0,0.0,0.0,0.0
zRYzhAEAHAABAAAKCRtcAAsAtwB1gBAQ,2020-08-18 11:10:35.000,1.0000001,-8.6,3.75,0.0,13.327286,74.7413,9.435173564911247,0.0,55.0,0.19220235041528255,0.0,0.0,0.0,0.0
zRYzhAEAHAABAAAKCRtcAAsAtwB1gBAQ,2020-08-18 11:17:42.000,1.5,-8.2,3.25,0.0,13.327287,74.74127,8.947206267880494,0.0,427.0,-0.48796729703075314,3.2479147424083186,18.37141996819203,18.37141996819203,0.0
zRYzhAEAHAABAAAKCRtcAAsAtwB1gBAQ,2020-08-18 11:17:47.000,0.6,-7.8,3.5,5.0,13.327287,74.74127,8.57029754442633,5.0,5.0,-0.3769087234541644,0.0,0.0,5.0,5.0
zRYzhAEAHAABAAAKCRtcAAsAtwB1gBAQ,2020-08-18 11:17:54.000,-1.6,-10.2,6.0,16.0,13.327287,74.74127,11.941524190822543,11.0,7.0,3.371226646396213,0.0,0.0,16.0,16.0
zRYzhAEAHAABAAAKCRtcAAsAtwB1gBAQ,2020-08-18 11:17:59.000,0.8,-10.2,3.0,20.0,13.326822,74.741005,10.662082348209472,4.0,5.0,-1.2794418426130711,59.12377912045036,42.56912096672426,22.569120966724263,0.4590407048899361
zRYzhAEAHAABAAAKCRtcAAsAtwB1gBAQ,2020-08-18 11:18:04.000,0.8,-8.0,2.5,18.0,13.326686,74.74094,8.41961994391671,-2.0,5.0,-2.2424624042927626,16.67794784136929,12.008122445785888,5.991877554214112,1.383750812234342
zRYzhAEAHAABAAAKCRtcAAsAtwB1gBAQ,2020-08-18 11:18:09.000,0.2,-8.8,4.0,17.0,13.326409,74.74086,9.668505572217457,-1.0,5.0,1.248885628300748,31.994195785982317,23.03582096590727,6.03582096590727,0.7072776929114686
zRYzhAEAHAABAAAKCRtcAAsAtwB1gBAQ,2020-08-18 11:18:14.000,-0.2,-9.6,3.25,14.0,13.326253,74.740814,10.137184027134952,-3.0,5.0,0.4686784549174945,18.046350590496733,12.993372425157649,1.0066275748423514,1.0004736224150252
zRYzhAEAHAABAAAKCRtcAAsAtwB1gBAQ,2020-08-18 11:18:19.000,-0.4,-8.6,3.25,13.0,13.326144,74.74098,9.202309492730615,-1.0,5.0,-0.9348745344043365,21.668182533519623,15.601091424134129,2.601091424134129,0.7830810437620397
zRYzhAEAHAABAAAKCRtcAAsAtwB1gBAQ,2020-08-18 11:18:28.000,0.7,-9.8,5.25,38.0,13.32816,74.742714,11.139681323987684,25.0,9.0,1.9373718312570691,292.32313409799445,116.9292536391978,78.9292536391978,0.32222708808333717
zRYzhAEAHAABAAAKCRtcAAsAtwB1gBAQ,2020-08-18 11:18:59.000,1.6,-7.600001,2.0,38.0,13.328451,74.742966,8.019976009939244,0.0,31.0,-3.1197053140484403,42.31403447839507,4.913887874910396,33.086112125089606,6.425553004008511
zRYzhAEAHAABAAAKCRtcAAsAtwB1gBAQ,2020-08-18 11:19:07.000,2.3,-8.8,3.0,33.0,13.329058,74.743645,9.577577981932594,-5.0,8.0,1.5576019719933498,99.76525541438137,44.89436493647162,11.894364936471618,0.7190425239717253
zRYzhAEAHAABAAAKCRtcAAsAtwB1gBAQ,2020-08-18 11:19:12.000,1.1,-8.200001,3.25,28.0,13.329367,74.74402,8.888898491939313,-5.0,5.0,-0.6886794899932802,53.168338004102736,38.281203362953974,10.281203362953974,0.7128091199570211
zRYzhAEAHAABAAAKCRtcAAsAtwB1gBAQ,2020-08-18 11:19:17.000,0.6999999,-6.2000003,2.25,9.0,13.329448,74.74416,6.632684492722393,-19.0,5.0,-2.2562139992169206,17.623326865394166,12.6887953430838,3.6887953430838003,0.6574720254362783
zRYzhAEAHAABAAAKCRtcAAsAtwB1gBAQ,2020-08-18 11:19:22.000,-0.19999999,-9.400001,4.5,17.0,13.329486,74.74421,10.423531973184568,8.0,5.0,3.7908474804621752,6.864534391507225,4.942464761885201,12.057535238114799,2.8607658069825694
zRYzhAEAHAABAAAKCRtcAAsAtwB1gBAQ,2020-08-18 11:19:27.000,2.7,-6.8,3.5,21.0,13.329714,74.74402,8.110487038396647,4.0,5.0,-2.3130449347879214,32.64004381805257,23.500831548997848,2.500831548997848,0.8571137660370126
zRYzhAEAHAABAAAKCRtcAAsAtwB1gBAQ,2020-08-18 11:19:32.000,2.9,-6.6000004,3.25,21.0,13.329972,74.743805,7.907749697606782,0.0,5.0,-0.20273734078986472,36.934771703979656,26.593035626865355,5.593035626865355,0.7610616056884227
zRYzhAEAHAABAAAKCRtcAAsAtwB1gBAQ,2020-08-18 11:19:37.000,0.5,-8.2,2.5,12.0,13.330115,74.74383,8.5871997764114,-9.0,5.0,0.6794500788046172,16.129312349808437,11.613104891862076,0.3868951081379244,0.9513914379434323
zRYzhAEAHAABAAAKCRtcAAsAtwB1gBAQ,2020-08-18 11:19:42.000,0.6000001,-8.8,3.5,9.0,13.330225,74.74398,9.489467852308685,-3.0,5.0,0.9022680758972861,20.32280829082427,14.632421969393473,5.632421969393473,0.5757265264218807
zRYzhAEAHAABAAAKCRtcAAsAtwB1gBAQ,2020-08-18 11:19:47.000,-0.20000002,-9.2,3.75,6.0,13.330272,74.74406,9.936926084458916,-3.0,5.0,0.44745823215023073,10.111269061428581,7.2801137242285785,1.2801137242285785,0.7246277285350926
zRYzhAEAHAABAAAKCRtcAAsAtwB1gBAQ,2020-08-18 11:19:52.000,0.7000001,-9.2,3.75,1.0,13.330272,74.74406,9.959543169242252,-5.0,5.0,0.02261708478333624,0.0,0.0,1.0,1.0
zRYzhAEAHAABAAAKCRtcAAsAtwB1gBAQ,2020-08-18 11:19:54.000,0.7000001,-9.2,3.75,1.0,13.330272,74.74406,9.959543169242252,0.0,2.0,0.0,0.0,0.0,1.0,1.0
zRYzhAEAHAABAAAKCRtcAAsAtwB1gBAQ,2020-08-18 11:19:59.000,0.5,-9.2,4.0,1.0,13.330272,74.74406,10.044401425669923,0.0,5.0,0.08485825642767075,0.0,0.0,1.0,1.0
zRYzhAEAHAABAAAKCRtcAAsAtwB1gBAQ,2020-08-18 11:20:39.000,0.5,-8.6,3.5,2.0,13.330272,74.74406,9.298386956886661,1.0,40.0,-0.7460144687832617,0.0,0.0,2.0,2.0
zRYzhAEAHAABAAAKCRtcAAsAtwB1gBAQ,2020-08-18 11:20:44.000,1.2000002,-7.9999995,3.0,2.0,13.330272,74.74406,8.627861408251775,0.0,5.0,-0.6705255486348864,0.0,0.0,2.0,2.0
zRYzhAEAHAABAAAKCRtcAAsAtwB1gBAQ,2020-08-18 11:20:49.000,0.8,-8.0,5.0,3.0,13.330272,74.74406,9.4678403028357,1.0,5.0,0.8399788945839255,0.0,0.0,3.0,3.0
zRYzhAEAHAABAAAKCRtcAAsAtwB1gBAQ,2020-08-18 11:20:54.000,0.60000014,-8.599999,3.5,3.0,13.330272,74.74406,9.304299165869562,0.0,5.0,-0.16354113696613837,0.0,0.0,3.0,3.0
zRYzhAEAHAABAAAKCRtcAAsAtwB1gBAQ,2020-08-18 11:20:55.000,0.60000014,-8.599999,3.5,3.0,13.330272,74.74406,9.304299165869562,0.0,1.0,0.0,0.0,0.0,3.0,3.0
zRYzhAEAHAABAAAKCRtcAAsAtwB1gBAQ,2020-08-18 11:44:54.000,0.4,-8.6,3.75,0.0,13.330079,74.744156,9.390553764288876,-3.0,1439.0,0.08625459841931438,23.842195964341602,18.37141996819203,18.37141996819203,0.0
zRYzhAEAHAABAAAKCRtcAAsAtwB1gBAQ,2020-08-18 11:44:59.000,-0.5,-8.400001,4.75,0.0,13.330079,74.744156,9.662945555057266,0.0,5.0,0.27239179076839015,0.0,0.0,0.0,0.0
zRYzhAEAHAABAAAKCRtcAAsAtwB1gBAQ,2020-08-18 11:45:30.000,3.8000002,-4.000001,-0.75,23.0,13.329911,74.7436,5.56798971981819,23.0,31.0,-4.094955835239077,62.99240121354458,7.315246592540661,15.68475340745934,2.7660033582927728
zRYzhAEAHAABAAAKCRtcAAsAtwB1gBAQ,2020-08-18 11:45:55.000,3.8000002,-4.000001,-0.75,23.0,13.329808,74.74346,5.56798971981819,0.0,25.0,0.0,18.99030083652969,2.7346033204602755,20.265396679539723,6.158619276642569
zRYzhAEAHAABAAAKCRtcAAsAtwB1gBAQ,2020-08-18 11:45:57.000,-0.20000002,-10.600001,5.0,23.0,13.32969,74.743324,11.72177551431527,0.0,2.0,6.153785794497081,19.71534461860134,35.48762031348241,12.48762031348241,0.6303507820569311
zRYzhAEAHAABAAAKCRtcAAsAtwB1gBAQ,2020-08-18 11:46:04.000,2.7000003,-9.200001,-0.25,24.0,13.329462,74.74302,9.591273117787916,1.0,7.0,-2.130502396527355,41.52913869562583,21.35784275775043,2.6421572422495707,1.0734488233074415
zRYzhAEAHAABAAAKCRtcAAsAtwB1gBAQ,2020-08-18 11:46:09.000,1.4,-7.4000015,4.0,24.0,13.329303,74.74285,8.527603543786629,0.0,5.0,-1.0636695740012865,25.513090350648014,18.36942505246657,5.630574947533429,1.2390662053721493
zRYzhAEAHAABAAAKCRtcAAsAtwB1gBAQ,2020-08-18 11:46:14.000,3.5000002,-8.000001,-0.5,17.0,13.329062,74.742584,8.746428836959748,-7.0,5.0,0.2188252931731185,39.32532983389096,28.31423748040149,11.314237480401491,0.5799229814988579
zRYzhAEAHAABAAAKCRtcAAsAtwB1gBAQ,2020-08-18 11:46:19.000,0.9,-6.6000013,3.25,17.0,13.328958,74.742485,7.411647398520905,0.0,5.0,-1.334781438438843,15.763063792563248,11.349405930645538,5.650594069354462,1.3765844361641582
zRYzhAEAHAABAAAKCRtcAAsAtwB1gBAQ,2020-08-18 11:46:24.000,-1.2999998,-9.200001,2.75,22.0,13.32872,74.74231,9.689815162323843,5.0,5.0,2.278167763802938,32.54068333445206,23.429292000805486,1.4292920008054857,0.9005582314573265
zRYzhAEAHAABAAAKCRtcAAsAtwB1gBAQ,2020-08-18 11:46:30.000,1.8,-5.2000012,3.5,26.0,13.328415,74.742165,6.521503851106847,4.0,6.0,-3.1683113112169954,37.36755066406478,22.42053039843887,3.5794696015611294,1.1101371129380173
zRYzhAEAHAABAAAKCRtcAAsAtwB1gBAQ,2020-08-18 11:46:35.000,-2.9999998,-11.000001,5.75,26.0,13.328215,74.74199,12.769593603556888,0.0,5.0,6.248089752450041,29.207978728927085,21.029744684827502,4.970255315172498,1.1802224842808515
zRYzhAEAHAABAAAKCRtcAAsAtwB1gBAQ,2020-08-18 11:46:40.000,1.4,-7.800001,5.75,20.0,13.328009,74.74181,9.790940485979934,-6.0,5.0,-2.978653117576954,30.066699745690357,21.64802381689706,1.6480238168970587,0.8830792550243858
zRYzhAEAHAABAAAKCRtcAAsAtwB1gBAQ,2020-08-18 11:46:45.000,0.60000026,-5.8000007,2.25,23.0,13.327867,74.74174,6.250000674560008,3.0,5.0,-3.5409398114199266,17.512267948129196,12.608832922653022,10.391167077346978,1.690078798874414
zRYzhAEAHAABAAAKCRtcAAsAtwB1gBAQ,2020-08-18 11:46:50.000,0.7,-11.400002,3.0,22.0,13.327596,74.74153,11.808896883282706,-1.0,5.0,5.5588962087226985,37.74040572024291,27.1730921185749,5.1730921185749,0.7808869508326033
zRYzhAEAHAABAAAKCRtcAAsAtwB1gBAQ,2020-08-18 11:46:55.000,0.9000003,-8.000001,3.25,26.0,13.327412,74.74133,8.681734650402595,4.0,5.0,-3.127162232880112,29.780832764608775,21.442199590518317,4.557800409481683,1.1585317158922706
zRYzhAEAHAABAAAKCRtcAAsAtwB1gBAQ,2020-08-18 11:47:01.000,-0.6,-9.600001,2.75,40.0,13.326837,74.74111,10.004125109173765,14.0,6.0,1.3223904587711708,68.22452265780866,40.9347135946852,0.9347135946851992,0.9538636745350181
zRYzhAEAHAABAAAKCRtcAAsAtwB1gBAQ,2020-08-18 11:47:06.000,-0.7999998,-10.000001,2.25,25.0,13.326576,74.740944,10.281173069256301,-15.0,5.0,0.27704796008253574,34.1303042752901,24.57381907820887,0.4261809217911292,0.9775622453394998
zRYzhAEAHAABAAAKCRtcAAsAtwB1gBAQ,2020-08-18 11:47:11.000,-0.8,-9.200002,3.25,16.0,13.326158,74.740814,9.789920163106745,-9.0,5.0,-0.4912529061495565,48.56127234438145,34.96411608795464,18.964116087954643,0.4448878977275583
zRYzhAEAHAABAAAKCRtcAAsAtwB1gBAQ,2020-08-18 11:47:17.000,1.5000002,-8.600001,4.5,36.0,13.326139,74.74099,9.821406100961362,20.0,6.0,0.03148593785461706,19.160187885993277,11.496112731595968,24.503887268404032,2.880895905250223
zRYzhAEAHAABAAAKCRtcAAsAtwB1gBAQ,2020-08-18 11:47:21.000,1.6,-8.400002,4.75,44.0,13.328822,74.74329,9.781744915913725,8.0,4.0,-0.039661185047636494,388.5047911371648,18.37141996819203,25.62858003180797,2.271387439446784
zRYzhAEAHAABAAAKCRtcAAsAtwB1gBAQ,2020-08-18 11:47:51.000,1.3000002,-10.200002,2.75,28.0,13.329255,74.74385,10.643896904799671,-16.0,30.0,0.8621519888859464,77.39208004538796,9.287049605446555,18.712950394553445,2.721868861716696
zRYzhAEAHAABAAAKCRtcAAsAtwB1gBAQ,2020-08-18 11:47:55.000,1.3000002,-10.200002,2.75,28.0,13.329324,74.744,10.643896904799671,0.0,4.0,0.0,17.952068723671534,16.15686185130438,11.843138148695619,1.6320000850197
zRYzhAEAHAABAAAKCRtcAAsAtwB1gBAQ,2020-08-18 11:47:57.000,0.1,-10.200002,2.25,16.0,13.329324,74.744,10.445694845246246,-12.0,2.0,-0.1982020595534255,0.0,0.0,16.0,16.0
zRYzhAEAHAABAAAKCRtcAAsAtwB1gBAQ,2020-08-18 11:48:02.000,1.4000002,-7.4000015,3.0,23.0,13.329582,74.74406,8.106788683566526,7.0,5.0,-2.33890616167972,29.413664054764023,21.177838119430096,1.8221618805699045,1.037071326616349
zRYzhAEAHAABAAAKCRtcAAsAtwB1gBAQ,2020-08-18 11:48:07.000,1.0,-9.400002,4.25,27.0,13.329761,74.74399,10.364484434838232,4.0,5.0,2.257695751271706,21.29623526538044,15.333289391073917,11.666710608926083,1.6530656718024845
zRYzhAEAHAABAAAKCRtcAAsAtwB1gBAQ,2020-08-18 11:48:13.000,-0.19999981,-7.6000013,4.25,21.0,13.330139,74.74379,8.709909281043156,-6.0,6.0,-1.6545751537950757,47.27520179421817,28.365121076530905,7.3651210765309045,0.715134119327148
zRYzhAEAHAABAAAKCRtcAAsAtwB1gBAQ,2020-08-18 11:48:20.000,1.2,-11.800001,5.75,34.0,13.330469,74.74353,13.181142727396628,13.0,7.0,4.471233446353471,46.237089739056145,23.77907472294316,10.220925277056839,1.3721254881450073
zRYzhAEAHAABAAAKCRtcAAsAtwB1gBAQ,2020-08-18 11:48:25.000,-1.5999998,-10.200002,4.75,22.0,13.330732,74.74303,11.364969870615761,-12.0,5.0,-1.8161728567808666,61.49777449783293,44.278397638439706,22.278397638439706,0.48588291873038375
zRYzhAEAHAABAAAKCRtcAAsAtwB1gBAQ,2020-08-18 11:48:30.000,2.1000001,-9.000001,4.0,36.0,13.330579,74.742874,10.070254138799129,14.0,5.0,-1.2947157318166322,23.965339900490104,17.25504472835288,18.74495527164712,1.972057616713833
zRYzhAEAHAABAAAKCRtcAAsAtwB1gBAQ,2020-08-18 11:48:35.000,-1.0999998,-10.000002,4.0,53.0,13.330166,74.74243,10.826358554934528,17.0,5.0,0.7561044161353987,66.45933456603781,47.850720887547226,5.149279112452774,1.0849379300257262
zRYzhAEAHAABAAAKCRtcAAsAtwB1gBAQ,2020-08-18 11:48:40.000,-3.1,-15.200001,7.0,55.0,13.329758,74.74199,17.019107802702262,2.0,5.0,6.192749247767734,65.76244618294965,47.34896125172374,7.651038748276257,1.1375632190658311
zRYzhAEAHAABAAAKCRtcAAsAtwB1gBAQ,2020-08-18 11:48:45.000,-0.19999978,-7.2000017,6.75,41.0,13.329241,74.7414,9.87129800948198,-14.0,5.0,-7.147809793220281,85.90743388803944,61.85335239938839,20.853352399388392,0.6523120634755348
zRYzhAEAHAABAAAKCRtcAAsAtwB1gBAQ,2020-08-18 11:48:50.000,-0.09999986,-11.800001,5.25,44.0,13.328945,74.74108,12.915592265629982,3.0,5.0,3.0442942561480013,47.77157052718639,34.3955307795742,9.604469220425798,1.243094792786416
zRYzhAEAHAABAAAKCRtcAAsAtwB1gBAQ,2020-08-18 11:48:55.000,-0.5999998,-11.800001,4.5,45.0,13.32872,74.74083,12.643180903554336,1.0,5.0,-0.27241136207564587,36.84618402810163,26.529252500233177,18.470747499766823,1.6346248413253808
zRYzhAEAHAABAAAKCRtcAAsAtwB1gBAQ,2020-08-18 11:48:56.000,-0.5999998,-11.800001,4.5,45.0,13.32872,74.74083,12.643180903554336,0.0,1.0,0.0,0.0,0.0,45.0,45.0
zRYzhAEAHAABAAAKCRtcAAsAtwB1gBAQ,2020-08-18 11:49:52.000,2.3000002,-7.6000013,2.5,46.0,13.32628,74.74116,8.324663397399425,1.0,56.0,-4.318517506154912,273.65505813721904,17.592110880249795,28.407889119750205,2.474167688450337
zRYzhAEAHAABAAAKCRtcAAsAtwB1gBAQ,2020-08-18 11:49:56.000,2.3000002,-7.6000013,2.5,46.0,13.326688,74.74146,8.324663397399425,0.0,4.0,0.0,55.784212490814895,50.20579124173341,4.205791241733408,0.89833588905681
zRYzhAEAHAABAAAKCRtcAAsAtwB1gBAQ,2020-08-18 11:49:58.000,-0.3999999,-8.000001,5.0,55.0,13.326688,74.74146,9.442458150291214,9.0,2.0,1.1177947528917898,0.0,0.0,55.0,55.0
zRYzhAEAHAABAAAKCRtcAAsAtwB1gBAQ,2020-08-18 11:50:03.000,0.20000017,-9.800001,4.0,57.0,13.327343,74.74199,10.586785143186813,2.0,5.0,1.1443269928955981,92.69946991855963,66.74361834136295,9.743618341362946,0.8414076690261008
zRYzhAEAHAABAAAKCRtcAAsAtwB1gBAQ,2020-08-18 11:50:10.000,0.60000014,-8.600001,3.75,59.0,13.328178,74.74268,9.40119765604367,2.0,7.0,-1.1855874871431418,119.14083812111866,61.27243103371817,2.2724310337181706,0.9474497626092954
zRYzhAEAHAABAAAKCRtcAAsAtwB1gBAQ,2020-08-18 11:50:15.000,2.5000002,-6.6000013,2.75,59.0,13.328845,74.74327,7.574464876148131,0.0,5.0,-1.82673277989554,97.8571522989089,70.45714965521441,11.457149655214408,0.8256696535571177
zRYzhAEAHAABAAAKCRtcAAsAtwB1gBAQ,2020-08-18 11:50:20.000,0.80000013,-8.400002,3.25,50.0,13.329105,74.743614,9.042263754613886,-9.0,5.0,1.4677988784657554,47.12966439448786,33.933358364031264,16.066641635968736,1.431296684360068
zRYzhAEAHAABAAAKCRtcAAsAtwB1gBAQ,2020-08-18 11:50:25.000,0.7000002,-8.800001,3.25,9.0,13.329415,74.74416,9.407046182516648,-41.0,5.0,0.36478242790276205,68.39804162176794,49.246589967672925,40.246589967672925,0.1791166327066238
zRYzhAEAHAABAAAKCRtcAAsAtwB1gBAQ,2020-08-18 11:50:30.000,1.1920929e-07,-10.400002,4.5,22.0,13.329415,74.74416,11.331815459139989,13.0,5.0,1.9247692766233406,0.0,0.0,22.0,22.0
zRYzhAEAHAABAAAKCRtcAAsAtwB1gBAQ,2020-08-18 11:50:35.000,-0.29999977,-8.600001,5.75,26.0,13.329794,74.743904,10.349517721227452,4.0,5.0,-0.9822977379125373,50.43072633714132,36.31012296274175,10.310122962741751,0.6968618148475108
zRYzhAEAHAABAAAKCRtcAAsAtwB1gBAQ,2020-08-18 11:50:40.000,2.8000002,-9.400002,4.0,19.0,13.329968,74.74384,10.59245196920921,-7.0,5.0,0.24293424798175778,20.54979429291015,14.795851890895309,4.2041481091046915,1.2028474393933482
zRYzhAEAHAABAAAKCRtcAAsAtwB1gBAQ,2020-08-18 11:50:45.000,2.8000002,-8.000001,1.5,16.0,13.330194,74.74392,8.607555815677353,-3.0,5.0,-1.9848961535318566,26.579027187202293,19.13689957478565,3.1368995747856516,0.7945612451697551
zRYzhAEAHAABAAAKCRtcAAsAtwB1gBAQ,2020-08-18 11:50:50.000,0.5000002,-9.200002,2.0,4.0,13.330212,74.7441,9.428151303410656,-12.0,5.0,0.8205954877333035,19.57840594321042,14.096452279111503,10.096452279111503,0.26496291486541357
zRYzhAEAHAABAAAKCRtcAAsAtwB1gBAQ,2020-08-18 11:50:55.000,0.30000016,-8.600001,3.75,3.0,13.330187,74.74413,9.386826795888004,-1.0,5.0,-0.04132450752265271,4.273643276015763,3.0770231587313495,0.07702315873134946,0.7358309931537187
zRYzhAEAHAABAAAKCRtcAAsAtwB1gBAQ,2020-08-18 11:50:56.000,0.30000016,-8.600001,3.75,3.0,13.330187,74.74413,9.386826795888004,0.0,1.0,0.0,0.0,0.0,3.0,3.0
zRYzhAEAHAABAAAKCRtcAAsAtwB1gBAQ,2020-08-18 11:51:01.000,0.8000002,-8.200002,4.25,3.0,13.330187,74.74413,9.270519571200097,0.0,5.0,-0.11630722468790644,0.0,0.0,3.0,3.0
zRYzhAEAHAABAAAKCRtcAAsAtwB1gBAQ,2020-08-18 11:51:06.000,0.5000002,-8.800001,3.0,3.0,13.330187,74.74413,9.310747435088176,0.0,5.0,0.040227863888079085,0.0,0.0,3.0,3.0
zRYzhAEAHAABAAAKCRtcAAsAtwB1gBAQ,2020-08-18 11:51:11.000,-0.29999983,-8.600001,2.5,5.0,13.330187,74.74413,8.96102768090809,2.0,5.0,-0.34971975418008583,0.0,0.0,5.0,5.0
zRYzhAEAHAABAAAKCRtcAAsAtwB1gBAQ,2020-08-18 11:51:16.000,0.40000018,-9.600001,2.5,7.0,13.330187,74.74413,9.928243517561455,2.0,5.0,0.9672158366533647,0.0,0.0,7.0,7.0
zRYzhAEAHAABAAAKCRtcAAsAtwB1gBAQ,2020-08-18 11:52:51.000,0.60000014,-8.800001,3.5,2.0,13.330187,74.74413,9.4894687821817,-5.0,95.0,-0.43877473537975575,0.0,0.0,2.0,2.0
zRYzhAEAHAABAAAKCRtcAAsAtwB1gBAQ,2020-08-18 11:52:56.000,0.60000014,-8.800001,3.5,2.0,13.330187,74.74413,9.4894687821817,0.0,5.0,0.0,0.0,0.0,2.0,2.0
zRYzhAEAHAABAAAKCRtcAAsAtwB1gBAQ,2020-08-18 11:53:01.000,0.40000018,-8.800001,3.75,2.0,13.330187,74.74413,9.574054404691935,0.0,5.0,0.08458562251023594,0.0,0.0,2.0,2.0
zRYzhAEAHAABAAAKCRtcAAsAtwB1gBAQ,2020-08-18 15:03:49.000,0.4,-8.6,3.5,0.0,,,9.293546147730693,-2.0,11448.0,-0.2805082569612427,25.841654944943237,18.37141996819203,18.37141996819203,0.0
zRYzhAEAHAABAAAKCRtcAAsAtwB1gBAQ,2020-08-18 15:03:54.000,0.7,-8.6,3.5,0.0,,,9.311283477587823,0.0,5.0,0.01773732985713039,25.841654944943237,18.37141996819203,18.37141996819203,0.0
zRYzhAEAHAABAAAKCRtcAAsAtwB1gBAQ,2020-08-18 15:04:51.000,0.70000005,-9.0,3.5,0.0,,,9.681941957582684,0.0,57.0,0.37065847999486046,25.841654944943237,18.37141996819203,18.37141996819203,0.0
zRYzhAEAHAABAAAKCRtcAAsAtwB1gBAQ,2020-08-18 15:04:54.000,0.70000005,-9.0,3.5,0.0,,,9.681941957582684,0.0,3.0,0.0,25.841654944943237,18.37141996819203,18.37141996819203,0.0
zRYzhAEAHAABAAAKCRtcAAsAtwB1gBAQ,2020-08-18 17:16:08.000,0.7,-8.400001,3.75,0.0,13.330175,74.74418,9.225644519490277,0.0,7874.0,-0.4562974380924061,25.841654944943237,18.37141996819203,18.37141996819203,0.0
zRYzhAEAHAABAAAKCRtcAAsAtwB1gBAQ,2020-08-18 17:16:12.726,0.7,-8.400001,3.75,0.0,13.330175,74.74418,9.225644519490277,0.0,4.726,0.0,0.0,0.0,0.0,0.0
zRYzhAEAHAABAAAKCRtcAAsAtwB1gBAQ,2020-08-18 17:17:08.000,0.7,-8.400001,3.75,0.0,13.330175,74.74418,9.225644519490277,0.0,55.274,0.0,0.0,0.0,0.0,0.0
zRYzhAEAHAABAAAKCRtcAAsAtwB1gBAQ,2020-08-18 17:18:08.000,0.7,-8.400001,3.75,0.0,13.330175,74.74418,9.225644519490277,0.0,60.0,0.0,0.0,0.0,0.0,0.0
zRYzhAEAHAABAAAKCRtcAAsAtwB1gBAQ,2020-08-18 17:23:35.000,0.6,-8.8,3.75,0.0,13.330191,74.74422,9.584492683496608,0.0,327.0,0.35884816400633035,4.679372105686814,18.37141996819203,18.37141996819203,0.0
zRYzhAEAHAABAAAKCRtcAAsAtwB1gBAQ,2020-08-18 17:23:40.000,0.6,-8.8,3.75,0.0,13.330191,74.74422,9.584492683496608,0.0,5.0,0.0,0.0,0.0,0.0,0.0
zRYzhAEAHAABAAAKCRtcAAsAtwB1gBAQ,2020-08-18 17:24:35.000,0.70000005,-8.6,4.0,0.0,13.330191,74.74422,9.51052049416855,0.0,55.0,-0.07397218932805849,0.0,0.0,0.0,0.0
zRYzhAEAHAABAAAKCRtcAAsAtwB1gBAQ,2020-08-18 17:24:39.000,0.70000005,-8.6,4.0,0.0,13.330191,74.74422,9.51052049416855,0.0,4.0,0.0,0.0,0.0,0.0,0.0
zRYzhAEAHAABAAAKCRtcAAsAtwB1gBAQ,2020-08-18 17:46:28.000,0.90000004,-9.0,3.5,2.0,13.330149,74.744225,9.698453488675398,2.0,1309.0,0.18793299450684842,4.701417001243375,18.37141996819203,16.37141996819203,0.10324488361121746
zRYzhAEAHAABAAAKCRtcAAsAtwB1gBAQ,2020-08-18 17:47:05.000,0.4,-8.6,3.75,2.0,13.330149,74.744225,9.390553764288876,0.0,37.0,-0.30789972438652136,0.0,0.0,2.0,2.0
zRYzhAEAHAABAAAKCRtcAAsAtwB1gBAQ,2020-08-18 18:12:24.000,0.8,-8.6,3.25,0.0,13.330154,74.74412,9.228353049163214,-2.0,1519.0,-0.16220071512566214,11.3744989549578,18.37141996819203,18.37141996819203,0.0
zRYzhAEAHAABAAAKCRtcAAsAtwB1gBAQ,2020-08-18 18:12:29.000,0.8,-8.6,3.5,2.0,13.330154,74.74412,9.31933474020544,2.0,5.0,0.09098169104222542,0.0,0.0,2.0,2.0
zRYzhAEAHAABAAAKCRtcAAsAtwB1gBAQ,2020-08-18 18:12:51.000,0.7,-10.200001,3.5,26.0,13.331033,74.74499,10.80648048163698,24.0,22.0,1.48714574143154,135.69893341479016,22.2052800133293,3.7947199866706995,1.1204346590545509
zRYzhAEAHAABAAAKCRtcAAsAtwB1gBAQ,2020-08-18 18:13:26.000,0.7,-10.200001,3.5,26.0,13.331154,74.74515,10.80648048163698,0.0,35.0,0.0,21.925414085751594,2.2551854488201637,23.744814551179836,7.98725615138875
zRYzhAEAHAABAAAKCRtcAAsAtwB1gBAQ,2020-08-18 18:13:31.000,-1.7,-9.400001,7.0,26.0,13.331335,74.74543,11.842720076063648,0.0,5.0,1.036239594426668,36.37156682536524,26.187528114262975,0.18752811426297455,0.9563208501607037
zRYzhAEAHAABAAAKCRtcAAsAtwB1gBAQ,2020-08-18 18:13:47.000,0.39999998,-8.400001,4.0,1.0,13.331753,74.74601,9.312358282626425,-25.0,16.0,-2.5303617934372227,78.09318137138898,17.57096580856252,16.57096580856252,0.05384749561807549
zRYzhAEAHAABAAAKCRtcAAsAtwB1gBAQ,2020-08-18 18:13:52.000,-2.2351742e-08,-8.400001,4.25,1.0,13.33184,74.74602,9.413953303474635,0.0,5.0,0.10159502084820993,9.734277756345358,7.0086799845686585,6.0086799845686585,0.12486452223422925
zRYzhAEAHAABAAAKCRtcAAsAtwB1gBAQ,2020-08-18 18:13:57.000,0.9,-7.4000006,5.0,8.0,13.33184,74.74602,8.976079816935696,7.0,5.0,-0.43787348653893865,0.0,0.0,8.0,8.0
zRYzhAEAHAABAAAKCRtcAAsAtwB1gBAQ,2020-08-18 18:14:02.000,-1.9000001,-9.200001,7.75,17.0,13.331928,74.746124,12.178362729858272,9.0,5.0,3.202282912922575,14.912101213071768,10.736712873411674,6.263287126588326,1.4484464418066976
zRYzhAEAHAABAAAKCRtcAAsAtwB1gBAQ,2020-08-18 18:14:07.000,-2.3000002,-9.200001,5.75,25.0,13.332081,74.74623,11.090199246181335,8.0,5.0,-1.0881634836769365,20.517662169349034,14.772716761931306,10.227283238068694,1.585015465461186
zRYzhAEAHAABAAAKCRtcAAsAtwB1gBAQ,2020-08-18 18:14:12.000,1.5,-8.400001,3.25,27.0,13.332437,74.74649,9.130855206386803,2.0,5.0,-1.9593440397945319,48.56321173017134,34.96551244572337,7.96551244572337,0.750719179679325
zRYzhAEAHAABAAAKCRtcAAsAtwB1gBAQ,2020-08-18 18:14:17.000,0.89999986,-8.400001,2.25,30.0,13.332665,74.746666,8.742569218942508,3.0,5.0,-0.388285987444295,31.70767195855699,22.82952381016103,7.170476189838968,1.2589424882761546
zRYzhAEAHAABAAAKCRtcAAsAtwB1gBAQ,2020-08-18 18:14:22.000,1.0,-7.8000007,3.0,31.0,13.333048,74.74698,8.416650813714472,1.0,5.0,-0.3259184052280357,54.47889530333743,39.22480461840295,8.224804618402949,0.7706687526287554
zRYzhAEAHAABAAAKCRtcAAsAtwB1gBAQ,2020-08-18 18:14:27.000,1.0,-7.8000007,3.0,31.0,13.333338,74.74717,8.416650813714472,0.0,5.0,0.0,38.24202053999568,27.53425478879689,3.46574521120311,1.086413513492955
zRYzhAEAHAABAAAKCRtcAAsAtwB1gBAQ,2020-08-18 18:14:29.000,-5.3,-6.6000004,5.5,31.0,13.333582,74.74736,10.094553248163098,0.0,2.0,1.677902434448626,34.040185789592755,61.27233442126696,30.27233442126696,0.49781335946533944
zRYzhAEAHAABAAAKCRtcAAsAtwB1gBAQ,2020-08-18 18:14:34.000,0.8,-7.600001,2.75,28.0,13.333763,74.747505,8.121731047012146,-3.0,5.0,-1.9728222011509526,25.518631783218726,18.373414883917484,9.626585116082516,1.44527953217188
zRYzhAEAHAABAAAKCRtcAAsAtwB1gBAQ,2020-08-18 18:14:39.000,3.6,-8.0,-2.0,28.0,13.334093,74.74779,8.997777503361595,0.0,5.0,0.8760464563494494,47.93066015934382,34.51007531472755,6.510075314727551,0.7885086064119723
zRYzhAEAHAABAAAKCRtcAAsAtwB1gBAQ,2020-08-18 18:14:44.000,3.2,-7.200001,1.0,29.0,13.334263,74.74792,7.942292767205261,1.0,5.0,-1.055484736156334,23.5620669437575,16.9646881995054,12.0353118004946,1.6142779478242446
zRYzhAEAHAABAAAKCRtcAAsAtwB1gBAQ,2020-08-18 18:14:49.000,-1.4901161e-07,-8.6,7.0,33.0,13.334685,74.74838,11.088733020503291,4.0,5.0,3.14644025329803,68.40326911404172,49.25035376211004,16.250353762110038,0.6567117946318377
zRYzhAEAHAABAAAKCRtcAAsAtwB1gBAQ,2020-08-18 18:14:54.000,0.5,-7.000001,7.0,23.0,13.334867,74.74853,9.91211450700611,-10.0,5.0,-1.1766185134971803,25.9413528916374,18.677774081978928,4.322225918021072,1.168831388356247
zRYzhAEAHAABAAAKCRtcAAsAtwB1gBAQ,2020-08-18 18:14:59.000,-1.2000002,-8.200001,7.75,23.0,13.335284,74.748695,11.346475967453554,0.0,5.0,1.4343614604474428,49.68630583085422,35.774140198215036,12.774140198215036,0.6254395038477715
zRYzhAEAHAABAAAKCRtcAAsAtwB1gBAQ,2020-08-18 18:15:04.000,2.6000001,-11.000001,1.25,32.0,13.335541,74.74875,11.37200609039588,9.0,5.0,0.025530122942326372,29.190112704602306,21.01688114731366,10.983118852686339,1.453430201393643
zRYzhAEAHAABAAAKCRtcAAsAtwB1gBAQ,2020-08-18 18:15:09.000,0.09999985,-6.8000007,5.0,22.0,13.33602,74.74889,8.440972070206163,-10.0,5.0,-2.931034020189717,55.374428639239284,39.86958862025229,17.869588620252287,0.538297564098755
zRYzhAEAHAABAAAKCRtcAAsAtwB1gBAQ,2020-08-18 18:15:14.000,0.2000001,-8.600001,2.75,28.0,13.336189,74.748924,9.03119688856361,6.0,5.0,0.5902248183574468,19.14862341875056,13.787008861500404,14.212991138499596,1.893554015031469
zRYzhAEAHAABAAAKCRtcAAsAtwB1gBAQ,2020-08-18 18:15:19.000,0.19999985,-8.200001,3.5,8.0,13.336616,74.74894,8.91796032397549,-20.0,5.0,-0.11323656458811904,47.51178208989176,34.20848310472206,26.208483104722063,0.22721796835737756
zRYzhAEAHAABAAAKCRtcAAsAtwB1gBAQ,2020-08-18 18:15:24.000,0.100000106,-8.200001,4.0,1.0,13.336643,74.748955,9.124144695323558,-7.0,5.0,0.20618437134806733,3.412847216897092,2.4572499961659062,1.4572499961659062,0.28924723439409966
zRYzhAEAHAABAAAKCRtcAAsAtwB1gBAQ,2020-08-18 18:15:27.000,0.100000106,-8.200001,4.0,1.0,13.336643,74.748955,9.124144695323558,0.0,3.0,0.0,0.0,0.0,1.0,1.0
zRYzhAEAHAABAAAKCRtcAAsAtwB1gBAQ,2020-08-18 18:15:29.000,0.59999985,-8.200001,3.25,1.0,13.336643,74.748955,8.840956747999678,0.0,2.0,-0.28318794732387964,0.0,0.0,1.0,1.0
zRYzhAEAHAABAAAKCRtcAAsAtwB1gBAQ,2020-08-18 18:15:39.000,-0.39999992,-9.200001,4.5,16.0,13.336643,74.748955,10.2493911202569,15.0,10.0,1.4084343722572221,0.0,0.0,16.0,16.0
zRYzhAEAHAABAAAKCRtcAAsAtwB1gBAQ,2020-08-18 18:15:44.000,-0.8000002,-9.400002,3.5,21.0,13.33665,74.748726,10.062307783009027,5.0,5.0,-0.18708333724787352,24.7891460302988,17.848185141815136,3.1518148581848635,1.114165626132938
zRYzhAEAHAABAAAKCRtcAAsAtwB1gBAQ,2020-08-18 18:15:50.000,0.3000001,-9.000001,4.25,23.0,13.33662,74.74831,9.957535742341124,2.0,6.0,-0.10477204066790335,45.13305628701481,27.079833772208886,4.079833772208886,0.8190931679504282
zRYzhAEAHAABAAAKCRtcAAsAtwB1gBAQ,2020-08-18 18:15:55.000,1.8999999,-8.800001,4.0,17.0,13.336577,74.74817,9.851396714172107,-6.0,5.0,-0.10613902816901621,15.884185940710566,11.436613877311608,5.563386122688392,1.366931559322066
zRYzhAEAHAABAAAKCRtcAAsAtwB1gBAQ,2020-08-18 18:16:00.000,0.1000001,-9.600001,5.25,17.0,13.336729,74.74794,10.942235567743962,0.0,5.0,1.0908388535718547,30.08212387635586,21.659129190976216,4.659129190976216,0.7502494847317472
zRYzhAEAHAABAAAKCRtcAAsAtwB1gBAQ,2020-08-18 18:16:05.000,-3.2000003,-8.000001,6.75,19.0,13.336848,74.74784,10.945433656096093,2.0,5.0,0.0031980883521303127,17.092542016471448,12.306630251859444,6.693369748140556,1.4278596188802177
zRYzhAEAHAABAAAKCRtcAAsAtwB1gBAQ,2020-08-18 18:16:15.000,2.1000001,-8.600001,4.25,23.0,13.336882,74.74736,9.820005988796597,4.0,10.0,-1.1254276672994958,52.07154124602826,18.745754848570172,4.254245151429828,1.1648073308104234
zRYzhAEAHAABAAAKCRtcAAsAtwB1gBAQ,2020-08-18 18:16:20.000,1.6999998,-9.000002,4.0,29.0,13.336723,74.74699,9.994500253639702,6.0,5.0,0.17449426484310493,43.76285855275608,31.509258157984377,2.5092581579843767,0.892053576217257
zRYzhAEAHAABAAAKCRtcAAsAtwB1gBAQ,2020-08-18 18:16:25.000,-0.5999999,-9.000001,4.0,29.0,13.336739,74.74676,9.867118012874935,0.0,5.0,-0.12738224076476712,24.948626880334565,17.963011353840887,11.036988646159113,1.5292929724543016
zRYzhAEAHAABAAAKCRtcAAsAtwB1gBAQ,2020-08-18 18:16:27.000,-0.5999999,-9.000001,4.0,29.0,13.336839,74.746475,9.867118012874935,0.0,2.0,0.0,32.779494282812344,59.00308970906222,30.003089709062223,0.48330844529194555
zRYzhAEAHAABAAAKCRtcAAsAtwB1gBAQ,2020-08-18 18:16:30.000,-1.1000003,-8.800002,5.75,24.0,13.336885,74.74631,10.5694151143762,-5.0,3.0,0.7022971015012658,18.570658581795186,22.284790298154224,1.715209701845776,1.0307157458876695
zRYzhAEAHAABAAAKCRtcAAsAtwB1gBAQ,2020-08-18 18:16:35.000,1.9000001,-6.600001,3.75,32.0,13.336884,74.74611,7.825120675107893,8.0,5.0,-2.744294439268307,21.63949837697569,15.580438831422498,16.419561168577502,1.9299851062660083
zRYzhAEAHAABAAAKCRtcAAsAtwB1gBAQ,2020-08-18 18:16:40.000,2.1,-8.4000025,-2.75,30.0,13.336866,74.7454,9.084742263818288,-2.0,5.0,1.2596215887103952,76.84527808462569,55.3286002209305,25.328600220930497,0.5325891267017966
zRYzhAEAHAABAAAKCRtcAAsAtwB1gBAQ,2020-08-18 18:16:45.000,1.4000001,-8.000001,3.0,28.0,13.336875,74.74524,8.657945268942337,-2.0,5.0,-0.4267969948759518,17.34027336768148,12.484996824730667,15.515003175269333,2.0763816531754533
zRYzhAEAHAABAAAKCRtcAAsAtwB1gBAQ,2020-08-18 18:16:50.000,0.3999999,-8.000001,5.5,34.0,13.336842,74.74461,9.716481663647649,6.0,5.0,1.0585363947053121,68.26222373471813,49.148801088997054,15.148801088997054,0.6779823098793842
zRYzhAEAHAABAAAKCRtcAAsAtwB1gBAQ,2020-08-18 18:16:55.000,1.3000001,-8.800002,5.25,34.0,13.336821,74.74435,10.329207881536899,0.0,5.0,0.6127262178892501,28.22773187863959,20.323966952620506,13.676033047379494,1.5944500418493537
zRYzhAEAHAABAAAKCRtcAAsAtwB1gBAQ,2020-08-18 18:17:05.000,0.49999988,-8.800001,3.25,11.0,13.336685,74.74361,9.394281105012826,-23.0,10.0,-0.9349267765240725,81.48076725426465,29.333076211535275,18.333076211535275,0.36264043657454176
zRYzhAEAHAABAAAKCRtcAAsAtwB1gBAQ,2020-08-18 18:17:10.000,0.6000001,-8.600002,4.5,14.0,13.336657,74.743484,9.724712567474887,3.0,5.0,0.33043146246206057,13.983725073230897,10.068282052726246,3.9317179472737536,1.2648756088169653
zRYzhAEAHAABAAAKCRtcAAsAtwB1gBAQ,2020-08-18 18:17:15.000,-1.5000001,-8.600002,4.5,26.0,13.336841,74.74342,9.82140696132708,12.0,5.0,0.09669439385219292,21.59989715005349,15.551925948038514,10.448074051961486,1.5708141808767049
zRYzhAEAHAABAAAKCRtcAAsAtwB1gBAQ,2020-08-18 18:17:20.000,-0.29999992,-7.800001,1.75,30.0,13.337378,74.74338,7.999532208323247,4.0,5.0,-1.8218747530038328,59.86830872913336,43.10518228497602,13.105182284976017,0.6801921780112264
zRYzhAEAHAABAAAKCRtcAAsAtwB1gBAQ,2020-08-18 18:17:25.000,3.3,-9.000002,0.0,32.0,13.337624,74.74342,9.58592906295493,2.0,5.0,1.5863968546316833,27.694201793848364,19.939825291570823,12.060174708429177,1.528188490325245
zRYzhAEAHAABAAAKCRtcAAsAtwB1gBAQ,2020-08-18 18:17:28.000,3.3,-9.000002,0.0,32.0,13.337965,74.74344,9.58592906295493,0.0,3.0,0.0,37.97916600100751,45.57499920120902,13.574999201209017,0.6870638872532568
zRYzhAEAHAABAAAKCRtcAAsAtwB1gBAQ,2020-08-18 18:17:36.000,-0.49999994,-8.600001,3.25,24.0,13.33863,74.743454,9.207199201711724,-8.0,8.0,-0.3787298612432064,73.96013907397466,33.2820625832886,9.2820625832886,0.700074563532803
zRYzhAEAHAABAAAKCRtcAAsAtwB1gBAQ,2020-08-18 18:17:41.000,1.9999999,-8.400002,4.5,12.0,13.338862,74.74344,9.73704437701729,-12.0,5.0,0.5298451753055655,25.841654944943237,18.605991560359133,6.605991560359133,0.6120577968758542
zRYzhAEAHAABAAAKCRtcAAsAtwB1gBAQ,2020-08-18 18:17:58.000,-0.60000014,-9.600001,3.75,19.0,13.339612,74.74424,10.323881022561284,7.0,17.0,0.5868366455439951,120.19512421079915,25.45308512699276,6.453085126992761,0.7182527069635586
zRYzhAEAHAABAAAKCRtcAAsAtwB1gBAQ,2020-08-18 18:18:27.000,0.10000007,-8.400002,5.5,18.0,13.339849,74.744194,10.040917966700256,-1.0,29.0,-0.2829630558610283,26.819044695783123,3.329260720855836,14.670739279144165,4.157753750723899
zRYzhAEAHAABAAAKCRtcAAsAtwB1gBAQ,2020-08-18 18:18:28.000,0.10000007,-8.400002,5.5,18.0,13.339849,74.744194,10.040917966700256,0.0,1.0,0.0,0.0,0.0,18.0,18.0
zRYzhAEAHAABAAAKCRtcAAsAtwB1gBAQ,2020-08-18 18:18:32.000,0.9999999,-8.400002,4.25,21.0,13.339948,74.744156,9.466917840564795,3.0,4.0,-0.574000126135461,11.751009398950123,10.57590845905511,10.42409154094489,1.8141124797486639
zRYzhAEAHAABAAAKCRtcAAsAtwB1gBAQ,2020-08-18 18:18:37.000,-0.39999995,-8.600001,4.5,21.0,13.340265,74.74412,9.714423151170687,0.0,5.0,0.24750531060589154,35.46333873250379,25.53360388740273,4.53360388740273,0.7914492162133354
zRYzhAEAHAABAAAKCRtcAAsAtwB1gBAQ,2020-08-18 18:18:44.000,0.5999999,-9.200002,3.0,18.0,13.340707,74.74408,9.695361606459246,-3.0,7.0,-0.01906154471144106,49.33833252081804,25.373999582134992,7.373999582134992,0.6824903422002288
zRYzhAEAHAABAAAKCRtcAAsAtwB1gBAQ,2020-08-18 18:18:49.000,-1.0999999,-9.200002,3.0,19.0,13.34104,74.74413,9.739098345329715,1.0,5.0,0.043736738870469694,37.420998991561476,26.94311927392426,7.94311927392426,0.6799527215893277
zRYzhAEAHAABAAAKCRtcAAsAtwB1gBAQ,2020-08-18 18:18:54.000,-1.4000001,-9.200002,4.0,19.0,13.341227,74.744194,10.129167640038544,0.0,5.0,0.39006929470882845,21.916096728970285,15.779589644858605,3.2204103551413947,1.1323280486672538
zRYzhAEAHAABAAAKCRtcAAsAtwB1gBAQ,2020-08-18 18:18:59.000,0.60000014,-8.000002,2.0,19.0,13.341475,74.74419,8.268012588766663,0.0,5.0,-1.861155051271881,27.579737540352134,19.857411029053537,0.8574110290535373,0.9109471915538204
zRYzhAEAHAABAAAKCRtcAAsAtwB1gBAQ,2020-08-18 18:19:04.000,-0.6000001,-9.000002,3.75,18.0,13.341646,74.74416,9.768445941909286,-1.0,5.0,1.5004333531426237,19.289379988539604,13.888353591748515,4.1116464082514845,1.2089986907602754
zRYzhAEAHAABAAAKCRtcAAsAtwB1gBAQ,2020-08-18 18:19:09.000,1.3411045e-07,-8.200002,2.25,15.0,13.341926,74.74415,8.503089603197417,-3.0,5.0,-1.2653563387118698,31.153372682643113,22.430428331503045,7.430428331503045,0.6401931619761285
zRYzhAEAHAABAAAKCRtcAAsAtwB1gBAQ,2020-08-18 18:19:14.000,1.5999999,-8.800002,3.0,14.0,13.342011,74.744095,9.433982980692937,-1.0,5.0,0.9308933774955204,11.168817580738777,8.04154865813192,5.958451341868081,1.548407306021461
zRYzhAEAHAABAAAKCRtcAAsAtwB1gBAQ,2020-08-18 18:19:19.000,0.100000136,-8.800002,5.75,14.0,13.342155,74.74404,10.512494243860685,0.0,5.0,1.0785112631677478,17.082056905761966,12.299080972148616,1.7009190278513842,1.0527043206458606
zRYzhAEAHAABAAAKCRtcAAsAtwB1gBAQ,2020-08-18 18:19:24.000,0.5999999,-8.800002,2.75,9.0,13.34227,74.74404,9.239184762737674,-5.0,5.0,-1.273309481123011,12.787416563935311,9.206939926033424,0.20693992603342437,0.8817530097384966
zRYzhAEAHAABAAAKCRtcAAsAtwB1gBAQ,2020-08-18 18:19:28.000,0.5999999,-8.800002,2.75,9.0,13.34227,74.74404,9.239184762737674,0.0,4.0,0.0,0.0,0.0,9.0,9.0
zRYzhAEAHAABAAAKCRtcAAsAtwB1gBAQ,2020-08-18 18:19:30.000,0.30000013,-8.800002,5.25,18.0,13.342459,74.744125,10.251465030814083,9.0,2.0,1.0122802680764096,22.93993018142635,41.29187432656743,23.29187432656743,0.4256136737049873
zRYzhAEAHAABAAAKCRtcAAsAtwB1gBAQ,2020-08-18 18:19:35.000,1.9,-8.800002,4.0,20.0,13.342591,74.74419,9.851397626733172,2.0,5.0,-0.4000674040809109,16.275532191396,11.718383177805121,8.281616822194879,1.5725269258204175
zRYzhAEAHAABAAAKCRtcAAsAtwB1gBAQ,2020-08-18 18:19:40.000,0.70000017,-7.200002,2.75,21.0,13.342929,74.74423,7.739026362405288,1.0,5.0,-2.1123712643278845,37.83223146087771,27.23920665183195,6.23920665183195,0.7436469536454798
zRYzhAEAHAABAAAKCRtcAAsAtwB1gBAQ,2020-08-18 18:19:45.000,0.39999995,-9.800002,5.25,19.0,13.343134,74.74433,11.124861309697483,-2.0,5.0,3.385834947292195,25.23228338867234,18.167244039844086,0.8327559601559145,0.9912744868539042
zRYzhAEAHAABAAAKCRtcAAsAtwB1gBAQ,2020-08-18 18:19:50.000,1.2000002,-8.4000025,2.5,17.0,13.343373,74.74449,8.845905407588658,-2.0,5.0,-2.278955902108825,31.716393037229274,22.835802986805078,5.835802986805078,0.7132128088745652
zRYzhAEAHAABAAAKCRtcAAsAtwB1gBAQ,2020-08-18 18:19:55.000,0.09999994,-8.4000025,5.0,4.0,13.343502,74.74457,9.775993145865346,-13.0,5.0,0.9300877382766881,16.753248388576182,12.062338839774853,8.062338839774853,0.30622387376906735
zRYzhAEAHAABAAAKCRtcAAsAtwB1gBAQ,2020-08-18 18:20:01.000,0.20000015,-9.600002,3.75,28.0,13.343558,74.74456,10.308372250748613,24.0,6.0,0.5323791048832671,6.320210118731231,3.7921260712387386,24.207873928761263,5.842918066794964
zRYzhAEAHAABAAAKCRtcAAsAtwB1gBAQ,2020-08-18 18:20:06.000,0.79999995,-9.000003,3.75,28.0,13.343662,74.74421,9.782768213548197,0.0,5.0,-0.5256040372004165,39.59400349361187,28.507682515400546,0.5076825154005462,0.9489054243885923
zRYzhAEAHAABAAAKCRtcAAsAtwB1gBAQ,2020-08-18 18:20:16.000,2.0000002,-6.600003,1.25,32.0,13.343861,74.743416,7.008747420189219,4.0,10.0,-2.7740207933589778,88.70934294554534,31.93536346039632,0.06463653960367921,0.9716000261687999
zRYzhAEAHAABAAAKCRtcAAsAtwB1gBAQ,2020-08-18 18:20:21.000,-0.6000001,-9.600002,6.0,31.0,13.343958,74.74318,11.336667875526917,-1.0,5.0,4.327920455337698,27.718168958091887,19.95708164982616,11.042918350173839,1.4792135908034287
zRYzhAEAHAABAAAKCRtcAAsAtwB1gBAQ,2020-08-18 18:20:26.000,2.0861626e-07,-7.600003,1.75,20.0,13.344039,74.74287,7.798881047945855,-11.0,5.0,-3.537786827581062,34.7280852481736,25.004221378684992,5.004221378684992,0.7691058966446693
zRYzhAEAHAABAAAKCRtcAAsAtwB1gBAQ,2020-08-18 18:20:28.000,2.0861626e-07,-7.600003,1.75,20.0,13.344091,74.7427,7.798881047945855,0.0,2.0,0.0,19.28023880210092,34.70442984378166,14.70442984378166,0.560154582708824
zRYzhAEAHAABAAAKCRtcAAsAtwB1gBAQ,2020-08-18 18:20:31.000,0.19999993,-8.000002,3.25,14.0,13.344119,74.7426,8.637275726292637,-6.0,3.0,0.8383946783467824,11.25835268989629,13.510023227875548,0.4899767721244519,0.9648502817765494
zRYzhAEAHAABAAAKCRtcAAsAtwB1gBAQ,2020-08-18 18:20:36.000,0.50000024,-8.4000025,3.75,1.0,13.344149,74.74248,9.212629496512182,-13.0,5.0,0.5753537702195448,13.40484070447511,9.65148530722208,8.65148530722208,0.09388362009211663
zRYzhAEAHAABAAAKCRtcAAsAtwB1gBAQ,2020-08-18 18:20:41.000,0.5999999,-8.600002,3.75,1.0,13.344149,74.74248,9.401198555503655,0.0,5.0,0.18856905899147236,0.0,0.0,1.0,1.0
zRYzhAEAHAABAAAKCRtcAAsAtwB1gBAQ,2020-08-18 18:20:46.000,0.9000002,-8.600002,3.5,1.0,13.344149,74.74248,9.328452967132549,0.0,5.0,-0.0727455883711059,0.0,0.0,1.0,1.0
zRYzhAEAHAABAAAKCRtcAAsAtwB1gBAQ,2020-08-18 18:21:28.000,0.4999999,-8.600002,3.75,1.0,13.344149,74.74248,9.395346417243166,0.0,42.0,0.06689345011061754,0.0,0.0,1.0,1.0
zRYzhAEAHAABAAAKCRtcAAsAtwB1gBAQ,2020-08-18 18:22:02.000,1.1000001,-8.4000025,3.5,2.0,13.344149,74.74248,9.16624471744052,1.0,34.0,-0.22910169980264605,0.0,0.0,2.0,2.0
zRYzhAEAHAABAAAKCRtcAAsAtwB1gBAQ,2020-08-18 18:22:07.000,0.39999992,-8.4000025,5.0,2.0,13.344149,74.74248,9.78366199007336,0.0,5.0,0.6174172726328404,0.0,0.0,2.0,2.0
zRYzhAEAHAABAAAKCRtcAAsAtwB1gBAQ,2020-08-18 18:22:12.000,0.20000014,-8.200003,4.25,19.0,13.344174,74.74239,9.238103120013818,17.0,5.0,-0.5455588700595424,10.126387669556719,7.290999122080837,11.709000877919163,2.2916417816760624
zRYzhAEAHAABAAAKCRtcAAsAtwB1gBAQ,2020-08-18 18:22:17.000,0.79999995,-7.0000024,3.5,33.0,13.344318,74.74197,7.867021896499701,14.0,5.0,-1.3710812235141168,48.1795330681177,34.689263809044746,1.6892638090447463,0.9246478206041558
zRYzhAEAHAABAAAKCRtcAAsAtwB1gBAQ,2020-08-18 18:22:22.000,-1.0999999,-7.000003,9.0,42.0,13.344398,74.7417,11.4546951849453,9.0,5.0,3.5876732884455977,30.536445409879892,21.986240695113523,20.013759304886477,1.8271800316146727
zRYzhAEAHAABAAAKCRtcAAsAtwB1gBAQ,2020-08-18 18:22:27.000,1.1999999,-9.000003,4.25,32.0,13.344597,74.74107,10.025096197045142,-10.0,5.0,-1.4295989879001567,71.66318281206033,51.59749162468344,19.597491624683443,0.6083940319500473
zRYzhAEAHAABAAAKCRtcAAsAtwB1gBAQ,2020-08-18 18:22:28.000,1.1999999,-9.000003,4.25,32.0,13.344597,74.74107,10.025096197045142,0.0,1.0,0.0,0.0,0.0,32.0,32.0
zRYzhAEAHAABAAAKCRtcAAsAtwB1gBAQ,2020-08-18 18:22:32.000,2.7,-2.4000027,2.75,32.0,13.344686,74.74082,4.5401005451429475,0.0,4.0,-5.484995651902195,28.80173594899867,25.921562354098803,6.078437645901197,1.1886382959170274
zRYzhAEAHAABAAAKCRtcAAsAtwB1gBAQ,2020-08-18 18:22:42.000,0.5999999,-7.000003,1.5,46.0,13.345084,74.73964,7.184012937071384,14.0,10.0,2.6439123919284366,135.12013846404818,48.64324984705735,2.643249847057348,0.926611374994957
zRYzhAEAHAABAAAKCRtcAAsAtwB1gBAQ,2020-08-18 18:22:47.000,-0.9,-8.800003,5.0,40.0,13.345359,74.73887,10.161203314569049,-6.0,5.0,2.9771903774976645,88.7428285344255,63.89483654478636,23.894836544786358,0.6163818591698663
zRYzhAEAHAABAAAKCRtcAAsAtwB1gBAQ,2020-08-18 18:22:52.000,1.3999999,-9.800003,5.5,34.0,13.345458,74.7386,11.324754236627346,-6.0,5.0,1.1635509220582971,31.21727245510806,22.476436167677804,11.523563832322196,1.4482607052092076
zRYzhAEAHAABAAAKCRtcAAsAtwB1gBAQ,2020-08-18 18:22:57.000,-1.1999999,-5.800003,5.25,38.0,13.345682,74.73799,7.91470369375942,4.0,5.0,-3.4100505428679257,70.54094948374714,50.789483628297944,12.789483628297944,0.7337396965131484
zRYzhAEAHAABAAAKCRtcAAsAtwB1gBAQ,2020-08-18 18:23:02.000,1.0999999,-5.800003,4.25,35.0,13.34579,74.737724,7.274100259139202,-3.0,5.0,-0.6406034346202176,31.184192162256956,22.452618356825006,12.547381643174994,1.492370679788705
zRYzhAEAHAABAAAKCRtcAAsAtwB1gBAQ,2020-08-18 18:23:07.000,-0.6999999,-9.600003,7.75,33.0,13.346022,74.73713,12.357692238440356,-2.0,5.0,5.083591979301153,69.25043988178678,49.86031671488648,16.86031671488648,0.6488359123870953
zRYzhAEAHAABAAAKCRtcAAsAtwB1gBAQ,2020-08-18 18:23:12.000,-0.40000013,-9.600003,6.5,30.0,13.346104,74.73691,11.60043351362392,-3.0,5.0,-0.7572587248164364,25.488895016730513,18.35200441204597,11.647995587954028,1.5502270132455123
zRYzhAEAHAABAAAKCRtcAAsAtwB1gBAQ,2020-08-18 18:23:17.000,2.1000001,-11.800003,2.5,24.0,13.346273,74.73644,12.243368458884548,-6.0,5.0,0.6429349452606292,54.21142944882937,39.032229203157144,15.032229203157144,0.5995169511596231
zRYzhAEAHAABAAAKCRtcAAsAtwB1gBAQ,2020-08-18 18:23:22.000,-0.5000001,-10.000003,3.0,11.0,13.346332,74.736275,10.45227535515636,-13.0,5.0,-1.7910931037281888,19.018983652655614,13.693668229912042,2.693668229912042,0.7486217755759038
zRYzhAEAHAABAAAKCRtcAAsAtwB1gBAQ,2020-08-18 18:23:27.000,0.60000014,-9.000003,3.75,3.0,13.346373,74.736145,9.768446865700248,-8.0,5.0,-0.6838284894561113,14.785359712978003,10.645458993344162,7.645458993344162,0.25761114282525216
zRYzhAEAHAABAAAKCRtcAAsAtwB1gBAQ,2020-08-18 18:23:28.000,0.60000014,-9.000003,3.75,3.0,13.346373,74.736145,9.768446865700248,0.0,1.0,0.0,0.0,0.0,3.0,3.0
zRYzhAEAHAABAAAKCRtcAAsAtwB1gBAQ,2020-08-18 18:23:32.000,0.3999999,-8.800003,3.75,3.0,13.346383,74.736084,9.574056231295542,0.0,4.0,-0.19439063440470683,6.6927182973435455,6.023446467609191,3.0234464676091912,0.4271407226972446
zRYzhAEAHAABAAAKCRtcAAsAtwB1gBAQ,2020-08-18 18:23:42.000,-0.7999999,-7.000003,6.0,10.0,13.346383,74.736084,9.254190501605693,7.0,10.0,-0.31986572968984817,0.0,0.0,10.0,10.0
zRYzhAEAHAABAAAKCRtcAAsAtwB1gBAQ,2020-08-18 18:23:47.000,0.8999999,-8.4000025,4.25,3.0,13.346557,74.73588,9.456878016555265,-7.0,5.0,0.20268751494957193,29.3509164008865,21.13265980863828,18.13265980863828,0.13554629339349053
zRYzhAEAHAABAAAKCRtcAAsAtwB1gBAQ,2020-08-18 18:23:52.000,0.5000001,-8.800003,4.0,3.0,13.346557,74.73588,9.679362215559918,0.0,5.0,0.22248419900465244,0.0,0.0,3.0,3.0
zRYzhAEAHAABAAAKCRtcAAsAtwB1gBAQ,2020-08-18 18:24:03.000,1.4,-9.200003,7.0,4.0,13.346638,74.7357,11.644743672576439,1.0,11.0,1.9653814570165213,21.456437923868084,7.022106956902283,3.0221069569022827,0.4986221227776537
zRYzhAEAHAABAAAKCRtcAAsAtwB1gBAQ,2020-08-18 18:24:07.000,-1.3999999,-9.600002,7.0,25.0,13.346638,74.7357,11.963278736199538,21.0,4.0,0.3185350636230986,0.0,0.0,25.0,25.0
zRYzhAEAHAABAAAKCRtcAAsAtwB1gBAQ,2020-08-18 18:24:13.000,1.8,-8.800003,-0.25,24.0,13.346931,74.73571,8.985685994959372,-1.0,6.0,-2.9775927412401657,32.59807262693393,19.558843576160356,4.441156423839644,1.1673808359449722
zRYzhAEAHAABAAAKCRtcAAsAtwB1gBAQ,2020-08-18 18:24:18.000,-0.9999999,-9.800002,5.75,35.0,13.347387,74.73602,11.40624999726045,11.0,5.0,2.4205640023010773,60.793698153701314,43.771462670664945,8.771462670664945,0.7817479687330523
zRYzhAEAHAABAAAKCRtcAAsAtwB1gBAQ,2020-08-18 18:24:23.000,-0.100000076,-7.800003,2.75,44.0,13.347653,74.73612,8.27118775117631,9.0,5.0,-3.1350622460841393,31.494488630030826,22.676031813622195,21.323968186377805,1.8584195335759028
zRYzhAEAHAABAAAKCRtcAAsAtwB1gBAQ,2020-08-18 18:24:28.000,1.9000002,-8.4000025,0.75,45.0,13.348077,74.73625,8.64479859568783,1.0,5.0,0.3736108445115196,49.19986258212769,35.423901059131936,9.576098940868064,1.2354525103432854
zRYzhAEAHAABAAAKCRtcAAsAtwB1gBAQ,2020-08-18 18:24:33.000,2.1,-8.800003,0.75,45.0,13.348647,74.736404,9.078135976069591,0.0,5.0,0.4333373803817615,65.53447334508236,47.18482080845931,2.184820808459307,0.9339040644953446
zRYzhAEAHAABAAAKCRtcAAsAtwB1gBAQ,2020-08-18 18:24:38.000,0.9000002,-10.000003,3.25,46.0,13.349489,74.73672,10.553319873860028,1.0,5.0,1.475183897790437,99.6729004121268,71.7644882967313,25.7644882967313,0.6321765063806049
zRYzhAEAHAABAAAKCRtcAAsAtwB1gBAQ,2020-08-18 18:24:43.000,0.89999986,-7.800003,2.5,49.0,13.349841,74.736855,8.240148454245773,3.0,5.0,-2.313171419614255,41.77695570381962,30.079408106750126,18.920591893249874,1.576606601763362
zRYzhAEAHAABAAAKCRtcAAsAtwB1gBAQ,2020-08-18 18:24:48.000,-0.0999998,-9.200003,3.5,51.0,13.350631,74.737274,9.843782563629139,2.0,5.0,1.603634109383366,98.85102412211373,71.17273736792188,20.172737367921883,0.7066380167903624
zRYzhAEAHAABAAAKCRtcAAsAtwB1gBAQ,2020-08-18 18:24:53.000,2.6,-9.200003,3.75,54.0,13.35099,74.73746,10.269496345975737,3.0,5.0,0.4257137823465982,44.70427683169718,32.18707931882197,21.812920681178028,1.627139269510048
zRYzhAEAHAABAAAKCRtcAAsAtwB1gBAQ,2020-08-18 18:24:58.000,0.50000024,-8.800003,3.75,52.0,13.351833,74.73794,9.578755297010623,-2.0,5.0,-0.6907410489651138,107.16115517835289,77.15603172841408,25.156031728414078,0.665335724575882
zRYzhAEAHAABAAAKCRtcAAsAtwB1gBAQ,2020-08-18 18:25:03.000,0.69999987,-9.000003,5.0,52.0,13.352189,74.73815,10.319401814931377,0.0,5.0,0.7406465179207533,45.641981440354044,32.86222663705491,19.13777336294509,1.5356343975058393
zRYzhAEAHAABAAAKCRtcAAsAtwB1gBAQ,2020-08-18 18:25:08.000,0.30000025,-8.400003,5.0,51.0,13.352956,74.73858,9.780084383583256,-1.0,5.0,-0.5393174313481204,97.1494651754466,69.94761492632155,18.94761492632155,0.7188402323737455
zRYzhAEAHAABAAAKCRtcAAsAtwB1gBAQ,2020-08-18 18:25:13.000,0.59999985,-8.400003,4.0,51.0,13.353271,74.73879,9.323092309958591,0.0,5.0,-0.4569920736246651,41.749624849389484,30.05972989156043,20.94027010843957,1.6419975375850822
zRYzhAEAHAABAAAKCRtcAAsAtwB1gBAQ,2020-08-18 18:25:18.000,0.60000026,-8.800003,4.25,50.0,13.354099,74.73924,9.790942401628612,-1.0,5.0,0.46785009167002123,104.14887475351192,74.98718982252858,24.987189822528578,0.6580056469620366
zRYzhAEAHAABAAAKCRtcAAsAtwB1gBAQ,2020-08-18 18:25:23.000,0.79999983,-9.400003,5.0,50.0,13.354455,74.739426,10.677080880465832,0.0,5.0,0.8861384788372195,44.40652303418218,31.972696584611167,18.027303415388833,1.516406153548743
zRYzhAEAHAABAAAKCRtcAAsAtwB1gBAQ,2020-08-18 18:25:28.000,1.2000003,-7.800003,3.75,52.0,13.355029,74.73972,8.737422246864867,2.0,5.0,-1.9396586336009651,71.31232509563276,51.34487406885559,0.6551259311444113,0.9934115025589337
zRYzhAEAHAABAAAKCRtcAAsAtwB1gBAQ,2020-08-18 18:25:29.000,1.2000003,-7.800003,3.75,52.0,13.355484,74.73995,8.737422246864867,0.0,1.0,0.0,56.381693439101944,18.37141996819203,33.62858003180797,2.6843669738916542
zRYzhAEAHAABAAAKCRtcAAsAtwB1gBAQ,2020-08-18 18:25:33.000,0.39999983,-8.600003,4.75,55.0,13.355484,74.73995,9.83272858691874,3.0,4.0,1.0953063400538738,0.0,0.0,55.0,55.0
zRYzhAEAHAABAAAKCRtcAAsAtwB1gBAQ,2020-08-18 18:25:38.000,-0.49999973,-7.200003,4.25,55.0,13.356535,74.74056,8.375711487987697,0.0,5.0,-1.4570170989310434,134.21210175175037,96.63271326126028,41.63271326126028,0.5633357730499893
zRYzhAEAHAABAAAKCRtcAAsAtwB1gBAQ,2020-08-18 18:25:43.000,0.79999983,-8.400003,3.75,55.0,13.356919,74.74077,9.23377225883382,0.0,5.0,0.858060770846123,48.36691882406515,34.82418155332691,20.17581844667309,1.5352758280919407
zRYzhAEAHAABAAAKCRtcAAsAtwB1gBAQ,2020-08-18 18:25:48.000,1.1000003,-9.600003,4.0,56.0,13.357784,74.74129,10.458014068646545,1.0,5.0,1.2242418098127246,111.42781509333791,80.2280268672033,24.228026867203297,0.6894172142276992
zRYzhAEAHAABAAAKCRtcAAsAtwB1gBAQ,2020-08-18 18:25:53.000,0.9999998,-8.200004,3.5,57.0,13.358175,74.74149,8.971625560622558,1.0,5.0,-1.4863885080239871,48.56379373971323,34.96593149259353,22.034068507406467,1.5848331360954189
zRYzhAEAHAABAAAKCRtcAAsAtwB1gBAQ,2020-08-18 18:25:58.000,1.2000003,-7.4000034,4.25,57.0,13.359049,74.742,8.617572224241098,0.0,5.0,-0.35405333638145997,111.75457328650604,80.46329276628435,23.463292766284354,0.699701645543978
zRYzhAEAHAABAAAKCRtcAAsAtwB1gBAQ,2020-08-18 18:26:03.000,0.79999983,-9.000004,5.25,61.0,13.359425,74.74221,10.450003431961926,4.0,5.0,1.8324312077208287,47.583327778965995,34.25999600085552,26.740003999144477,1.730005868364816
zRYzhAEAHAABAAAKCRtcAAsAtwB1gBAQ,2020-08-18 18:26:08.000,0.40000027,-8.000004,4.0,61.0,13.36035,74.742744,8.95321530043906,0.0,5.0,-1.496788131522866,117.96917003702124,84.9378024266553,23.937802426655296,0.7098156838727779
zRYzhAEAHAABAAAKCRtcAAsAtwB1gBAQ,2020-08-18 18:26:13.000,0.49999982,-8.000004,4.75,50.0,13.360742,74.74296,9.317326001595953,-11.0,5.0,0.3641107011568927,49.45721189207323,35.609192562292726,14.390807437707274,1.3657771860147425
zRYzhAEAHAABAAAKCRtcAAsAtwB1gBAQ,2020-08-18 18:26:18.000,1.2000003,-7.6000037,3.5,56.0,13.361545,74.74338,8.452813552895497,6.0,5.0,-0.8645124487004558,100.18588442720765,72.13383678758952,16.133836787589516,0.7657194324789336
zRYzhAEAHAABAAAKCRtcAAsAtwB1gBAQ,2020-08-18 18:26:29.000,1.0999998,-10.000004,3.75,62.0,13.362513,74.743744,10.736506860241652,6.0,11.0,2.283693307346155,114.61406283275207,37.510056927082495,24.489943072917505,1.609969056067482
zRYzhAEAHAABAAAKCRtcAAsAtwB1gBAQ,2020-08-18 18:26:50.000,0.7999998,-8.800004,2.75,42.0,13.371588,74.74586,9.254327100336146,-20.0,21.0,-1.482179759905506,1034.7329888582892,177.38279808999246,135.38279808999246,0.2354487117015139
zRYzhAEAHAABAAAKCRtcAAsAtwB1gBAQ,2020-08-18 18:27:35.000,1.3000002,-8.600004,2.5,26.0,13.372123,74.745834,9.049865707291795,-16.0,45.0,-0.20446139304435107,59.55574149574241,4.764459319659393,21.235540680340605,4.5103969961811226
zRYzhAEAHAABAAAKCRtcAAsAtwB1gBAQ,2020-08-18 18:27:40.000,-0.30000025,-9.000004,6.25,29.0,13.372631,74.74563,10.96141287198033,3.0,5.0,1.9115471646885354,60.64497936333852,43.66438514160374,14.664385141603738,0.6492868962162704
zRYzhAEAHAABAAAKCRtcAAsAtwB1gBAQ,2020-08-18 18:27:45.000,1.2000002,-8.000004,2.75,29.0,13.372816,74.745544,8.544153818841046,0.0,5.0,-2.4172590531392846,22.577052624267193,16.255477889472377,12.744522110527623,1.6806257227852839
zRYzhAEAHAABAAAKCRtcAAsAtwB1gBAQ,2020-08-18 18:27:50.000,1.6999998,-9.600004,4.25,36.0,13.372992,74.74546,10.635439629842109,7.0,5.0,2.091285811001063,21.577130084275556,15.535533660678402,20.464466339321596,2.1771296130350004
zRYzhAEAHAABAAAKCRtcAAsAtwB1gBAQ,2020-08-18 18:27:55.000,0.8000002,-7.000004,3.75,36.0,13.37343,74.7452,7.981388119870881,0.0,5.0,-2.654051509971228,56.24173418329877,40.49404861197511,4.49404861197511,0.8675942985619017
zRYzhAEAHAABAAAKCRtcAAsAtwB1gBAQ,2020-08-18 18:28:02.000,0.4999998,-8.000004,4.0,41.0,13.373978,74.744804,8.958239994553397,5.0,7.0,0.9768518746825157,74.48651672120121,38.307351456617766,2.6926485433822336,1.0430618823364468
zRYzhAEAHAABAAAKCRtcAAsAtwB1gBAQ,2020-08-18 18:28:07.000,-0.59999985,-8.800004,4.75,43.0,13.374525,74.74442,10.018112108576947,2.0,5.0,1.05987211402355,73.65565861723434,53.03207420440873,10.03207420440873,0.7958236035382745
zRYzhAEAHAABAAAKCRtcAAsAtwB1gBAQ,2020-08-18 18:28:12.000,0.8999998,-8.800004,2.75,43.0,13.374874,74.74412,9.263507437251619,0.0,5.0,-0.7546046713253283,50.58883607172908,36.423961971644935,6.576038028355065,1.1489964646869797
zRYzhAEAHAABAAAKCRtcAAsAtwB1gBAQ,2020-08-18 18:28:17.000,0.30000016,-9.000004,3.25,45.0,13.375362,74.74365,9.573534984320892,2.0,5.0,0.31002754706927327,74.36133758367433,53.54016306024552,8.540163060245519,0.8250800414786553
zRYzhAEAHAABAAAKCRtcAAsAtwB1gBAQ,2020-08-18 18:28:22.000,-0.10000022,-7.600004,3.75,48.0,13.375684,74.74329,8.475409184459242,3.0,5.0,-1.0981257998616503,52.90220644942585,38.08958864358661,9.910411356413391,1.2279484554738418
zRYzhAEAHAABAAAKCRtcAAsAtwB1gBAQ,2020-08-18 18:28:27.000,2.8000002,-8.200004,1.5,47.0,13.376085,74.74267,8.793751572566514,-1.0,5.0,0.318342388107272,80.53989712235926,57.988725928098674,10.988725928098674,0.796762419606897
zRYzhAEAHAABAAAKCRtcAAsAtwB1gBAQ,2020-08-18 18:28:30.000,2.8000002,-8.200004,1.5,47.0,13.376085,74.74267,8.793751572566514,0.0,3.0,0.0,0.0,0.0,47.0,47.0
zRYzhAEAHAABAAAKCRtcAAsAtwB1gBAQ,2020-08-18 18:28:34.000,0.19999978,-8.600004,1.5,47.0,13.376533,74.74192,8.732128532724197,0.0,4.0,-0.061623039842316985,95.20640159692022,85.6857614372282,38.685761437228194,0.5421882350775004
zRYzhAEAHAABAAAKCRtcAAsAtwB1gBAQ,2020-08-18 18:28:39.000,-0.09999985,-8.400003,4.25,46.0,13.37672,74.7416,9.414486197876602,-1.0,5.0,0.6823576651524057,40.38201309835146,29.075049430813053,16.924950569186947,1.5295070455602051
zRYzhAEAHAABAAAKCRtcAAsAtwB1gBAQ,2020-08-18 18:28:44.000,0.3999998,-8.800004,3.5,45.0,13.377135,74.74104,9.4789276946296,-1.0,5.0,0.06444149675299826,76.15345509245587,54.83048766656823,9.830487666568231,0.8060112293618095
zRYzhAEAHAABAAAKCRtcAAsAtwB1gBAQ,2020-08-18 18:28:49.000,0.20000015,-8.800004,2.75,43.0,13.377607,74.74058,9.221852875643593,-2.0,5.0,-0.25707481898600726,72.32434909249258,52.07353134659466,9.073531346594663,0.8101967008599851
zRYzhAEAHAABAAAKCRtcAAsAtwB1gBAQ,2020-08-18 18:29:00.000,1.4901161e-07,-7.6000032,3.0,42.0,13.378457,74.73987,8.170682262822993,-1.0,11.0,-1.0511706128206004,121.78831307313042,39.85799336938814,2.14200663061186,1.0279506293979548
zRYzhAEAHAABAAAKCRtcAAsAtwB1gBAQ,2020-08-18 18:29:05.000,-0.8000002,-9.000004,3.0,23.0,13.378762,74.73966,9.520507986447784,-19.0,5.0,1.3498257236247913,40.819888545132976,29.390319752495742,6.390319752495742,0.756819940932381
zRYzhAEAHAABAAAKCRtcAAsAtwB1gBAQ,2020-08-18 18:29:10.000,0.8000002,-8.000003,3.0,6.0,13.378995,74.73955,8.581377996569609,-17.0,5.0,-0.9391299898781753,28.510421234970494,20.527503289178757,14.527503289178757,0.2787132311351695
zRYzhAEAHAABAAAKCRtcAAsAtwB1gBAQ,2020-08-18 18:29:15.000,1.8999999,-6.000004,3.25,13.0,13.378995,74.73955,7.083258262975875,7.0,5.0,-1.4981197335937342,0.0,0.0,13.0,13.0
zRYzhAEAHAABAAAKCRtcAAsAtwB1gBAQ,2020-08-18 18:29:20.000,1.9000002,-8.800003,4.5,21.0,13.379194,74.73936,10.064792772829902,8.0,5.0,2.9815345098540273,30.20085907842159,21.744618536463545,0.7446185364635447,0.9232953265992736
zRYzhAEAHAABAAAKCRtcAAsAtwB1gBAQ,2020-08-18 18:29:25.000,1.3999999,-7.800004,4.0,29.0,13.379414,74.739265,8.876939907423955,8.0,5.0,-1.1878528654059473,26.533859470419085,19.104378818701743,9.895621181298257,1.4424718247461226
zRYzhAEAHAABAAAKCRtcAAsAtwB1gBAQ,2020-08-18 18:29:30.000,1.3999999,-7.800004,4.0,29.0,13.379978,74.739,8.876939907423955,0.0,5.0,0.0,68.95525743017969,49.647785349729375,20.647785349729375,0.572581797994746
zRYzhAEAHAABAAAKCRtcAAsAtwB1gBAQ,2020-08-18 18:29:37.000,1.3000002,-9.600003,2.25,26.0,13.380401,74.73887,9.945479280558027,-3.0,7.0,1.0685393731340724,49.09277834524355,25.24771457755383,0.752285422446171,0.9905624325187662
zRYzhAEAHAABAAAKCRtcAAsAtwB1gBAQ,2020-08-18 18:29:42.000,1.7999998,-7.400004,2.75,25.0,13.380581,74.73881,8.097070981534992,-1.0,5.0,-1.8484082990230348,21.041184998775673,15.149653199118486,9.850346800881514,1.5480208578946204
zRYzhAEAHAABAAAKCRtcAAsAtwB1gBAQ,2020-08-18 18:29:47.000,1.7136335e-07,-9.400003,6.25,25.0,13.380998,74.73869,11.288160009497076,0.0,5.0,3.191089027962084,48.15110017748382,34.66879212778835,9.66879212778835,0.700892811576968
zRYzhAEAHAABAAAKCRtcAAsAtwB1gBAQ,2020-08-18 18:29:52.000,1.4999999,-8.600004,2.0,23.0,13.381203,74.73867,8.956007397273408,-2.0,5.0,-2.332152612223668,22.897402449892567,16.486129763922648,6.513870236077352,1.315328223598887
zRYzhAEAHAABAAAKCRtcAAsAtwB1gBAQ,2020-08-18 18:29:57.000,1.0000002,-7.4000034,4.75,20.0,13.381466,74.73861,8.850002865536915,-3.0,5.0,-0.10600453173649349,29.955876692362203,21.568231218500785,1.5682312185007845,0.8862014841289191
zRYzhAEAHAABAAAKCRtcAAsAtwB1gBAQ,2020-08-18 18:30:02.000,0.49999988,-9.000004,3.5,25.0,13.381654,74.73856,9.669543519733288,5.0,5.0,0.8195406541963735,21.593039780674925,15.546988642085944,9.453011357914056,1.5108489248862176
zRYzhAEAHAABAAAKCRtcAAsAtwB1gBAQ,2020-08-18 18:30:07.000,0.80000025,-9.800003,2.5,26.0,13.382108,74.738525,10.14544524404962,1.0,5.0,0.4759017243163317,50.624277280011945,36.449479641608605,10.449479641608605,0.6942686587055391
zRYzhAEAHAABAAAKCRtcAAsAtwB1gBAQ,2020-08-18 18:30:12.000,0.69999987,-8.600004,2.5,26.0,13.382321,74.73851,8.983321691780608,0.0,5.0,-1.162123552269012,23.74003803197267,17.092827383020325,8.907172616979675,1.4370335520030642
zRYzhAEAHAABAAAKCRtcAAsAtwB1gBAQ,2020-08-18 18:30:17.000,0.30000025,-8.600003,3.75,24.0,13.382779,74.73843,9.386828631119727,-2.0,5.0,0.40350693933911863,51.6573325753811,37.19327945427439,13.19327945427439,0.6283828030199184
zRYzhAEAHAABAAAKCRtcAAsAtwB1gBAQ,2020-08-18 18:30:22.000,1.2999998,-9.200005,3.75,20.0,13.382951,74.73842,10.019610345718293,-4.0,5.0,0.6327817145985666,19.156095383629324,13.792388676213113,6.207611323786887,1.3520466800714195
zRYzhAEAHAABAAAKCRtcAAsAtwB1gBAQ,2020-08-18 18:30:27.000,0.7000003,-9.000003,3.25,6.0,13.38322,74.738396,9.594402244017553,-14.0,5.0,-0.42520810170073986,30.023894770794335,21.617204234971922,15.617204234971922,0.26528477780301785
zRYzhAEAHAABAAAKCRtcAAsAtwB1gBAQ,2020-08-18 18:30:30.000,0.7000003,-9.000003,3.25,6.0,13.38322,74.738396,9.594402244017553,0.0,3.0,0.0,0.0,0.0,6.0,6.0
zRYzhAEAHAABAAAKCRtcAAsAtwB1gBAQ,2020-08-18 18:30:32.000,0.6999998,-8.800005,4.75,6.0,13.38322,74.738396,10.024599130141068,0.0,2.0,0.4301968861235146,0.0,0.0,6.0,6.0
zRYzhAEAHAABAAAKCRtcAAsAtwB1gBAQ,2020-08-18 18:30:43.000,-0.39999974,-8.200005,4.25,18.0,13.383507,74.738365,9.244597438072956,12.0,11.0,-0.7800016920681117,32.08865058532952,10.501740191562389,7.498259808437611,1.5649805768699852
zRYzhAEAHAABAAAKCRtcAAsAtwB1gBAQ,2020-08-18 18:30:48.000,0.49999982,-8.000003,4.25,17.0,13.383848,74.73828,9.07262629121298,-1.0,5.0,-0.17197114685997583,39.01641167728701,28.091816407646647,11.091816407646647,0.5843567744890494
zRYzhAEAHAABAAAKCRtcAAsAtwB1gBAQ,2020-08-18 18:30:53.000,1.2000003,-8.600004,3.25,20.0,13.383994,74.738266,9.271600159628115,3.0,5.0,0.1989738684151341,16.30494483175808,11.739560278865817,8.260439721134183,1.5699128982637514
zRYzhAEAHAABAAAKCRtcAAsAtwB1gBAQ,2020-08-18 18:30:58.000,1.1999998,-8.4000025,4.0,22.0,13.384377,74.73826,9.380833732670368,2.0,5.0,0.10923357304225334,42.59260247264171,30.666673780302034,8.666673780302034,0.6947366860388381
zRYzhAEAHAABAAAKCRtcAAsAtwB1gBAQ,2020-08-18 18:31:03.000,1.0000002,-9.800004,3.0,23.0,13.384545,74.73825,10.29757635562932,1.0,5.0,0.9167426229589513,18.71204186893451,13.472670145632847,9.527329854367153,1.58920225283655
zRYzhAEAHAABAAAKCRtcAAsAtwB1gBAQ,2020-08-18 18:31:08.000,1.8999999,-9.200003,2.0,14.0,13.384936,74.73826,9.604689209964528,-9.0,5.0,-0.6928871456647911,43.4906715654255,31.313283527106364,17.313283527106364,0.43325835296979154
zRYzhAEAHAABAAAKCRtcAAsAtwB1gBAQ,2020-08-18 18:31:13.000,1.1000003,-7.800004,2.75,7.0,13.385024,74.73829,8.343414352650605,-7.0,5.0,-1.2612748573139232,10.309256954193165,7.422665007019079,0.42266500701907894,0.8310908713769938
zRYzhAEAHAABAAAKCRtcAAsAtwB1gBAQ,2020-08-18 18:31:18.000,0.59999985,-8.800003,3.0,7.0,13.385133,74.73826,9.316654583057645,0.0,5.0,0.9732402304070398,12.547188046816512,9.033975393707887,2.0339753937078875,0.6976297753719394
zRYzhAEAHAABAAAKCRtcAAsAtwB1gBAQ,2020-08-18 18:31:23.000,0.9000003,-8.400004,3.0,4.0,13.385133,74.73826,8.964935456544909,-3.0,5.0,-0.3517191265127355,0.0,0.0,4.0,4.0
zRYzhAEAHAABAAAKCRtcAAsAtwB1gBAQ,2020-08-18 18:31:28.000,0.49999985,-8.400004,3.75,1.0,13.385208,74.73824,9.21263084303371,-3.0,5.0,0.2476953864888003,8.615679568905424,6.203289289611906,5.203289289611906,0.13882546706018487
zRYzhAEAHAABAAAKCRtcAAsAtwB1gBAQ,2020-08-18 18:31:30.000,0.49999985,-8.400004,3.75,1.0,13.385208,74.73824,9.21263084303371,0.0,2.0,0.0,0.0,0.0,1.0,1.0
zRYzhAEAHAABAAAKCRtcAAsAtwB1gBAQ,2020-08-18 18:31:33.000,0.40000027,-8.600003,4.0,1.0,13.385208,74.73824,9.493158158168916,0.0,3.0,0.2805273151352061,0.0,0.0,1.0,1.0
zRYzhAEAHAABAAAKCRtcAAsAtwB1gBAQ,2020-08-18 18:31:38.000,0.29999983,-8.600003,4.0,1.0,13.385208,74.73824,9.489470559415262,0.0,5.0,-0.0036875987536539867,0.0,0.0,1.0,1.0
zRYzhAEAHAABAAAKCRtcAAsAtwB1gBAQ,2020-08-18 18:32:08.000,2.9802322e-07,-8.600003,3.25,5.0,13.385208,74.73824,9.193614718923621,4.0,30.0,-0.29585584049164027,0.0,0.0,5.0,5.0
zRYzhAEAHAABAAAKCRtcAAsAtwB1gBAQ,2020-08-18 18:32:13.000,1.4999999,-8.200005,3.25,5.0,13.38533,74.73817,8.947210833551706,0.0,5.0,-0.24640388537191527,15.53604555817948,11.185952801889226,6.185952801889226,0.41030849875151615
zRYzhAEAHAABAAAKCRtcAAsAtwB1gBAQ,2020-08-18 18:32:18.000,0.2000003,-8.200005,3.25,1.0,13.385364,74.73814,8.82284433275489,-4.0,5.0,-0.12436650079681577,4.982435275812958,3.58735339858533,2.58735339858533,0.21799061748946238
zRYzhAEAHAABAAAKCRtcAAsAtwB1gBAQ,2020-08-18 18:32:30.000,0.29999986,-8.200005,3.25,1.0,13.385364,74.73814,8.825677419667288,0.0,12.0,0.0028330869123980307,0.0,0.0,1.0,1.0
zRYzhAEAHAABAAAKCRtcAAsAtwB1gBAQ,2020-08-18 18:33:11.000,0.7,-8.6,3.75,0.0,13.385355,74.73814,9.408108205160056,-1.0,41.0,0.5824307854927682,1.0007543396909069,0.08787111275334791,0.08787111275334791,0.0
zRYzhAEAHAABAAAKCRtcAAsAtwB1gBAQ,2020-08-18 18:33:16.000,0.90000004,-8.6,4.25,3.0,13.385355,74.73814,9.634962380414363,3.0,5.0,0.2268541752543065,0.0,0.0,3.0,3.0
zRYzhAEAHAABAAAKCRtcAAsAtwB1gBAQ,2020-08-18 18:33:23.000,0.8,-8.400001,3.0,9.0,13.385355,74.73814,8.955446208872063,6.0,7.0,-0.6795161715422999,0.0,0.0,9.0,9.0
zRYzhAEAHAABAAAKCRtcAAsAtwB1gBAQ,2020-08-18 18:33:28.000,2.2351742e-08,-8.400001,3.0,9.0,13.385355,74.73814,8.91964219013302,0.0,5.0,-0.03580401873904293,0.0,0.0,9.0,9.0
zRYzhAEAHAABAAAKCRtcAAsAtwB1gBAQ,2020-08-18 18:33:33.000,0.1,-8.400001,4.75,5.0,13.385258,74.73834,9.650518991225342,-4.0,5.0,0.7308768010923217,24.17443662250052,17.405594368200372,12.405594368200372,0.27165653550632285
zRYzhAEAHAABAAAKCRtcAAsAtwB1gBAQ,2020-08-18 18:33:43.000,0.90000004,-7.6000004,2.75,36.0,13.385615,74.73852,8.132189505416125,31.0,10.0,-1.5183294858092165,44.214856003411526,15.91734816122815,20.082651838771852,2.1279930906964624
zRYzhAEAHAABAAAKCRtcAAsAtwB1gBAQ,2020-08-18 18:33:48.000,-0.2,-8.6,4.5,52.0,13.38622,74.738754,9.7082439194738,16.0,5.0,1.5760544140576744,71.87754620622464,51.75183326848174,0.24816673151826052,0.9857477319384282
zRYzhAEAHAABAAAKCRtcAAsAtwB1gBAQ,2020-08-18 18:33:57.000,-1.8000001,-9.8,6.5,71.0,13.388572,74.74401,11.896638195725716,19.0,9.0,2.188394276251916,625.8258678049929,18.37141996819203,52.62858003180797,3.66519336819822
zRYzhAEAHAABAAAKCRtcAAsAtwB1gBAQ,2020-08-18 18:34:30.000,1.5,-9.2,3.25,72.0,13.388696,74.744545,9.871803280049699,1.0,33.0,-2.024834915676017,59.49232831829869,6.490072180178039,65.50992781982197,9.612724452848806
zRYzhAEAHAABAAAKCRtcAAsAtwB1gBAQ,2020-08-18 18:34:35.000,-0.20000005,-8.6,4.25,69.0,13.389176,74.745544,9.594920532239962,-3.0,5.0,-0.27688274780973643,120.5266901758324,86.77921692659933,17.779216926599332,0.7860630615752423
zRYzhAEAHAABAAAKCRtcAAsAtwB1gBAQ,2020-08-18 18:34:40.000,-0.100000024,-9.4,3.5,68.0,13.389671,74.7467,10.030952098619553,-1.0,5.0,0.4360315663795902,136.62510560986084,98.3700760390998,30.3700760390998,0.6843106366673564
zRYzhAEAHAABAAAKCRtcAAsAtwB1gBAQ,2020-08-18 18:34:45.000,0.7,-9.8,2.5,67.0,13.389876,74.74718,10.13804714922948,-1.0,5.0,0.10709505060992797,56.70607896008807,40.828376851263414,26.171623148736586,1.6017834074280195
zRYzhAEAHAABAAAKCRtcAAsAtwB1gBAQ,2020-08-18 18:34:57.000,0.8,-8.0,2.25,67.0,13.391184,74.749,8.348802309313594,0.0,12.0,-1.7892448399158862,244.77060642706675,73.43118192812003,6.431181928120026,0.9001603664537197
zRYzhAEAHAABAAAKCRtcAAsAtwB1gBAQ,2020-08-18 18:35:02.000,1.5,-8.0,2.0,68.0,13.392114,74.749435,8.381527307120106,1.0,5.0,0.03272499780651117,113.61350580262473,81.80172417788981,13.80172417788981,0.8212389376567807
zRYzhAEAHAABAAAKCRtcAAsAtwB1gBAQ,2020-08-18 18:35:07.000,0.0,-9.2,5.75,68.0,13.392801,74.74955,10.849078301865093,0.0,5.0,2.467550994744988,77.3971413053017,55.72594173981722,12.274058260182777,1.1987460748010688
zRYzhAEAHAABAAAKCRtcAAsAtwB1gBAQ,2020-08-18 18:35:12.000,-0.90000004,-9.2,6.25,71.0,13.393849,74.7496,11.158516929771626,3.0,5.0,0.3094386279065322,116.6577270672944,83.99356348845197,12.993563488451969,0.8353573739692269
zRYzhAEAHAABAAAKCRtcAAsAtwB1gBAQ,2020-08-18 18:35:17.000,-0.4,-4.8,3.5,73.0,13.394605,74.74964,5.953990258641679,2.0,5.0,-5.204526671129947,84.17464329400856,60.605743171686164,12.394256828313836,1.1849544578426676
zRYzhAEAHAABAAAKCRtcAAsAtwB1gBAQ,2020-08-18 18:35:22.000,0.59999996,-10.8,3.0,75.0,13.395733,74.74976,11.224972158183734,2.0,5.0,5.270981899542055,126.097751413309,90.79038101758248,15.790381017582476,0.8170790791862355
zRYzhAEAHAABAAAKCRtcAAsAtwB1gBAQ,2020-08-18 18:35:25.000,0.59999996,-10.8,3.0,75.0,13.395733,74.74976,11.224972158183734,0.0,3.0,0.0,0.0,0.0,75.0,75.0
zRYzhAEAHAABAAAKCRtcAAsAtwB1gBAQ,2020-08-18 18:35:30.000,1.1,-8.6,3.75,79.0,13.397122,74.74988,9.446295570222222,4.0,5.0,-1.7786765879615114,154.994241801167,111.59585409684024,32.59585409684024,0.70162441267202
zRYzhAEAHAABAAAKCRtcAAsAtwB1gBAQ,2020-08-18 18:35:35.000,-4.4703484e-08,-9.8,3.75,67.0,13.398329,74.74999,10.49297383967005,-12.0,5.0,1.0466782694478276,134.73867663807968,97.01184717941737,30.011847179417373,0.6835908303753517
zRYzhAEAHAABAAAKCRtcAAsAtwB1gBAQ,2020-08-18 18:35:40.000,-0.3,-8.400001,5.25,69.0,13.398805,74.750015,9.910222843105043,2.0,5.0,-0.5827509965650073,52.99782109001085,38.15843118480781,30.84156881519219,1.7620726344820918
zRYzhAEAHAABAAAKCRtcAAsAtwB1gBAQ,2020-08-18 18:35:45.000,-0.100000046,-10.2,2.25,72.0,13.399793,74.74991,10.445692892728562,3.0,5.0,0.5354700496235196,110.44611724862247,79.52120441900817,7.521204419008171,0.8941744043635217
zRYzhAEAHAABAAAKCRtcAAsAtwB1gBAQ,2020-08-18 18:35:50.000,1.4,-8.6,3.5,75.0,13.400504,74.74965,9.389888178247917,3.0,5.0,-1.0558047144806455,83.91278718840809,60.417206775653824,14.582793224346176,1.2211561537463225
zRYzhAEAHAABAAAKCRtcAAsAtwB1gBAQ,2020-08-18 18:35:55.000,-1.1,-8.8,5.25,73.0,13.401576,74.7492,10.305944886326532,-2.0,5.0,0.9160567080786155,128.75617052889805,92.7044427808066,19.704442780806602,0.7790452387701784
zRYzhAEAHAABAAAKCRtcAAsAtwB1gBAQ,2020-08-18 18:36:00.000,-0.50000006,-8.200001,4.5,74.0,13.40224,74.74886,9.366964100497077,1.0,5.0,-0.9389807858294557,82.48578197588758,59.38976302263906,14.610236977360941,1.22537324698987
zRYzhAEAHAABAAAKCRtcAAsAtwB1gBAQ,2020-08-18 18:36:05.000,1.4,-7.2000003,2.0,76.0,13.403149,74.748184,7.602631407611452,2.0,5.0,-1.7643326928856249,124.75181069041415,89.82130369709819,13.821303697098188,0.8368080715232924
zRYzhAEAHAABAAAKCRtcAAsAtwB1gBAQ,2020-08-18 18:36:10.000,0.59999996,-9.000001,4.25,71.0,13.40372,74.74768,9.971084091110704,-5.0,5.0,2.3684526834992523,83.68536927558475,60.253465878421025,10.746534121578975,1.159118083879929
zRYzhAEAHAABAAAKCRtcAAsAtwB1gBAQ,2020-08-18 18:36:15.000,1.1,-9.200001,2.25,61.0,13.404512,74.74693,9.534805629901483,-10.0,5.0,-0.43627846120922165,119.73662284454528,86.2103684480726,25.2103684480726,0.6994581158812675
zRYzhAEAHAABAAAKCRtcAAsAtwB1gBAQ,2020-08-18 18:36:20.000,1.1999999,-9.200001,3.25,51.0,13.404982,74.74655,9.830692659217917,-10.0,5.0,0.2958870293164342,66.48855064988025,47.871756467913784,3.1282435320862163,1.0435475146771835
zRYzhAEAHAABAAAKCRtcAAsAtwB1gBAQ,2020-08-18 18:36:25.000,1.1999999,-9.200001,3.25,51.0,13.405331,74.74636,9.830692659217917,0.0,5.0,0.0,43.91294592198978,31.617321063832645,19.382678936167355,1.5635864116550877
zRYzhAEAHAABAAAKCRtcAAsAtwB1gBAQ,2020-08-18 18:36:27.000,-0.19999999,-9.6,3.75,24.0,13.405772,74.74621,10.308370385080272,-27.0,2.0,0.477677725862355,51.65140280197091,92.97252504354763,68.97252504354763,0.25539379716441807
zRYzhAEAHAABAAAKCRtcAAsAtwB1gBAQ,2020-08-18 18:36:32.000,2.6,-9.6,1.25,13.0,13.406043,74.74617,10.024095969213384,-11.0,5.0,-0.2842744158668875,30.442846669576124,21.91884960209481,8.91884960209481,0.5672186966492325
zRYzhAEAHAABAAAKCRtcAAsAtwB1gBAQ,2020-08-18 18:36:37.000,0.10000002,-8.800001,2.75,34.0,13.406043,74.74617,9.220223294693085,21.0,5.0,-0.8038726745202993,0.0,0.0,34.0,34.0
zRYzhAEAHAABAAAKCRtcAAsAtwB1gBAQ,2020-08-18 18:36:42.000,-0.40000015,-9.200001,4.0,46.0,13.405354,74.746475,10.039921240726992,12.0,5.0,0.8196979460339069,83.41440861503759,60.05837420282707,14.058374202827068,0.7533774130178224
zRYzhAEAHAABAAAKCRtcAAsAtwB1gBAQ,2020-08-18 18:36:52.000,1.9000001,-9.200001,3.75,62.0,13.404218,74.747345,10.114965090399522,16.0,10.0,0.07504384967253053,157.51720367703027,56.70619332373089,5.2938066762691065,1.0744080735352082
zRYzhAEAHAABAAAKCRtcAAsAtwB1gBAQ,2020-08-18 18:36:57.000,1.0999999,-9.400001,2.5,61.0,13.403862,74.74767,9.788770023859025,-1.0,5.0,-0.3261950665404978,52.9414950575958,38.11787644146898,22.88212355853102,1.559389352110477
zRYzhAEAHAABAAAKCRtcAAsAtwB1gBAQ,2020-08-18 18:37:02.000,0.20000008,-8.800001,4.0,60.0,13.403022,74.74843,9.668506484044007,-1.0,5.0,-0.12026353981501714,124.42722911944736,89.5876049660021,29.587604966002104,0.6623422710261326
zRYzhAEAHAABAAAKCRtcAAsAtwB1gBAQ,2020-08-18 18:37:08.000,0.7999999,-10.400001,0.5,40.0,13.402671,74.74872,10.4427017883305,-20.0,6.0,0.7741953042864917,50.07258911449892,30.04355346869935,9.95644653130065,1.2885122845337686
zRYzhAEAHAABAAAKCRtcAAsAtwB1gBAQ,2020-08-18 18:37:13.000,-0.09999993,-9.800001,3.5,25.0,13.402178,74.74916,10.406729533623952,-15.0,5.0,-0.035972254706546636,72.59654506823647,52.269512449130254,27.269512449130254,0.4693115977713098
zRYzhAEAHAABAAAKCRtcAAsAtwB1gBAQ,2020-08-18 18:37:18.000,0.09999988,-9.000001,6.5,16.0,13.402199,74.74931,11.102252833366794,-9.0,5.0,0.6955232997428418,16.392185065547263,11.80237324719403,4.19762675280597,1.2497682805417982
zRYzhAEAHAABAAAKCRtcAAsAtwB1gBAQ,2020-08-18 18:37:23.000,2.0,-8.600001,4.5,23.0,13.402214,74.74966,9.910096730103144,7.0,5.0,-1.1921561032636507,37.89508648987628,27.284462272710922,4.284462272710922,0.8131673064257116
zRYzhAEAHAABAAAKCRtcAAsAtwB1gBAQ,2020-08-18 18:37:25.000,2.0,-8.600001,4.5,23.0,13.402214,74.74966,9.910096730103144,0.0,2.0,0.0,0.0,0.0,23.0,23.0
zRYzhAEAHAABAAAKCRtcAAsAtwB1gBAQ,2020-08-18 18:37:28.000,1.5999999,-9.400001,4.25,28.0,13.402238,74.74991,10.439469262371578,5.0,3.0,0.5293725322684342,27.173048910192954,32.607658692231546,4.607658692231546,0.8331434288956355
zRYzhAEAHAABAAAKCRtcAAsAtwB1gBAQ,2020-08-18 18:37:33.000,0.29999998,-9.000001,4.25,33.0,13.402253,74.75031,9.957535738725772,5.0,5.0,-0.48193352364580555,43.29883012315202,31.175157688669454,1.8248423113305456,1.025635999031048
zRYzhAEAHAABAAAKCRtcAAsAtwB1gBAQ,2020-08-18 18:37:38.000,-1.4000001,-9.000001,5.75,36.0,13.402211,74.75058,10.77137494844558,3.0,5.0,0.8138392097198075,29.57606808536148,21.294769021460265,14.705230978539735,1.6147285475506608
zRYzhAEAHAABAAAKCRtcAAsAtwB1gBAQ,2020-08-18 18:37:43.000,1.0,-8.000001,3.25,36.0,13.40212,74.75125,8.692670245672556,0.0,5.0,-2.078704702773024,73.17473070348763,52.685806106511095,16.685806106511095,0.6705683049366351
zRYzhAEAHAABAAAKCRtcAAsAtwB1gBAQ,2020-08-18 18:37:48.000,3.5,-8.400001,-12.5,30.0,13.4021,74.7515,15.461565793929184,-6.0,5.0,6.768895548256628,27.13299050480885,19.53575316346237,10.46424683653763,1.460866799537531
zRYzhAEAHAABAAAKCRtcAAsAtwB1gBAQ,2020-08-18 18:37:53.000,4.2,-6.800001,4.25,32.0,13.40211,74.75205,9.052210426188788,2.0,5.0,-6.409355367740396,59.50212829786141,42.841532374460215,10.841532374460215,0.7299014944706068
zRYzhAEAHAABAAAKCRtcAAsAtwB1gBAQ,2020-08-18 18:37:58.000,-0.6000001,-8.000001,6.75,26.0,13.402137,74.75229,10.484393931935264,-6.0,5.0,1.432183505746476,26.13305734643958,18.815801289436497,7.1841987105635035,1.3120842109907616
zRYzhAEAHAABAAAKCRtcAAsAtwB1gBAQ,2020-08-18 18:38:03.000,2.2999997,-8.200001,3.25,13.0,13.402148,74.75279,9.115509586413756,-13.0,5.0,-1.3688843455215078,54.09721885102228,38.94999757273604,25.949997572736038,0.32540677821897734
zRYzhAEAHAABAAAKCRtcAAsAtwB1gBAQ,2020-08-18 18:38:08.000,0.29999992,-8.400001,4.25,1.0,13.402148,74.75279,9.418732226366826,-12.0,5.0,0.30322263995307,0.0,0.0,1.0,1.0
zRYzhAEAHAABAAAKCRtcAAsAtwB1gBAQ,2020-08-18 18:38:13.000,0.39999968,-8.400001,4.0,1.0,13.402127,74.752846,9.31235826974033,0.0,5.0,-0.10637395662649674,6.491843046076656,4.674126993175192,3.674126993175192,0.17623856519298817
zRYzhAEAHAABAAAKCRtcAAsAtwB1gBAQ,2020-08-18 18:38:18.000,0.5999999,-8.8,4.0,5.0,13.402127,74.752846,9.68504000404748,4.0,5.0,0.37268173430715024,0.0,0.0,5.0,5.0
zRYzhAEAHAABAAAKCRtcAAsAtwB1gBAQ,2020-08-18 18:38:23.000,0.09999967,-8.8,4.0,6.0,13.402127,74.752846,9.666954015303896,1.0,5.0,-0.018085988743584025,0.0,0.0,6.0,6.0
zRYzhAEAHAABAAAKCRtcAAsAtwB1gBAQ,2020-08-18 18:38:25.000,0.09999967,-8.8,4.0,6.0,13.402127,74.752846,9.666954015303896,0.0,2.0,0.0,0.0,0.0,6.0,6.0
zRYzhAEAHAABAAAKCRtcAAsAtwB1gBAQ,2020-08-18 18:38:28.000,-0.100000106,-8.8,4.75,6.0,13.402151,74.75298,10.000624981529906,0.0,3.0,0.3336709662260109,14.737977600220281,17.685573120264337,11.685573120264337,0.3211033432789414
zRYzhAEAHAABAAAKCRtcAAsAtwB1gBAQ,2020-08-18 18:38:33.000,0.29999968,-8.8,3.75,4.0,13.402151,74.75298,9.57039705592198,-2.0,5.0,-0.43022792560792666,0.0,0.0,4.0,4.0
zRYzhAEAHAABAAAKCRtcAAsAtwB1gBAQ,2020-08-18 18:38:38.000,1.3,-7.8,4.25,5.0,13.40208,74.75305,8.97733256596858,1.0,5.0,-0.5930644899534006,10.93886480102256,7.875982656736244,2.8759826567362436,0.5633179100688477
zRYzhAEAHAABAAAKCRtcAAsAtwB1gBAQ,2020-08-18 18:38:43.000,0.7999997,-8.2,4.25,1.0,13.40208,74.75305,9.270517759003544,-4.0,5.0,0.29318519303496515,0.0,0.0,1.0,1.0
zRYzhAEAHAABAAAKCRtcAAsAtwB1gBAQ,2020-08-18 18:38:48.000,1.0999999,-8.400001,4.25,1.0,13.40208,74.75305,9.478001718716925,0.0,5.0,0.20748395971338063,0.0,0.0,1.0,1.0
zRYzhAEAHAABAAAKCRtcAAsAtwB1gBAQ,2020-08-18 18:38:53.000,1.1999997,-8.599999,3.75,1.0,13.40208,74.75305,9.45846087267908,0.0,5.0,-0.019540846037845228,0.0,0.0,1.0,1.0
zRYzhAEAHAABAAAKCRtcAAsAtwB1gBAQ,2020-08-18 18:38:58.000,0.6999999,-8.200001,4.75,10.0,13.40208,74.75305,9.502237434415171,9.0,5.0,0.04377656173609168,0.0,0.0,10.0,10.0
zRYzhAEAHAABAAAKCRtcAAsAtwB1gBAQ,2020-08-18 18:39:03.000,0.09999967,-8.200001,4.0,10.0,13.40208,74.75305,9.124144690545034,0.0,5.0,-0.3780927438701376,0.0,0.0,10.0,10.0
zRYzhAEAHAABAAAKCRtcAAsAtwB1gBAQ,2020-08-18 18:39:08.000,-1.4000001,-8.799999,5.5,12.0,13.40208,74.75305,10.471388765584106,2.0,5.0,1.3472440750390717,0.0,0.0,12.0,12.0
zRYzhAEAHAABAAAKCRtcAAsAtwB1gBAQ,2020-08-18 18:39:13.000,0.19999968,-9.6,5.5,9.0,13.402149,74.752716,11.065712804514678,-3.0,5.0,0.5943240389305728,36.933423824833014,26.59206515387977,17.59206515387977,0.32618073166351935
zRYzhAEAHAABAAAKCRtcAAsAtwB1gBAQ,2020-08-18 18:39:18.000,-0.20000008,-8.599999,4.25,1.0,13.402149,74.752716,9.594919636557725,-8.0,5.0,-1.4707931679569537,0.0,0.0,1.0,1.0
zRYzhAEAHAABAAAKCRtcAAsAtwB1gBAQ,2020-08-18 18:39:23.000,-0.30000034,-8.400001,5.0,1.0,13.40212,74.7526,9.780082668566822,0.0,5.0,0.1851630320090969,12.95508767462944,9.327663125733197,8.327663125733197,0.0968273255842673
zRYzhAEAHAABAAAKCRtcAAsAtwB1gBAQ,2020-08-18 18:39:25.000,-0.30000034,-8.400001,5.0,1.0,13.40212,74.7526,9.780082668566822,0.0,2.0,0.0,0.0,0.0,1.0,1.0
zRYzhAEAHAABAAAKCRtcAAsAtwB1gBAQ,2020-08-18 18:39:29.000,0.39999992,-9.2,3.25,3.0,13.40212,74.7526,9.76537249345871,2.0,4.0,-0.014710175108112011,0.0,0.0,3.0,3.0
zRYzhAEAHAABAAAKCRtcAAsAtwB1gBAQ,2020-08-18 18:39:34.000,0.39999968,-9.2,4.0,3.0,13.40212,74.7526,10.039920305659805,0.0,5.0,0.2745478122010958,0.0,0.0,3.0,3.0
zRYzhAEAHAABAAAKCRtcAAsAtwB1gBAQ,2020-08-18 18:39:54.000,1.3999997,-8.6,3.5,3.0,13.40203,74.75255,9.389888133518955,0.0,20.0,-0.6500321721408504,11.37545917061843,2.047582650711318,0.952417349288682,0.984386756270511
zRYzhAEAHAABAAAKCRtcAAsAtwB1gBAQ,2020-08-18 18:39:59.000,0.39999992,-8.6,3.5,1.0,13.40203,74.75255,9.293546144287443,-2.0,5.0,-0.0963419892315116,0.0,0.0,1.0,1.0
zRYzhAEAHAABAAAKCRtcAAsAtwB1gBAQ,2020-08-18 18:40:04.000,-0.100000285,-8.599999,4.25,1.0,13.40203,74.75255,9.5933561831614,0.0,5.0,0.2998100388739573,0.0,0.0,1.0,1.0
zRYzhAEAHAABAAAKCRtcAAsAtwB1gBAQ,2020-08-18 18:40:09.000,-0.10000009,-8.400001,4.0,2.0,13.40203,74.75255,9.304300984920953,1.0,5.0,-0.28905519824044745,0.0,0.0,2.0,2.0
zRYzhAEAHAABAAAKCRtcAAsAtwB1gBAQ,2020-08-18 18:40:14.000,0.2999997,-8.4,4.0,2.0,13.40203,74.75255,9.308598166211715,0.0,5.0,0.004297181290761287,0.0,0.0,2.0,2.0
zRYzhAEAHAABAAAKCRtcAAsAtwB1gBAQ,2020-08-18 18:40:24.000,0.7999997,-8.8,3.0,2.0,13.40203,74.75255,9.33166649211169,0.0,10.0,0.02306832589997576,0.0,0.0,2.0,2.0
zRYzhAEAHAABAAAKCRtcAAsAtwB1gBAQ,2020-08-18 18:40:25.000,0.7999997,-8.8,3.0,2.0,13.40203,74.75255,9.33166649211169,0.0,1.0,0.0,0.0,0.0,2.0,2.0
zRYzhAEAHAABAAAKCRtcAAsAtwB1gBAQ,2020-08-18 18:40:29.000,0.49999994,-8.8,3.0,2.0,13.40203,74.75255,9.310746475981398,0.0,4.0,-0.02092001613029204,0.0,0.0,2.0,2.0
zRYzhAEAHAABAAAKCRtcAAsAtwB1gBAQ,2020-08-18 19:45:32.000,0.4,-8.6,3.5,0.0,13.402081,74.752495,9.293546147730693,-2.0,3903.0,-0.01720032825070561,8.219018052433443,18.37141996819203,18.37141996819203,0.0
zRYzhAEAHAABAAAKCRtcAAsAtwB1gBAQ,2020-08-18 19:45:37.000,0.4,-8.6,3.25,0.0,13.402081,74.752495,9.202309492730615,0.0,5.0,-0.0912366550000776,0.0,0.0,0.0,0.0
zRYzhAEAHAABAAAKCRtcAAsAtwB1gBAQ,2020-08-18 19:46:34.000,0.5,-8.8,3.25,0.0,13.402081,74.752495,9.394280174659473,0.0,57.0,0.1919706819288578,0.0,0.0,0.0,0.0
zRYzhAEAHAABAAAKCRtcAAsAtwB1gBAQ,2020-08-18 19:47:34.000,0.5,-8.8,3.25,0.0,13.402081,74.752495,9.394280174659473,0.0,60.0,0.0,0.0,0.0,0.0,0.0
zRYzhAEAHAABAAAKCRtcAAsAtwB1gBAQ,2020-08-18 19:48:35.000,0.5,-8.8,3.25,0.0,13.402081,74.752495,9.394280174659473,0.0,61.0,0.0,0.0,0.0,0.0,0.0
zRYzhAEAHAABAAAKCRtcAAsAtwB1gBAQ,2020-08-18 19:49:35.000,0.5,-8.8,3.25,0.0,13.402081,74.752495,9.394280174659473,0.0,60.0,0.0,0.0,0.0,0.0,0.0
zRYzhAEAHAABAAAKCRtcAAsAtwB1gBAQ,2020-08-18 19:54:42.000,0.4,-8.6,3.25,0.0,13.402106,74.75242,9.202309492730615,0.0,307.0,-0.1919706819288578,8.575576613858924,18.37141996819203,18.37141996819203,0.0
zRYzhAEAHAABAAAKCRtcAAsAtwB1gBAQ,2020-08-18 19:54:47.000,0.4,-8.8,3.5,0.0,13.402106,74.75242,9.478923989567592,0.0,5.0,0.27661449683697725,0.0,0.0,0.0,0.0
zRYzhAEAHAABAAAKCRtcAAsAtwB1gBAQ,2020-08-18 20:30:46.000,0.4,-8.6,3.25,0.0,13.402089,74.75257,9.202309492730615,0.0,2159.0,-0.27661449683697725,16.334765230690937,18.37141996819203,18.37141996819203,0.0
zRYzhAEAHAABAAAKCRtcAAsAtwB1gBAQ,2020-08-18 20:30:51.000,0.4,-8.8,3.25,0.0,13.402089,74.75257,9.389488803976498,0.0,5.0,0.18717931124588283,0.0,0.0,0.0,0.0
zRYzhAEAHAABAAAKCRtcAAsAtwB1gBAQ,2020-08-18 20:31:46.000,0.4,-8.8,3.5,0.0,13.402089,74.75257,9.478923989567592,0.0,55.0,0.08943518559109442,0.0,0.0,0.0,0.0
zRYzhAEAHAABAAAKCRtcAAsAtwB1gBAQ,2020-08-18 20:32:46.000,0.4,-8.8,3.5,0.0,13.402089,74.75257,9.478923989567592,0.0,60.0,0.0,0.0,0.0,0.0,0.0
zRYzhAEAHAABAAAKCRtcAAsAtwB1gBAQ,2020-08-18 20:33:46.000,0.4,-8.8,3.5,0.0,13.402089,74.75257,9.478923989567592,0.0,60.0,0.0,0.0,0.0,0.0,0.0
zRYzhAEAHAABAAAKCRtcAAsAtwB1gBAQ,2020-08-18 20:34:42.000,0.5,-8.8,3.25,0.0,13.402089,74.75257,9.394280174659473,0.0,56.0,-0.08464381490811945,0.0,0.0,0.0,0.0
zRYzhAEAHAABAAAKCRtcAAsAtwB1gBAQ,2020-08-18 20:34:46.000,0.5,-8.8,3.25,0.0,13.402089,74.75257,9.394280174659473,0.0,4.0,0.0,0.0,0.0,0.0,0.0
zRYzhAEAHAABAAAKCRtcAAsAtwB1gBAQ,2020-08-18 20:34:49.000,0.39999998,-8.8,3.25,0.0,13.402089,74.75257,9.38948880312448,0.0,3.0,-0.004791371534992095,0.0,0.0,0.0,0.0
zRYzhAEAHAABAAAKCRtcAAsAtwB1gBAQ,2020-08-18 20:35:44.000,0.5999999,-8.8,3.5,0.0,13.402089,74.75257,9.489467839663087,0.0,55.0,0.09997903653860618,0.0,0.0,0.0,0.0
zRYzhAEAHAABAAAKCRtcAAsAtwB1gBAQ,2020-08-18 20:35:47.000,0.5999999,-8.8,3.5,0.0,13.402089,74.75257,9.489467839663087,0.0,3.0,0.0,0.0,0.0,0.0,0.0
zRYzhAEAHAABAAAKCRtcAAsAtwB1gBAQ,2020-08-18 20:35:49.000,0.40000004,-8.8,3.5,0.0,13.402089,74.75257,9.478923991255549,0.0,2.0,-0.010543848407538192,0.0,0.0,0.0,0.0
zRYzhAEAHAABAAAKCRtcAAsAtwB1gBAQ,2020-08-18 20:36:44.000,0.70000005,-8.8,3.5,0.0,13.402089,74.75257,9.49631507849229,0.0,55.0,0.017391087236740432,0.0,0.0,0.0,0.0
zRYzhAEAHAABAAAKCRtcAAsAtwB1gBAQ,2020-08-18 20:36:47.000,0.70000005,-8.8,3.5,0.0,13.402089,74.75257,9.49631507849229,0.0,3.0,0.0,0.0,0.0,0.0,0.0
zRYzhAEAHAABAAAKCRtcAAsAtwB1gBAQ,2020-08-18 20:36:49.000,0.39999992,-8.8,3.5,0.0,13.402089,74.75257,9.478923986191683,0.0,2.0,-0.017391092300606203,0.0,0.0,0.0,0.0
zRYzhAEAHAABAAAKCRtcAAsAtwB1gBAQ,2020-08-18 20:37:45.000,0.49999997,-9.0,3.5,0.0,13.402089,74.75257,9.669539801355596,0.0,56.0,0.19061581516391257,0.0,0.0,0.0,0.0
zRYzhAEAHAABAAAKCRtcAAsAtwB1gBAQ,2020-08-18 20:37:47.000,0.49999997,-9.0,3.5,0.0,13.402089,74.75257,9.669539801355596,0.0,2.0,0.0,0.0,0.0,0.0,0.0
zRYzhAEAHAABAAAKCRtcAAsAtwB1gBAQ,2020-08-18 20:37:50.000,0.6000001,-9.0,3.5,0.0,13.402089,74.75257,9.675226101750802,0.0,3.0,0.005686300395206345,0.0,0.0,0.0,0.0
zRYzhAEAHAABAAAKCRtcAAsAtwB1gBAQ,2020-08-18 20:38:45.000,0.59999996,-9.0,3.25,0.0,13.402089,74.75257,9.58762222618309,0.0,55.0,-0.08760387556771221,0.0,0.0,0.0,0.0
zRYzhAEAHAABAAAKCRtcAAsAtwB1gBAQ,2020-08-18 20:38:47.000,0.59999996,-9.0,3.25,0.0,13.402089,74.75257,9.58762222618309,0.0,2.0,0.0,0.0,0.0,0.0,0.0
zRYzhAEAHAABAAAKCRtcAAsAtwB1gBAQ,2020-08-18 20:38:50.000,0.4000001,-9.0,3.5,0.0,13.402089,74.75257,9.664884897400485,0.0,3.0,0.0772626712173956,0.0,0.0,0.0,0.0
zRYzhAEAHAABAAAKCRtcAAsAtwB1gBAQ,2020-08-18 20:39:00.000,0.6000001,-9.400001,4.0,6.0,13.402089,74.75257,10.233279968807704,6.0,10.0,0.5683950714072186,0.0,0.0,6.0,6.0
zRYzhAEAHAABAAAKCRtcAAsAtwB1gBAQ,2020-08-18 20:39:16.000,1.6000001,-10.200001,2.75,9.0,13.402146,74.75228,10.684686271482239,3.0,16.0,0.45140630267453474,32.00228473884298,7.200514066239671,1.7994859337603293,1.0974921727226465
zRYzhAEAHAABAAAKCRtcAAsAtwB1gBAQ,2020-08-18 20:39:21.000,-0.40000004,-11.0,2.75,12.0,13.402146,74.75228,11.345593859820648,3.0,5.0,0.660907588338409,0.0,0.0,12.0,12.0
zRYzhAEAHAABAAAKCRtcAAsAtwB1gBAQ,2020-08-18 20:39:26.000,-0.5999999,-7.4000006,7.25,13.0,13.402117,74.75197,10.377018298143277,1.0,5.0,-0.9685755616773708,33.68639916035682,24.25420739545691,11.254207395456909,0.5147657099837799
zRYzhAEAHAABAAAKCRtcAAsAtwB1gBAQ,2020-08-18 20:39:31.000,1.3,-10.2,7.25,13.0,13.402103,74.75187,12.581434735355105,0.0,5.0,2.204416437211828,10.928126873193033,7.868251348698984,5.131748651301016,1.4659034220886358
zRYzhAEAHAABAAAKCRtcAAsAtwB1gBAQ,2020-08-18 20:39:41.000,1.4,-8.2,3.0,11.0,13.4021,74.75165,8.843076387773657,-2.0,10.0,-3.738358347581448,23.799033379623356,8.567652016664407,2.4323479833355925,1.1497073661166615
zRYzhAEAHAABAAAKCRtcAAsAtwB1gBAQ,2020-08-18 20:39:46.000,1.4000002,-8.400001,3.0,11.0,13.402129,74.75136,9.028843633600099,0.0,5.0,0.1857672458264421,31.533680253957677,22.704249782849526,11.704249782849526,0.4640518093071525
zRYzhAEAHAABAAAKCRtcAAsAtwB1gBAQ,2020-08-18 20:39:47.000,1.4000002,-8.400001,3.0,11.0,13.402129,74.75136,9.028843633600099,0.0,1.0,0.0,0.0,0.0,11.0,11.0
zRYzhAEAHAABAAAKCRtcAAsAtwB1gBAQ,2020-08-18 20:39:56.000,0.7,-8.000001,2.5,10.0,13.402183,74.75109,8.410708412494216,-1.0,9.0,-0.6181352211058826,29.815902294532403,11.92636091781296,1.9263609178129606,0.773612934342539
zRYzhAEAHAABAAAKCRtcAAsAtwB1gBAQ,2020-08-18 20:40:01.000,-0.09999981,-9.0,3.0,15.0,13.4022,74.751,9.48736001013981,5.0,5.0,1.0766515976455935,9.91683764338789,7.140123103239281,7.859876896760719,1.8427239747800497
zRYzhAEAHAABAAAKCRtcAAsAtwB1gBAQ,2020-08-18 20:40:06.000,-0.8,-8.800001,4.25,18.0,13.402235,74.75069,9.805229094722927,3.0,5.0,0.31786908458311736,33.75678568574079,24.304885693733368,6.304885693733368,0.7113250863036941
zRYzhAEAHAABAAAKCRtcAAsAtwB1gBAQ,2020-08-18 20:40:11.000,1.7000002,-11.2,0.5,18.0,13.402271,74.7505,11.339312178434811,0.0,5.0,1.5340830837118844,20.937899556206315,15.075287680468549,2.9247123195314515,1.119731127541187
zRYzhAEAHAABAAAKCRtcAAsAtwB1gBAQ,2020-08-18 20:40:16.000,0.6,-9.000001,2.0,14.0,13.402298,74.75024,9.239048544087265,-4.0,5.0,-2.100263634347547,28.283142785490508,20.363862805553165,6.363862805553165,0.6553122030141919
zRYzhAEAHAABAAAKCRtcAAsAtwB1gBAQ,2020-08-18 20:40:21.000,0.80000013,-8.4,4.25,8.0,13.402298,74.750145,9.447883371845782,-6.0,5.0,0.20883482775851725,10.275837335234815,7.398602881369066,0.6013971186309339,0.9525393822044734
zRYzhAEAHAABAAAKCRtcAAsAtwB1gBAQ,2020-08-18 20:40:26.000,0.40000004,-8.4,5.25,9.0,13.402283,74.75002,9.913753074996372,1.0,5.0,0.46586970315058984,13.623327711830747,9.808795952518137,0.8087959525181372,0.8326551856040229
zRYzhAEAHAABAAAKCRtcAAsAtwB1gBAQ,2020-08-18 20:40:31.000,1.8000002,-9.200001,2.5,11.0,13.402289,74.749886,9.70206262193772,2.0,5.0,-0.21169045305865097,14.509686371648765,10.446974187587111,0.5530258124128888,0.9609526342715263
zRYzhAEAHAABAAAKCRtcAAsAtwB1gBAQ,2020-08-18 20:40:36.000,-0.39999998,-7.5999994,3.5,14.0,13.402267,74.74969,8.376753002446733,3.0,5.0,-1.3253096194909872,21.34134529104343,15.365768609551269,1.365768609551269,0.8554440878401167
zRYzhAEAHAABAAAKCRtcAAsAtwB1gBAQ,2020-08-18 20:40:41.000,2.2000003,-8.200001,1.75,13.0,13.402261,74.74957,8.668478397042994,-1.0,5.0,0.291725394596261,12.997141765651776,9.35794207126928,3.64205792873072,1.2550755652572363
zRYzhAEAHAABAAAKCRtcAAsAtwB1gBAQ,2020-08-18 20:40:46.000,-0.9,-8.4,7.25,11.0,13.402251,74.7494,11.132497473613007,-2.0,5.0,2.464019076570013,18.42193300035935,13.263791760258732,2.263791760258732,0.771183440201911
zRYzhAEAHAABAAAKCRtcAAsAtwB1gBAQ,2020-08-18 20:40:47.000,-0.9,-8.4,7.25,11.0,13.402265,74.74925,11.132497473613007,0.0,1.0,0.0,16.299519093553304,58.67826873679189,47.67826873679189,0.18432170089442385
zRYzhAEAHAABAAAKCRtcAAsAtwB1gBAQ,2020-08-18 20:40:51.000,-0.19999975,-8.4,4.75,15.0,13.402265,74.74925,9.652072311167176,4.0,4.0,-1.4804251624458313,0.0,0.0,15.0,15.0
zRYzhAEAHAABAAAKCRtcAAsAtwB1gBAQ,2020-08-18 20:40:56.000,-0.79999995,-9.000001,3.0,8.0,13.402169,74.74905,9.520505129456158,-7.0,5.0,-0.13156718171101822,24.12366654713123,17.369039913934486,9.369039913934486,0.43551541275335337
zRYzhAEAHAABAAAKCRtcAAsAtwB1gBAQ,2020-08-18 20:41:01.000,0.30000025,-8.2,3.5,1.0,13.402169,74.74905,8.920762307673042,-7.0,5.0,-0.5997428217831153,0.0,0.0,1.0,1.0
zRYzhAEAHAABAAAKCRtcAAsAtwB1gBAQ,2020-08-18 20:41:06.000,0.30000007,-8.800001,3.5,1.0,13.402169,74.74905,9.475231798853313,0.0,5.0,0.5544694911802708,0.0,0.0,1.0,1.0
zRYzhAEAHAABAAAKCRtcAAsAtwB1gBAQ,2020-08-18 20:41:11.000,2.4586916e-07,-8.4,4.0,1.0,13.402169,74.74905,9.30376267969041,0.0,5.0,-0.17146911916290364,0.0,0.0,1.0,1.0
zRYzhAEAHAABAAAKCRtcAAsAtwB1gBAQ,2020-08-18 20:47:01.000,-0.1,-8.2,3.75,0.0,13.402095,74.74909,9.017344398435716,-1.0,350.0,-0.2864182812546936,9.29661528755097,18.37141996819203,18.37141996819203,0.0
zRYzhAEAHAABAAAKCRtcAAsAtwB1gBAQ,2020-08-18 20:47:25.000,0.10000001,-9.0,4.0,1.0,13.402095,74.74909,9.849365461896518,1.0,24.0,0.8320210634608021,0.0,0.0,1.0,1.0
zRYzhAEAHAABAAAKCRtcAAsAtwB1gBAQ,2020-08-18 20:47:30.000,0.099999994,-9.0,3.5,1.0,13.402095,74.74909,9.657121724344163,0.0,5.0,-0.1922437375523547,0.0,0.0,1.0,1.0
zRYzhAEAHAABAAAKCRtcAAsAtwB1gBAQ,2020-08-18 20:47:38.000,1.4,-10.2,4.5,18.0,13.402232,74.74965,11.236102527122116,17.0,8.0,1.5789808027779522,62.45959846218476,28.10681930798314,10.106819307983141,0.6184117821167472
zRYzhAEAHAABAAAKCRtcAAsAtwB1gBAQ,2020-08-18 20:48:04.000,1.4,-10.2,4.5,18.0,13.40224,74.74979,11.236102527122116,0.0,26.0,0.0,15.169448152913201,2.1003851288649047,15.899614871135096,5.8057303373113704
zRYzhAEAHAABAAAKCRtcAAsAtwB1gBAQ,2020-08-18 20:48:06.000,2.8,-8.599999,0.25,24.0,13.402252,74.74996,9.047788834848049,6.0,2.0,-2.1883136922740665,18.436693663781064,33.18604859480592,9.186048594805918,0.7020407735466233
zRYzhAEAHAABAAAKCRtcAAsAtwB1gBAQ,2020-08-18 20:48:13.000,0.9,-5.9999995,2.25,29.0,13.402271,74.75039,6.470895919422616,5.0,7.0,-2.576892915425433,46.55964985126171,23.944962780648883,5.055037219351117,1.1625593613832457
zRYzhAEAHAABAAAKCRtcAAsAtwB1gBAQ,2020-08-18 20:48:18.000,-1.2,-7.3999996,4.75,27.0,13.402212,74.750626,8.874823608387953,-2.0,5.0,2.4039276889653367,26.35689150776994,18.97696188559436,8.02303811440564,1.35155686608533
zRYzhAEAHAABAAAKCRtcAAsAtwB1gBAQ,2020-08-18 20:48:23.000,3.1,-10.2,1.25,27.0,13.402107,74.75115,10.733708585572835,0.0,5.0,1.858884977184882,57.86941823229938,41.665981127255556,14.665981127255556,0.6328226677706016
zRYzhAEAHAABAAAKCRtcAAsAtwB1gBAQ,2020-08-18 20:48:29.000,0.19999997,-11.2,7.5,26.0,13.402062,74.75155,13.480726982918984,-1.0,6.0,2.7470183973461495,43.55510254720311,26.133061528321868,0.13306152832186768,0.9582405572943119
zRYzhAEAHAABAAAKCRtcAAsAtwB1gBAQ,2020-08-18 20:48:34.000,-1.4000002,-11.2,5.75,25.0,13.402037,74.75181,12.667379388018661,-1.0,5.0,-0.813347594900323,28.260428577916823,20.347508576100115,4.652491423899885,1.171096847713137
zRYzhAEAHAABAAAKCRtcAAsAtwB1gBAQ,2020-08-18 20:48:39.000,1.2,-10.8,3.75,21.0,13.402122,74.75223,11.495325136767555,-4.0,5.0,-1.1720542512511063,46.40282761085149,33.41003587981307,12.410035879813073,0.6102870707065964
zRYzhAEAHAABAAAKCRtcAAsAtwB1gBAQ,2020-08-18 20:48:44.000,-0.100000195,-8.0,3.75,16.0,13.40213,74.75239,8.83586441945552,-5.0,5.0,-2.659460717312035,17.329532274867592,12.477263237904666,3.5227367620953345,1.1871846470283494
zRYzhAEAHAABAAAKCRtcAAsAtwB1gBAQ,2020-08-18 20:48:49.000,0.20000003,-8.8,4.0,6.0,13.402129,74.752594,9.66850557283803,-10.0,5.0,0.8326411533825091,22.066304219742218,15.887739038214399,9.887739038214399,0.35528734701684506
zRYzhAEAHAABAAAKCRtcAAsAtwB1gBAQ,2020-08-18 20:48:54.000,0.79999983,-9.8,3.25,6.0,13.402129,74.752594,10.35579546572836,0.0,5.0,0.6872898928903304,0.0,0.0,6.0,6.0
zRYzhAEAHAABAAAKCRtcAAsAtwB1gBAQ,2020-08-18 20:48:59.000,1.5,-8.0,3.5,3.0,13.402129,74.752594,8.860022573334675,-3.0,5.0,-1.4957728923936848,0.0,0.0,3.0,3.0
zRYzhAEAHAABAAAKCRtcAAsAtwB1gBAQ,2020-08-18 20:49:04.000,0.6999998,-9.2,3.0,1.0,13.402057,74.7527,9.702061622150213,-2.0,5.0,0.842039048815538,13.98422077098253,10.06863895510742,9.06863895510742,0.09034534454108004
zRYzhAEAHAABAAAKCRtcAAsAtwB1gBAQ,2020-08-18 20:49:05.000,0.6999998,-9.2,3.0,1.0,13.402057,74.7527,9.702061622150213,0.0,1.0,0.0,0.0,0.0,1.0,1.0
zRYzhAEAHAABAAAKCRtcAAsAtwB1gBAQ,2020-08-18 20:49:09.000,0.8,-8.4,3.75,1.0,13.402057,74.7527,9.23376954444933,0.0,4.0,-0.4682920777008821,0.0,0.0,1.0,1.0
zRYzhAEAHAABAAAKCRtcAAsAtwB1gBAQ,2020-08-18 21:00:22.000,-0.6,-8.8,5.75,8.0,13.402125,74.75275,10.529126269543926,7.0,673.0,1.2953567250945959,9.296382088987638,18.37141996819203,10.37141996819203,0.41297953444486984
zRYzhAEAHAABAAAKCRtcAAsAtwB1gBAQ,2020-08-18 21:00:27.000,0.4,-9.2,3.0,6.0,13.402125,74.75275,9.6850400102426,-2.0,5.0,-0.8440862593013261,0.0,0.0,6.0,6.0
zRYzhAEAHAABAAAKCRtcAAsAtwB1gBAQ,2020-08-18 21:00:32.000,0.5,-8.6,3.75,1.0,13.402125,74.75275,9.395344591871018,-5.0,5.0,-0.28969541837158275,0.0,0.0,1.0,1.0
zRYzhAEAHAABAAAKCRtcAAsAtwB1gBAQ,2020-08-18 22:16:00.000,0.5,-8.400001,3.0,0.0,13.402038,74.752884,8.933645213461356,-1.0,4528.0,-0.46169937840966213,17.426179042370464,18.37141996819203,18.37141996819203,0.0
zRYzhAEAHAABAAAKCRtcAAsAtwB1gBAQ,2020-08-18 22:16:05.000,0.8,-8.400001,3.0,0.0,13.402038,74.752884,8.955446208872063,0.0,5.0,0.021800995410707458,0.0,0.0,0.0,0.0
zRYzhAEAHAABAAAKCRtcAAsAtwB1gBAQ,2020-08-18 22:16:12.000,0.3,-8.200001,3.25,7.0,13.402038,74.752884,8.825673707995385,7.0,7.0,-0.1297725008766779,0.0,0.0,7.0,7.0
zRYzhAEAHAABAAAKCRtcAAsAtwB1gBAQ,2020-08-18 22:16:17.000,-0.1,-8.200001,5.25,7.0,13.402038,74.752884,9.737171889208952,0.0,5.0,0.9114981812135667,0.0,0.0,7.0,7.0
zRYzhAEAHAABAAAKCRtcAAsAtwB1gBAQ,2020-08-18 22:16:26.000,0.7,-7.200001,3.5,28.0,13.402133,74.75092,8.036169137095175,21.0,9.0,-1.7010027521137765,212.70207609615818,85.08083043846328,57.08083043846328,0.3252756723811627
zRYzhAEAHAABAAAKCRtcAAsAtwB1gBAQ,2020-08-18 22:16:57.000,0.20000002,-9.800001,8.75,33.0,13.402233,74.75042,13.13935004511262,5.0,31.0,5.103180908017444,55.214627929184964,6.41202130790535,26.58797869209465,4.452226812246693
zRYzhAEAHAABAAAKCRtcAAsAtwB1gBAQ,2020-08-18 22:17:00.000,0.20000002,-9.800001,8.75,33.0,13.402233,74.75042,13.13935004511262,0.0,3.0,0.0,0.0,0.0,33.0,33.0
zRYzhAEAHAABAAAKCRtcAAsAtwB1gBAQ,2020-08-18 22:17:02.000,-1.0,-6.600001,4.75,33.0,13.402266,74.75011,8.19283303869919,0.0,2.0,-4.94651700641343,33.73186526390172,60.71735747502309,27.717357475023093,0.5346956083360348
zRYzhAEAHAABAAAKCRtcAAsAtwB1gBAQ,2020-08-18 22:17:07.000,2.1000001,-12.600001,3.75,28.0,13.402245,74.74955,13.312870675402847,-5.0,5.0,5.120037636703657,60.618359656143205,43.64521895242311,15.645218952423107,0.6271668200314718
zRYzhAEAHAABAAAKCRtcAAsAtwB1gBAQ,2020-08-18 22:17:14.000,1.2,-8.600001,5.75,24.0,13.402253,74.74924,10.4145339406044,-4.0,7.0,-2.8983367347984466,33.5434840073982,17.250934632376218,6.749065367623782,1.3150011483480541
zRYzhAEAHAABAAAKCRtcAAsAtwB1gBAQ,2020-08-18 22:17:19.000,1.1175871e-07,-7.400001,6.25,12.0,13.402303,74.74899,9.686202289855453,-12.0,5.0,-0.728331650748947,27.60730349998653,19.877258519990303,7.877258519990303,0.5747881115956778
zRYzhAEAHAABAAAKCRtcAAsAtwB1gBAQ,2020-08-18 22:17:30.000,-0.19999997,-8.400002,5.25,46.0,13.402955,74.74851,9.907700721560175,34.0,11.0,0.22149843170472217,89.17286271040177,29.18384597794967,16.81615402205033,1.5239939944566565
zRYzhAEAHAABAAAKCRtcAAsAtwB1gBAQ,2020-08-18 22:17:35.000,-0.49999988,-9.600001,4.0,47.0,13.40325,74.74826,10.412013209749642,1.0,5.0,0.5043124881894663,42.51178235635689,30.608483296576964,16.391516703423036,1.4869425893994053
zRYzhAEAHAABAAAKCRtcAAsAtwB1gBAQ,2020-08-18 22:17:40.000,0.90000004,-9.600001,4.0,50.0,13.40385,74.74784,10.43887059369935,3.0,5.0,0.026857383949709046,80.71565666375948,58.115272797906826,8.115272797906826,0.8458051131884554
zRYzhAEAHAABAAAKCRtcAAsAtwB1gBAQ,2020-08-18 22:17:45.000,1.4000001,-7.4000015,3.75,48.0,13.40419,74.74748,8.413234959277094,-2.0,5.0,-2.0256356344222564,54.273543240610515,39.07695113323957,8.923048866760432,1.197695898583191
zRYzhAEAHAABAAAKCRtcAAsAtwB1gBAQ,2020-08-18 22:17:50.000,-0.59999996,-8.400002,3.75,45.0,13.404736,74.74697,9.21859715748573,-3.0,5.0,0.8053621982086359,82.03123759952351,59.06249107165693,14.062491071656929,0.7492196743274138
zRYzhAEAHAABAAAKCRtcAAsAtwB1gBAQ,2020-08-18 22:17:55.000,0.30000007,-8.200002,4.25,32.0,13.405073,74.74671,9.240808018891205,-13.0,5.0,0.022210861405474347,46.8519782125374,33.73342431302692,1.733424313026923,0.9213027691023905
zRYzhAEAHAABAAAKCRtcAAsAtwB1gBAQ,2020-08-18 22:18:00.000,-0.49999997,-8.200002,2.25,34.0,13.405287,74.74658,8.517777454829634,2.0,5.0,-0.7230305640615704,27.639860751477954,19.90069974106413,14.09930025893587,1.626739794419387
zRYzhAEAHAABAAAKCRtcAAsAtwB1gBAQ,2020-08-18 22:18:05.000,-0.99999994,-9.000002,3.75,29.0,13.405871,74.746284,9.80114972235421,-5.0,5.0,1.2833722675245767,72.40169300068249,52.129218960491386,23.129218960491386,0.5458390047398465
zRYzhAEAHAABAAAKCRtcAAsAtwB1gBAQ,2020-08-18 22:18:10.000,1.3000001,-9.000002,3.5,15.0,13.406056,74.74618,9.74371778429589,-14.0,5.0,-0.05743193805832014,23.445944398933634,16.881079967232218,1.8810799672322176,0.8388755057014503
zRYzhAEAHAABAAAKCRtcAAsAtwB1gBAQ,2020-08-18 22:18:15.000,-0.29999992,-9.000002,3.5,9.0,13.406204,74.74598,9.661264718037904,-6.0,5.0,-0.08245306625798676,27.181141275925114,19.570421718666083,10.570421718666083,0.43752141414938467
zRYzhAEAHAABAAAKCRtcAAsAtwB1gBAQ,2020-08-18 22:18:20.000,-2.0,-8.000002,5.75,12.0,13.406216,74.74591,10.052986223008762,3.0,5.0,0.39172150497085845,7.688223203053487,5.53552070619851,6.46447929380149,1.8361199573002334
zRYzhAEAHAABAAAKCRtcAAsAtwB1gBAQ,2020-08-18 22:18:25.000,-2.8,-10.400002,10.0,12.0,13.406252,74.745705,14.696939871959877,0.0,5.0,4.643953648951115,22.5322457680507,16.223216952996502,4.223216952996502,0.6967339511979053
zRYzhAEAHAABAAAKCRtcAAsAtwB1gBAQ,2020-08-18 22:18:30.000,2.1000001,-8.400002,4.5,12.0,13.406262,74.74563,9.758075323546342,0.0,5.0,-4.938864548413536,8.18822149527691,5.895519476599375,6.104480523400625,1.740260475040812
zRYzhAEAHAABAAAKCRtcAAsAtwB1gBAQ,2020-08-18 22:18:35.000,-2.1,-13.000002,7.0,15.0,13.406276,74.74542,14.913418521586658,3.0,5.0,5.155343198040317,22.76791575787826,16.392899345672348,1.3928993456723475,0.8624209053295222
zRYzhAEAHAABAAAKCRtcAAsAtwB1gBAQ,2020-08-18 22:18:40.000,0.40000013,-9.200002,4.75,14.0,13.406302,74.74524,10.361589496983752,-1.0,5.0,-4.551829024602906,19.683162467680773,14.171876976730157,0.17187697673015734,0.9227599209690718
zRYzhAEAHAABAAAKCRtcAAsAtwB1gBAQ,2020-08-18 22:18:45.000,1.1000001,-9.400002,6.75,10.0,13.406391,74.74512,11.624652159097236,-4.0,5.0,1.2630626621134837,16.322149681825763,11.75194777091455,1.7519477709145495,0.7841939270492179
zRYzhAEAHAABAAAKCRtcAAsAtwB1gBAQ,2020-08-18 22:18:50.000,-1.6999999,-8.400002,5.25,13.0,13.406459,74.74509,10.050499154768584,3.0,5.0,-1.574153004328652,8.22813764167588,5.924259102006634,7.075740897993366,1.877457184730801
zRYzhAEAHAABAAAKCRtcAAsAtwB1gBAQ,2020-08-18 22:18:55.000,-0.49999988,-6.0000014,9.75,13.0,13.406658,74.74503,11.45916736416752,0.0,5.0,1.408668209398936,23.059873115361533,16.603108643060306,3.603108643060306,0.7385059232208401
zRYzhAEAHAABAAAKCRtcAAsAtwB1gBAQ,2020-08-18 22:19:00.000,1.5000001,-5.8000016,-1.0,15.0,13.406656,74.744934,6.073715408216175,2.0,5.0,-5.385451955951345,10.386196960001344,7.478061811200968,7.521938188799032,1.769272309407138
zRYzhAEAHAABAAAKCRtcAAsAtwB1gBAQ,2020-08-18 22:19:11.000,5.5,-4.4000015,0.0,16.0,13.406757,74.74452,7.043437598218802,1.0,11.0,0.9697221900026278,46.167026384615404,15.109208634965041,0.8907913650349588,0.9932207324742194
zRYzhAEAHAABAAAKCRtcAAsAtwB1gBAQ,2020-08-18 22:19:16.000,0.2000001,-5.800001,5.75,16.0,13.406638,74.744354,8.169609026140787,0.0,5.0,1.1261714279219843,22.3043815261586,16.059154698834192,0.05915469883419178,0.937912826424713
zRYzhAEAHAABAAAKCRtcAAsAtwB1gBAQ,2020-08-18 22:19:21.000,2.6,-9.000002,2.25,20.0,13.40656,74.74409,9.634445287612776,4.0,5.0,1.464836261471989,29.84361017342716,21.487399324867557,1.4873993248675568,0.8893869722802102
zRYzhAEAHAABAAAKCRtcAAsAtwB1gBAQ,2020-08-18 22:19:26.000,-2.3,-7.6000013,6.75,23.0,13.406491,74.74391,10.421733049738018,3.0,5.0,0.7872877621252421,20.926881090609033,15.067354385238504,7.932645614761496,1.4314739968099977
zRYzhAEAHAABAAAKCRtcAAsAtwB1gBAQ,2020-08-18 22:19:31.000,5.8,-8.800002,6.75,23.0,13.406451,74.74352,12.515691558999206,0.0,5.0,2.0939585092611885,42.41811799702486,30.5410449578579,7.541044957857899,0.7292085608048301
zRYzhAEAHAABAAAKCRtcAAsAtwB1gBAQ,2020-08-18 22:19:36.000,-1.4,-5.0000014,3.5,19.0,13.406442,74.743324,6.261789999672774,-4.0,5.0,-6.253901559326432,21.2239161189576,15.281219605649474,3.718780394350526,1.1669887428707812
zRYzhAEAHAABAAAKCRtcAAsAtwB1gBAQ,2020-08-18 22:19:41.000,0.4000001,-9.4000025,3.75,16.0,13.406393,74.74308,10.128304254908926,-3.0,5.0,3.8665142552361518,26.948770625729836,19.403114850525483,3.4031148505254833,0.7841939878894482
zRYzhAEAHAABAAAKCRtcAAsAtwB1gBAQ,2020-08-18 22:19:46.000,1.1,-8.000002,3.75,10.0,13.406247,74.743034,8.903512340644225,-6.0,5.0,-1.224791914264701,16.979815022694545,12.225466816340072,2.225466816340072,0.7561169778631174
zRYzhAEAHAABAAAKCRtcAAsAtwB1gBAQ,2020-08-18 22:19:51.000,-0.5999999,-9.800002,4.5,12.0,13.406209,74.74299,10.800464762222225,2.0,5.0,1.8969524215779998,6.364322195427091,4.582311980707506,7.417688019292494,2.1496469637440634
zRYzhAEAHAABAAAKCRtcAAsAtwB1gBAQ,2020-08-18 22:19:56.000,-0.5,-10.800002,7.75,12.0,13.406228,74.74282,13.302351040323812,0.0,5.0,2.501886278101587,18.50901281297264,13.3264892253403,1.3264892253402998,0.837609257317189
zRYzhAEAHAABAAAKCRtcAAsAtwB1gBAQ,2020-08-18 22:20:01.000,-0.5,-10.800002,7.75,12.0,13.406233,74.74273,13.302351040323812,0.0,5.0,0.0,9.750707995864767,7.020509757022633,4.979490242977367,1.4961642543347058
zRYzhAEAHAABAAAKCRtcAAsAtwB1gBAQ,2020-08-18 22:20:03.000,-2.8,-8.800002,6.5,16.0,13.406253,74.74261,11.292919693330154,4.0,2.0,-2.009431346993658,13.168930364035749,23.70407465526435,7.70407465526435,0.6476664365402757
zRYzhAEAHAABAAAKCRtcAAsAtwB1gBAQ,2020-08-18 22:20:08.000,1.6,-5.200002,5.25,16.0,13.406249,74.74238,7.560589976979574,0.0,5.0,-3.7323297163505798,24.881909654497527,17.914974951238218,1.914974951238218,0.8458906258796078
zRYzhAEAHAABAAAKCRtcAAsAtwB1gBAQ,2020-08-18 22:20:13.000,-0.4999999,-10.800002,6.25,10.0,13.406243,74.74229,12.488096055844702,-6.0,5.0,4.927506078865128,9.757679110754458,7.02552895974321,2.97447104025679,1.2460237886076941
zRYzhAEAHAABAAAKCRtcAAsAtwB1gBAQ,2020-08-18 22:20:18.000,-2.2,-8.4000025,5.5,10.0,13.40622,74.74204,10.278620627302393,0.0,5.0,-2.2094754285423086,27.161905294909843,19.55657181233509,9.55657181233509,0.48646243601763606
zRYzhAEAHAABAAAKCRtcAAsAtwB1gBAQ,2020-08-18 22:20:23.000,9.685755e-08,-8.600002,4.0,11.0,13.40622,74.74204,9.484726374545764,1.0,5.0,-0.7938942527566297,0.0,0.0,11.0,11.0
zRYzhAEAHAABAAAKCRtcAAsAtwB1gBAQ,2020-08-18 22:20:28.000,0.5,-8.600002,3.5,4.0,13.406102,74.74185,9.298388806669896,-7.0,5.0,-0.1863375678758672,24.382748724783717,17.555579081844275,13.555579081844275,0.21556858895952236
zRYzhAEAHAABAAAKCRtcAAsAtwB1gBAQ,2020-08-18 22:20:33.000,0.3000001,-8.000003,4.25,1.0,13.406102,74.74185,9.063804281868016,-3.0,5.0,-0.23458452480188008,0.0,0.0,1.0,1.0
zRYzhAEAHAABAAAKCRtcAAsAtwB1gBAQ,2020-08-18 22:21:01.000,0.6000001,-8.000003,3.75,1.0,13.406102,74.74185,8.85565063222398,0.0,28.0,-0.2081536496440357,0.0,0.0,1.0,1.0
